[{"@type":"mtTask","id":"@1","name":"s_m_OSC_UpdateOLIProductNameBI","description":"Session pushed from PC to ICS : s_m_OSC_UpdateOLIProductNameBI","autoExpireObject":false,"runtimeEnvironmentId":"@4XHzTDjn3M2cETJn1ZRVcd","maxLogs":10,"verbose":false,"mappingId":"@4dChXUwy8OZl0As304jHgR","frsGuid":"6nEY7K0Z3IVkxpwiPGSr0a","shortDescription":"Session pushed from PC to ICS : s_m_OSC_UpdateOLIP...","sessionPropertiesList":[{"name":"Allow Temporary Sequence for Pushdown","value":"NO","recommended":false},{"name":"Allow Temporary View for Pushdown","value":"NO","recommended":false},{"name":"Custom Properties","value":"UseFixedWidthConfigMetadata=yes","recommended":false},{"name":"Data Column Delimiter","value":"|","recommended":false},{"name":"Error Log File Name","value":"PMError.log","recommended":false},{"name":"Pushdown Optimization","value":"None","recommended":false},{"name":"Session Log File directory","value":"D:\\CRM\\SessLogs\\","recommended":false}],"hidden":false,"enableCrossSchemaPushdown":false,"enableParallelRun":false,"autoTunedApplied":false,"autoTunedAppliedType":"NONE","parameterFileName":"","parameterFileDir":"","schemaMode":"async","valid":true,"schemaValidationErrorCount":-1,"serverlessProperties":{},"taskProperties":[{"@type":"taskProperty","name":"parameterFileDir","currentValue":"","type":"STRING","label":"label.parameterFileDir","required":false},{"@type":"taskProperty","name":"parameterFileName","currentValue":"","type":"STRING","label":"label.parameterFileName","required":false},{"@type":"taskProperty","name":"outboundMessageUrlQueueTime","currentValue":"","type":"NUMBER","label":"label.outboundMessageUrlQueueTime","required":false},{"@type":"taskProperty","name":"outboundMessageUrlToken","currentValue":"","type":"STRING","label":"label.outboundMessageUrlToken","required":false}],"optimizationPlan":"NONE","isMidstreamPreview":false,"allowMaxFieldLength":false,"specialCharacterSupport":true,"useUserDefinedOrder":false,"parameters":[{"@type":"mtTaskParameter","id":14492858,"name":"$SQ_T_OSC_OLI_PRODUCT$","type":"EXTENDED_SOURCE","label":"SQ_T_OSC_OLI_PRODUCT","uiProperties":{"cnxtype":"Oracle","connectionParameterized":"true","paramName":"SQ_T_OSC_OLI_PRODUCTSrcParameter","paramLabel":"","paramType-mapping":"Connection","logcnx":"SQ_T_OSC_OLI_PRODUCTSrcParameter","isSelectDistinct":"false","isMsrcFilterParameterized":"true","isMsrcSortParameterized":"false","msrcFilterDefault":"PRODUCT_NAME != OLI_PRODUCTNAMEBI OR\r\n(PRODUCT_NAME IS NOT NULL AND OLI_PRODUCTNAMEBI IS NULL)","msrcFilterParamDesc":"","isFFRetainMetaData":"true","objectParameterized":"false","isCustomQueryRetainMetaData":"true","flags":"SUPPORTS_MULTI_SCHEMA","originalPath":"SQ_T_OSC_OLI_PRODUCT"},"sourceConnectionId":"@0Jc0mSYEs3QgEw3dghX2aW","newFlatFile":false,"newObject":false,"showBusinessNames":true,"naturalOrder":true,"truncateTarget":false,"bulkApiDBTarget":false,"srcFFAttrs":{"@type":"flatFileAttrs","id":12247215,"delimiter":"|","textQualifier":"NONE","escapeChar":"","headerLineNo":1,"firstDataRow":2,"rowDelimiter":0,"consecutiveDelimiter":false,"multiDelimitersAsAnd":false,"firstDataRowAsHeader":false,"codePage":"","customRowDelimiter":"","headerAndDataDelimiter":0},"customFuncCfg":{"@type":"customFuncConfig","id":-1,"connections":[],"inputMap":[],"outputFields":[]},"targetRefsV2":{},"targetUpdateColumns":[],"fieldOrderList":[],"extendedObject":{"@type":"extendedObject","object":{"@type":"mObject","name":"T_OSC_OLI_PRODUCT","label":"T_OSC_OLI_PRODUCT","metadataUpdated":false,"dbSchema":"","relations":[],"children":[]},"advancedFilterExpression":"PRODUCT_NAME != OLI_PRODUCTNAMEBI OR\r\n(PRODUCT_NAME IS NOT NULL AND OLI_PRODUCTNAMEBI IS NULL)","singleMode":true,"objects":[{"@type":"mObject","name":"T_OSC_OLI_PRODUCT","label":"T_OSC_OLI_PRODUCT","metadataUpdated":false,"dbSchema":"","relations":[],"children":[]}],"filters":[],"sortFields":[]},"runtimeAttrs":{},"isRESTModernSource":true,"commandType":0,"isFileList":false,"handleSpecialChars":false,"handleDecimalRoundOff":false,"frsAsset":false,"dynamicFileName":false,"excludeDynamicFileNameField":false,"currentlyProcessedFileName":false,"retainFieldMetadata":false,"useExactSrcNames":false,"userUpdated":true,"fetchMode":"ORIGINAL","tgtObjectAttributes":{},"runtimeParameterData":{"@type":"mtTaskRuntimeParameterData","isConnectionRuntimeParameter":false,"isObjectRuntimeParameter":false},"overridableProperties":[],"overriddenFields":[]},{"@type":"mtTaskParameter","id":14492859,"name":"$ff_tgt_osc_oli_update$","type":"TARGET","label":"ff_tgt_osc_oli_update","uiProperties":{"cnxtype":"CSVFile","connectionParameterized":"true","paramName":"ff_tgt_osc_oli_updateTgtParameter","paramLabel":"","paramType-mapping":"Connection","logcnx":"ff_tgt_osc_oli_updateTgtParameter","default":"OLIProductNameBIUpdate-Opportunities.csv","objectParameterized":"false","visible":"false","defaultTargetUpdateColumns":"","supportApplyDDLChanges":"false","originalPath":"ff_tgt_osc_oli_update"},"targetConnectionId":"@3mmYdjS0UHulG5fd91NWqT","targetObject":"OLIProductNameBIUpdate-Opportunities.csv","targetObjectLabel":"OLIProductNameBIUpdate-Opportunities.csv","newFlatFile":false,"newObject":true,"showBusinessNames":true,"naturalOrder":true,"newObjectName":"OLIProductNameBIUpdate-Opportunities.csv","truncateTarget":false,"bulkApiDBTarget":false,"operationType":"Insert","tgtFFAttrs":{"@type":"flatFileAttrs","id":12247216,"delimiter":"|","textQualifier":"NONE","escapeChar":"","headerLineNo":1,"rowDelimiter":0,"consecutiveDelimiter":false,"multiDelimitersAsAnd":false,"codePage":""},"customFuncCfg":{"@type":"customFuncConfig","id":-1,"connections":[],"inputMap":[],"outputFields":[]},"targetRefsV2":{},"targetUpdateColumns":[],"fieldOrderList":[],"extendedObject":{"@type":"extendedObject","object":{"@type":"mObject","name":"OLIProductNameBIUpdate-Opportunities.csv","label":"OLIProductNameBIUpdate-Opportunities.csv","metadataUpdated":false,"relations":[],"children":[]},"singleMode":true,"objects":[{"@type":"mObject","name":"OLIProductNameBIUpdate-Opportunities.csv","label":"OLIProductNameBIUpdate-Opportunities.csv","metadataUpdated":false,"relations":[],"children":[]}],"filters":[],"sortFields":[]},"runtimeAttrs":{},"isRESTModernSource":true,"commandType":0,"isFileList":false,"handleSpecialChars":false,"handleDecimalRoundOff":false,"frsAsset":false,"dynamicFileName":false,"excludeDynamicFileNameField":false,"currentlyProcessedFileName":false,"retainFieldMetadata":false,"objectName":"OLIProductNameBIUpdate-Opportunities.csv","objectLabel":"OLIProductNameBIUpdate-Opportunities.csv","useExactSrcNames":false,"userUpdated":true,"fetchMode":"ORIGINAL","tgtObjectAttributes":{},"runtimeParameterData":{"@type":"mtTaskRuntimeParameterData","isConnectionRuntimeParameter":false,"isObjectRuntimeParameter":false},"overridableProperties":[],"overriddenFields":[]}],"sequences":[],"inOutParameters":[],"connRuntimeAttrs":[]}]