[{"@type":"mtTask","id":"@1","name":"s_m_OSC_OSCToSiebel_OLIAlternate","description":"Session pushed from PC to ICS : s_m_OSC_OSCToSiebel_OLIAlternate","autoExpireObject":false,"runtimeEnvironmentId":"@4XHzTDjn3M2cETJn1ZRVcd","maxLogs":10,"verbose":false,"mappingId":"@2aUCcqr5WKEfryulWwQlKm","frsGuid":"0qeK4tsrhTVcffiUW7eDIc","shortDescription":"Session pushed from PC to ICS : s_m_OSC_OSCToSiebe...","sessionPropertiesList":[{"name":"Allow Temporary Sequence for Pushdown","value":"NO","recommended":false},{"name":"Allow Temporary View for Pushdown","value":"NO","recommended":false},{"name":"Custom Properties","value":"UseFixedWidthConfigMetadata=yes","recommended":false},{"name":"Data Column Delimiter","value":"|","recommended":false},{"name":"Error Log File Name","value":"PMError.log","recommended":false},{"name":"Pushdown Optimization","value":"None","recommended":false},{"name":"Session Log File directory","value":"D:\\CRM\\SessLogs\\","recommended":false}],"hidden":false,"enableCrossSchemaPushdown":false,"enableParallelRun":false,"autoTunedApplied":false,"autoTunedAppliedType":"NONE","parameterFileName":"","parameterFileDir":"","schemaMode":"async","valid":true,"schemaValidationErrorCount":-1,"serverlessProperties":{},"taskProperties":[{"@type":"taskProperty","name":"parameterFileDir","currentValue":"","type":"STRING","label":"label.parameterFileDir","required":false},{"@type":"taskProperty","name":"parameterFileName","currentValue":"","type":"STRING","label":"label.parameterFileName","required":false},{"@type":"taskProperty","name":"outboundMessageUrlQueueTime","currentValue":"","type":"NUMBER","label":"label.outboundMessageUrlQueueTime","required":false},{"@type":"taskProperty","name":"outboundMessageUrlToken","currentValue":"","type":"STRING","label":"label.outboundMessageUrlToken","required":false}],"optimizationPlan":"NONE","isMidstreamPreview":false,"allowMaxFieldLength":false,"specialCharacterSupport":true,"useUserDefinedOrder":false,"parameters":[{"@type":"mtTaskParameter","id":14492778,"name":"$SQ_T_OSC_OPTY_REVENUE$","type":"EXTENDED_SOURCE","label":"SQ_T_OSC_OPTY_REVENUE","uiProperties":{"cnxtype":"Oracle","connectionParameterized":"true","paramName":"Target","paramLabel":"","paramType-mapping":"Connection","logcnx":"Target","isSelectDistinct":"false","isMsrcFilterParameterized":"true","isMsrcSortParameterized":"false","msrcFilterDefault":"T_OSC_OPTY_REVENUE.PROCESSED_STATUS = 'PROCESSED: Step 1' AND\r\nT_OSC_OPTY_REVENUE.ALTERNATEFLAG = 'Y'","msrcFilterParamDesc":"","isFFRetainMetaData":"true","objectParameterized":"false","isCustomQueryRetainMetaData":"true","flags":"SUPPORTS_MULTI_SCHEMA","originalPath":"SQ_T_OSC_OPTY_REVENUE"},"sourceConnectionId":"@1WJdDPsrEsGgfVqMmD3JYu","newFlatFile":false,"newObject":false,"showBusinessNames":true,"naturalOrder":true,"truncateTarget":false,"bulkApiDBTarget":false,"srcFFAttrs":{"@type":"flatFileAttrs","id":12247142,"delimiter":"|","textQualifier":"NONE","escapeChar":"","headerLineNo":1,"firstDataRow":2,"rowDelimiter":0,"consecutiveDelimiter":false,"multiDelimitersAsAnd":false,"firstDataRowAsHeader":false,"codePage":"","customRowDelimiter":"","headerAndDataDelimiter":0},"customFuncCfg":{"@type":"customFuncConfig","id":-1,"connections":[],"inputMap":[],"outputFields":[]},"targetRefsV2":{},"targetUpdateColumns":[],"fieldOrderList":[],"extendedObject":{"@type":"extendedObject","object":{"@type":"mObject","name":"T_OSC_OPTY","label":"T_OSC_OPTY","metadataUpdated":false,"dbSchema":"","relations":[],"children":[]},"userDefinedJoin":"T_OSC_OPTY.OPPORTUNITYID = T_OSC_OPTY_REVENUE.OPTYID","advancedFilterExpression":"T_OSC_OPTY_REVENUE.PROCESSED_STATUS = 'PROCESSED: Step 1' AND\r\nT_OSC_OPTY_REVENUE.ALTERNATEFLAG = 'Y'","singleMode":false,"objects":[{"@type":"mObject","name":"T_OSC_OPTY","label":"T_OSC_OPTY","metadataUpdated":false,"dbSchema":"","relations":[],"children":[]},{"@type":"mObject","name":"T_OSC_OPTY_REVENUE","label":"T_OSC_OPTY_REVENUE","metadataUpdated":false,"dbSchema":"","relations":[],"children":[]}],"filters":[],"sortFields":[]},"runtimeAttrs":{},"isRESTModernSource":true,"commandType":0,"isFileList":false,"handleSpecialChars":false,"handleDecimalRoundOff":false,"frsAsset":false,"dynamicFileName":false,"excludeDynamicFileNameField":false,"currentlyProcessedFileName":false,"retainFieldMetadata":false,"useExactSrcNames":false,"userUpdated":true,"fetchMode":"ORIGINAL","tgtObjectAttributes":{},"runtimeParameterData":{"@type":"mtTaskRuntimeParameterData","isConnectionRuntimeParameter":false,"isObjectRuntimeParameter":false},"overridableProperties":[],"overriddenFields":[]},{"@type":"mtTaskParameter","id":14492779,"name":"$T_OSC_ERROR_LOG$","type":"TARGET","label":"T_OSC_ERROR_LOG","uiProperties":{"cnxtype":"Oracle","connectionParameterized":"true","paramName":"Target","paramLabel":"","paramType-mapping":"Connection","logcnx":"Target","default":"T_OSC_ERROR_LOG","objectParameterized":"false","visible":"false","flags":"SUPPORTS_MULTI_SCHEMA","defaultTargetUpdateColumns":"","supportApplyDDLChanges":"false","originalPath":"T_OSC_ERROR_LOG"},"targetConnectionId":"@1WJdDPsrEsGgfVqMmD3JYu","targetObject":"T_OSC_ERROR_LOG","targetObjectLabel":"T_OSC_ERROR_LOG","newFlatFile":false,"newObject":false,"showBusinessNames":true,"naturalOrder":true,"truncateTarget":false,"bulkApiDBTarget":false,"operationType":"Insert","tgtFFAttrs":{"@type":"flatFileAttrs","id":12247143,"delimiter":"|","textQualifier":"NONE","escapeChar":"","headerLineNo":1,"rowDelimiter":0,"consecutiveDelimiter":false,"multiDelimitersAsAnd":false,"codePage":""},"customFuncCfg":{"@type":"customFuncConfig","id":-1,"connections":[],"inputMap":[],"outputFields":[]},"targetRefsV2":{},"targetUpdateColumns":[],"fieldOrderList":[],"extendedObject":{"@type":"extendedObject","singleMode":true,"filters":[],"sortFields":[]},"runtimeAttrs":{"INSERT":"YES"},"isRESTModernSource":true,"commandType":0,"isFileList":false,"handleSpecialChars":false,"handleDecimalRoundOff":false,"frsAsset":false,"dynamicFileName":false,"excludeDynamicFileNameField":false,"currentlyProcessedFileName":false,"retainFieldMetadata":false,"objectName":"T_OSC_ERROR_LOG","objectLabel":"T_OSC_ERROR_LOG","useExactSrcNames":false,"userUpdated":true,"fetchMode":"ORIGINAL","tgtObjectAttributes":{},"runtimeParameterData":{"@type":"mtTaskRuntimeParameterData","isConnectionRuntimeParameter":false,"isObjectRuntimeParameter":false},"overridableProperties":[],"overriddenFields":[]},{"@type":"mtTaskParameter","id":14492780,"name":"$T_OSC_OPTY_REVENUE_Tgt$","type":"TARGET","label":"T_OSC_OPTY_REVENUE_Tgt","uiProperties":{"cnxtype":"Oracle","connectionParameterized":"true","paramName":"Target","paramLabel":"","paramType-mapping":"Connection","logcnx":"Target","default":"T_OSC_OPTY_REVENUE","objectParameterized":"false","visible":"false","flags":"SUPPORTS_MULTI_SCHEMA","defaultTargetUpdateColumns":"OPPORTUNITYLINENUMBER","supportApplyDDLChanges":"false","originalPath":"T_OSC_OPTY_REVENUE_Tgt"},"targetConnectionId":"@1WJdDPsrEsGgfVqMmD3JYu","targetObject":"T_OSC_OPTY_REVENUE","targetObjectLabel":"T_OSC_OPTY_REVENUE","newFlatFile":false,"newObject":false,"showBusinessNames":true,"naturalOrder":true,"truncateTarget":false,"bulkApiDBTarget":false,"operationType":"Rowbased","tgtFFAttrs":{"@type":"flatFileAttrs","id":12247144,"delimiter":"|","textQualifier":"NONE","escapeChar":"","headerLineNo":1,"rowDelimiter":0,"consecutiveDelimiter":false,"multiDelimitersAsAnd":false,"codePage":""},"customFuncCfg":{"@type":"customFuncConfig","id":-1,"connections":[],"inputMap":[],"outputFields":[]},"targetRefsV2":{},"targetUpdateColumns":["OPPORTUNITYLINENUMBER"],"fieldOrderList":[],"extendedObject":{"@type":"extendedObject","singleMode":true,"filters":[],"sortFields":[]},"runtimeAttrs":{"Forward Rejected Rows":"YES"},"isRESTModernSource":true,"commandType":0,"isFileList":false,"handleSpecialChars":false,"handleDecimalRoundOff":false,"frsAsset":false,"dynamicFileName":false,"excludeDynamicFileNameField":false,"currentlyProcessedFileName":false,"retainFieldMetadata":false,"objectName":"T_OSC_OPTY_REVENUE","objectLabel":"T_OSC_OPTY_REVENUE","useExactSrcNames":false,"userUpdated":true,"fetchMode":"ORIGINAL","tgtObjectAttributes":{},"runtimeParameterData":{"@type":"mtTaskRuntimeParameterData","isConnectionRuntimeParameter":false,"isObjectRuntimeParameter":false},"overridableProperties":[],"overriddenFields":[]},{"@type":"mtTaskParameter","id":14492781,"name":"$ff_tgt_siebel_oli$","type":"TARGET","label":"ff_tgt_siebel_oli","uiProperties":{"cnxtype":"CSVFile","connectionParameterized":"true","paramName":"ff_tgt_siebel_oliTgtParameter","paramLabel":"","paramType-mapping":"Connection","logcnx":"ff_tgt_siebel_oliTgtParameter","default":"osc_osctosiebel_olialt.csv","objectParameterized":"false","visible":"false","defaultTargetUpdateColumns":"","supportApplyDDLChanges":"false","originalPath":"ff_tgt_siebel_oli"},"targetConnectionId":"@3mmYdjS0UHulG5fd91NWqT","targetObject":"osc_osctosiebel_olialt.csv","targetObjectLabel":"osc_osctosiebel_olialt.csv","newFlatFile":false,"newObject":true,"showBusinessNames":true,"naturalOrder":true,"newObjectName":"osc_osctosiebel_olialt.csv","truncateTarget":false,"bulkApiDBTarget":false,"operationType":"Insert","tgtFFAttrs":{"@type":"flatFileAttrs","id":12247145,"delimiter":"|","textQualifier":"NONE","escapeChar":"","headerLineNo":1,"rowDelimiter":10,"consecutiveDelimiter":false,"multiDelimitersAsAnd":false,"codePage":""},"customFuncCfg":{"@type":"customFuncConfig","id":-1,"connections":[],"inputMap":[],"outputFields":[]},"targetRefsV2":{},"targetUpdateColumns":[],"fieldOrderList":[],"extendedObject":{"@type":"extendedObject","object":{"@type":"mObject","name":"osc_osctosiebel_olialt.csv","label":"osc_osctosiebel_olialt.csv","metadataUpdated":false,"relations":[],"children":[]},"singleMode":true,"objects":[{"@type":"mObject","name":"osc_osctosiebel_olialt.csv","label":"osc_osctosiebel_olialt.csv","metadataUpdated":false,"relations":[],"children":[]}],"filters":[],"sortFields":[]},"runtimeAttrs":{},"isRESTModernSource":true,"commandType":0,"isFileList":false,"handleSpecialChars":false,"handleDecimalRoundOff":false,"frsAsset":false,"dynamicFileName":false,"excludeDynamicFileNameField":false,"currentlyProcessedFileName":false,"retainFieldMetadata":false,"objectName":"osc_osctosiebel_olialt.csv","objectLabel":"osc_osctosiebel_olialt.csv","useExactSrcNames":false,"userUpdated":true,"fetchMode":"ORIGINAL","tgtObjectAttributes":{},"runtimeParameterData":{"@type":"mtTaskRuntimeParameterData","isConnectionRuntimeParameter":false,"isObjectRuntimeParameter":false},"overridableProperties":[],"overriddenFields":[]},{"@type":"mtTaskParameter","id":14492782,"name":"$LKP_ACCOUNT$","type":"LOOKUP","label":"LKP_ACCOUNT","uiProperties":{"cnxtype":"Oracle","connectionParameterized":"true","paramName":"Source","paramLabel":"","paramType-mapping":"Connection","logcnx":"Source","isCachedLookup":"true","multipleMatchPolicy":"Use First Value","objectParameterized":"false","visible":"false","flags":"SUPPORTS_MULTI_SCHEMA","originalPath":"LKP_ACCOUNT"},"lookupConnectionId":"@jkubLgx4vKuidXXRGSETgQ","lookupObject":"DUMMY_LKP_ACCOUNT","newFlatFile":false,"newObject":false,"showBusinessNames":true,"naturalOrder":true,"truncateTarget":false,"bulkApiDBTarget":false,"lkpFFAttrs":{"@type":"flatFileAttrs","id":12247146,"delimiter":"|","textQualifier":"NONE","escapeChar":"","headerLineNo":1,"firstDataRow":2,"rowDelimiter":0,"consecutiveDelimiter":false,"multiDelimitersAsAnd":false,"firstDataRowAsHeader":false,"codePage":"","customRowDelimiter":"","headerAndDataDelimiter":0},"customFuncCfg":{"@type":"customFuncConfig","id":-1,"connections":[],"inputMap":[],"outputFields":[]},"targetRefsV2":{},"targetUpdateColumns":[],"fieldOrderList":[],"runtimeAttrs":{"Lookup source is static":"false","Case Sensitive String Comparison":"false","Lookup Data Cache Size":"AUTO","Output Old Value On Update":"false","Lookup Source Filter":"","Pre-build lookup cache":"AUTO","Synchronize dynamic cache":"false","Null ordering":"Null Is Highest Value","Thousand Separator":"None","Cache File Name Prefix":"","Lookup Index Cache Size":"AUTO","Optional":"true","Lookup cache persistent":"false","Update Dynamic Cache Condition":"TRUE","Decimal Separator":".","Re-cache from lookup source":"false","Insert Else Update":"false","Lookup caching enabled":"true","Tracing Level":"Normal","Datetime Format":"","Subsecond Precision":"6","Sorted Input":"false","Lookup cache directory name":"$PMCacheDir","Dynamic Lookup Cache":"false"},"isRESTModernSource":true,"customQuery":"SELECT \r\nSIEBEL.S_ORG_EXT.ROW_ID as ROW_ID, SIEBEL.S_ORG_EXT.INTEGRATION_ID as INTEGRATION_ID \r\nFROM \r\nSIEBEL.S_ORG_EXT\r\n--","commandType":0,"isFileList":false,"handleSpecialChars":false,"handleDecimalRoundOff":false,"frsAsset":false,"dynamicFileName":false,"excludeDynamicFileNameField":false,"currentlyProcessedFileName":false,"retainFieldMetadata":false,"objectName":"DUMMY_LKP_ACCOUNT","useExactSrcNames":false,"userUpdated":true,"fetchMode":"ORIGINAL","tgtObjectAttributes":{},"runtimeParameterData":{"@type":"mtTaskRuntimeParameterData","isConnectionRuntimeParameter":false,"isObjectRuntimeParameter":false},"overridableProperties":[],"overriddenFields":[]},{"@type":"mtTaskParameter","id":14492783,"name":"$LKP_FF_SIEBEL_ROW_ID$","type":"LOOKUP","label":"LKP_FF_SIEBEL_ROW_ID","uiProperties":{"cnxtype":"CSVFile","connectionParameterized":"true","paramName":"LKP_FF_SIEBEL_ROW_IDLookupParameter","paramLabel":"","paramType-mapping":"Connection","logcnx":"LKP_FF_SIEBEL_ROW_IDLookupParameter","isCachedLookup":"true","multipleMatchPolicy":"Use Any Value","default":"osc_osctosiebel_opty_results.txt","objectParameterized":"false","visible":"false","isFFRetainMetaData":"true","isCustomQueryRetainMetaData":"true","originalPath":"LKP_FF_SIEBEL_ROW_ID"},"lookupConnectionId":"@2dr3rS2eKaufp2EVuGRHw9","lookupObject":"osc_osctosiebel_opty_results.txt","lookupObjectLabel":"","newFlatFile":false,"newObject":false,"showBusinessNames":true,"naturalOrder":true,"truncateTarget":false,"bulkApiDBTarget":false,"lkpFFAttrs":{"@type":"flatFileAttrs","id":12247147,"delimiter":"|","textQualifier":"NONE","escapeChar":"","headerLineNo":2147483647,"firstDataRow":1,"rowDelimiter":10,"consecutiveDelimiter":false,"multiDelimitersAsAnd":false,"firstDataRowAsHeader":false,"codePage":"","customRowDelimiter":"","headerAndDataDelimiter":0},"customFuncCfg":{"@type":"customFuncConfig","id":-1,"connections":[],"inputMap":[],"outputFields":[]},"targetRefsV2":{},"targetUpdateColumns":[],"fieldOrderList":[],"runtimeAttrs":{"Lookup source is static":"true","Case Sensitive String Comparison":"true","Lookup Data Cache Size":"AUTO","Output Old Value On Update":"false","Lookup Source Filter":"","Pre-build lookup cache":"AUTO","Synchronize dynamic cache":"false","Null ordering":"Null Is Highest Value","Lookup source filename":"osc_osctosiebel_opty_results.txt","Thousand Separator":"None","Cache File Name Prefix":"","Lookup Index Cache Size":"AUTO","Optional":"true","Lookup cache persistent":"false","Update Dynamic Cache Condition":"TRUE","Decimal Separator":".","Re-cache from lookup source":"false","Insert Else Update":"false","Lookup caching enabled":"true","Tracing Level":"Normal","Datetime Format":"A  19 mm/dd/yyyy hh24:mi:ss","Subsecond Precision":"0","Sorted Input":"false","Lookup cache directory name":"$PMCacheDir","Dynamic Lookup Cache":"false"},"isRESTModernSource":true,"commandType":0,"isFileList":false,"handleSpecialChars":false,"handleDecimalRoundOff":false,"frsAsset":false,"dynamicFileName":false,"excludeDynamicFileNameField":false,"currentlyProcessedFileName":false,"retainFieldMetadata":false,"objectName":"osc_osctosiebel_opty_results.txt","objectLabel":"","useExactSrcNames":false,"userUpdated":true,"fetchMode":"ORIGINAL","tgtObjectAttributes":{},"runtimeParameterData":{"@type":"mtTaskRuntimeParameterData","isConnectionRuntimeParameter":false,"isObjectRuntimeParameter":false},"overridableProperties":[],"overriddenFields":[]},{"@type":"mtTaskParameter","id":14492784,"name":"$LKP_S_OPTY$","type":"LOOKUP","label":"LKP_S_OPTY","uiProperties":{"cnxtype":"Oracle","connectionParameterized":"true","paramName":"Source","paramLabel":"","paramType-mapping":"Connection","logcnx":"Source","isCachedLookup":"true","multipleMatchPolicy":"Use Any Value","objectParameterized":"false","visible":"false","flags":"SUPPORTS_MULTI_SCHEMA","originalPath":"LKP_S_OPTY"},"lookupConnectionId":"@jkubLgx4vKuidXXRGSETgQ","lookupObject":"DUMMY_LKP_S_OPTY","newFlatFile":false,"newObject":false,"showBusinessNames":true,"naturalOrder":true,"truncateTarget":false,"bulkApiDBTarget":false,"lkpFFAttrs":{"@type":"flatFileAttrs","id":12247148,"delimiter":"|","textQualifier":"NONE","escapeChar":"","headerLineNo":1,"firstDataRow":2,"rowDelimiter":0,"consecutiveDelimiter":false,"multiDelimitersAsAnd":false,"firstDataRowAsHeader":false,"codePage":"","customRowDelimiter":"","headerAndDataDelimiter":0},"customFuncCfg":{"@type":"customFuncConfig","id":-1,"connections":[],"inputMap":[],"outputFields":[]},"targetRefsV2":{},"targetUpdateColumns":[],"fieldOrderList":[],"runtimeAttrs":{"Lookup source is static":"false","Case Sensitive String Comparison":"false","Lookup Data Cache Size":"AUTO","Output Old Value On Update":"false","Lookup Source Filter":"","Pre-build lookup cache":"AUTO","Synchronize dynamic cache":"false","Null ordering":"Null Is Highest Value","Thousand Separator":"None","Cache File Name Prefix":"","Lookup Index Cache Size":"AUTO","Optional":"true","Lookup cache persistent":"false","Update Dynamic Cache Condition":"TRUE","Decimal Separator":".","Re-cache from lookup source":"false","Insert Else Update":"false","Lookup caching enabled":"true","Tracing Level":"Normal","Datetime Format":"","Subsecond Precision":"6","Sorted Input":"false","Lookup cache directory name":"$PMCacheDir","Dynamic Lookup Cache":"false"},"isRESTModernSource":true,"customQuery":"SELECT \r\nSIEBEL.S_OPTY.STATUS_CD as STATUS_CD, SIEBEL.S_OPTY.ROW_ID as ROW_ID, SIEBEL.S_OPTY.INTEGRATION_ID as INTEGRATION_ID FROM \r\nSIEBEL.S_OPTY\r\nWHERE \r\nINTEGRATION_ID IS NOT NULL AND\r\nSTATUS_CD IN ('Active','Alternate')\r\n--","commandType":0,"isFileList":false,"handleSpecialChars":false,"handleDecimalRoundOff":false,"frsAsset":false,"dynamicFileName":false,"excludeDynamicFileNameField":false,"currentlyProcessedFileName":false,"retainFieldMetadata":false,"objectName":"DUMMY_LKP_S_OPTY","useExactSrcNames":false,"userUpdated":true,"fetchMode":"ORIGINAL","tgtObjectAttributes":{},"runtimeParameterData":{"@type":"mtTaskRuntimeParameterData","isConnectionRuntimeParameter":false,"isObjectRuntimeParameter":false},"overridableProperties":[],"overriddenFields":[]},{"@type":"mtTaskParameter","id":14492785,"name":"$LKP_S_PROD_INT$","type":"LOOKUP","label":"LKP_S_PROD_INT","uiProperties":{"cnxtype":"Oracle","connectionParameterized":"true","paramName":"Source","paramLabel":"","paramType-mapping":"Connection","logcnx":"Source","isCachedLookup":"true","multipleMatchPolicy":"Use Any Value","objectParameterized":"false","visible":"false","flags":"SUPPORTS_MULTI_SCHEMA","originalPath":"LKP_S_PROD_INT"},"lookupConnectionId":"@jkubLgx4vKuidXXRGSETgQ","lookupObject":"DUMMY_LKP_S_PROD_INT","newFlatFile":false,"newObject":false,"showBusinessNames":true,"naturalOrder":true,"truncateTarget":false,"bulkApiDBTarget":false,"lkpFFAttrs":{"@type":"flatFileAttrs","id":12247149,"delimiter":"|","textQualifier":"NONE","escapeChar":"","headerLineNo":1,"firstDataRow":2,"rowDelimiter":0,"consecutiveDelimiter":false,"multiDelimitersAsAnd":false,"firstDataRowAsHeader":false,"codePage":"","customRowDelimiter":"","headerAndDataDelimiter":0},"customFuncCfg":{"@type":"customFuncConfig","id":-1,"connections":[],"inputMap":[],"outputFields":[]},"targetRefsV2":{},"targetUpdateColumns":[],"fieldOrderList":[],"runtimeAttrs":{"Lookup source is static":"false","Case Sensitive String Comparison":"false","Lookup Data Cache Size":"AUTO","Output Old Value On Update":"false","Lookup Source Filter":"","Pre-build lookup cache":"AUTO","Synchronize dynamic cache":"false","Null ordering":"Null Is Highest Value","Thousand Separator":"None","Cache File Name Prefix":"","Lookup Index Cache Size":"AUTO","Optional":"true","Lookup cache persistent":"false","Update Dynamic Cache Condition":"TRUE","Decimal Separator":".","Re-cache from lookup source":"false","Insert Else Update":"false","Lookup caching enabled":"true","Tracing Level":"Normal","Datetime Format":"","Subsecond Precision":"6","Sorted Input":"false","Lookup cache directory name":"$PMCacheDir","Dynamic Lookup Cache":"false"},"isRESTModernSource":true,"customQuery":"SELECT \r\nSIEBEL.S_PROD_INT.ROW_ID as ROW_ID, SIEBEL.S_PROD_INT.PART_NUM as PART_NUM \r\nFROM \r\nSIEBEL.S_PROD_INT\r\nWHERE \r\nORDERABLE_FLG = 'Y'\r\n--","commandType":0,"isFileList":false,"handleSpecialChars":false,"handleDecimalRoundOff":false,"frsAsset":false,"dynamicFileName":false,"excludeDynamicFileNameField":false,"currentlyProcessedFileName":false,"retainFieldMetadata":false,"objectName":"DUMMY_LKP_S_PROD_INT","useExactSrcNames":false,"userUpdated":true,"fetchMode":"ORIGINAL","tgtObjectAttributes":{},"runtimeParameterData":{"@type":"mtTaskRuntimeParameterData","isConnectionRuntimeParameter":false,"isObjectRuntimeParameter":false},"overridableProperties":[],"overriddenFields":[]},{"@type":"mtTaskParameter","id":14492786,"name":"$LKP_T_OSC_ORG$","type":"LOOKUP","label":"LKP_T_OSC_ORG","uiProperties":{"cnxtype":"Oracle","connectionParameterized":"true","paramName":"Target","paramLabel":"","paramType-mapping":"Connection","logcnx":"Target","isCachedLookup":"true","multipleMatchPolicy":"Use First Value","objectParameterized":"false","visible":"false","flags":"SUPPORTS_MULTI_SCHEMA","originalPath":"LKP_T_OSC_ORG"},"lookupConnectionId":"@1WJdDPsrEsGgfVqMmD3JYu","lookupObject":"DUMMY_LKP_T_OSC_ORG","newFlatFile":false,"newObject":false,"showBusinessNames":true,"naturalOrder":true,"truncateTarget":false,"bulkApiDBTarget":false,"lkpFFAttrs":{"@type":"flatFileAttrs","id":12247150,"delimiter":"|","textQualifier":"NONE","escapeChar":"","headerLineNo":1,"firstDataRow":2,"rowDelimiter":0,"consecutiveDelimiter":false,"multiDelimitersAsAnd":false,"firstDataRowAsHeader":false,"codePage":"","customRowDelimiter":"","headerAndDataDelimiter":0},"customFuncCfg":{"@type":"customFuncConfig","id":-1,"connections":[],"inputMap":[],"outputFields":[]},"targetRefsV2":{},"targetUpdateColumns":[],"fieldOrderList":[],"runtimeAttrs":{"Lookup source is static":"false","Case Sensitive String Comparison":"false","Lookup Data Cache Size":"AUTO","Output Old Value On Update":"false","Lookup Source Filter":"","Pre-build lookup cache":"AUTO","Synchronize dynamic cache":"false","Null ordering":"Null Is Highest Value","Thousand Separator":"None","Cache File Name Prefix":"","Lookup Index Cache Size":"AUTO","Optional":"true","Lookup cache persistent":"false","Update Dynamic Cache Condition":"TRUE","Decimal Separator":".","Re-cache from lookup source":"false","Insert Else Update":"false","Lookup caching enabled":"true","Tracing Level":"Normal","Datetime Format":"","Subsecond Precision":"6","Sorted Input":"false","Lookup cache directory name":"$PMCacheDir","Dynamic Lookup Cache":"false"},"isRESTModernSource":true,"customQuery":"SELECT \r\nOSC.T_OSC_ORG.SAPIDINVIVO as SAPIDINVIVO, OSC.T_OSC_ORG.PARTYID as PARTYID \r\nFROM \r\nOSC.T_OSC_ORG\r\nWHERE\r\nOSC.T_OSC_ORG.COUNTRYCODE = 'US'\r\n--","commandType":0,"isFileList":false,"handleSpecialChars":false,"handleDecimalRoundOff":false,"frsAsset":false,"dynamicFileName":false,"excludeDynamicFileNameField":false,"currentlyProcessedFileName":false,"retainFieldMetadata":false,"objectName":"DUMMY_LKP_T_OSC_ORG","useExactSrcNames":false,"userUpdated":true,"fetchMode":"ORIGINAL","tgtObjectAttributes":{},"runtimeParameterData":{"@type":"mtTaskRuntimeParameterData","isConnectionRuntimeParameter":false,"isObjectRuntimeParameter":false},"overridableProperties":[],"overriddenFields":[]},{"@type":"mtTaskParameter","id":14492787,"name":"$LKP_T_OSC_PRODUCT$","type":"LOOKUP","label":"LKP_T_OSC_PRODUCT","uiProperties":{"cnxtype":"Oracle","connectionParameterized":"true","paramName":"Target","paramLabel":"","paramType-mapping":"Connection","logcnx":"Target","isCachedLookup":"true","multipleMatchPolicy":"Use Any Value","objectParameterized":"false","visible":"false","flags":"SUPPORTS_MULTI_SCHEMA","originalPath":"LKP_T_OSC_PRODUCT"},"lookupConnectionId":"@1WJdDPsrEsGgfVqMmD3JYu","lookupObject":"DUMMY_LKP_T_OSC_PRODUCT","newFlatFile":false,"newObject":false,"showBusinessNames":true,"naturalOrder":true,"truncateTarget":false,"bulkApiDBTarget":false,"lkpFFAttrs":{"@type":"flatFileAttrs","id":12247151,"delimiter":"|","textQualifier":"NONE","escapeChar":"","headerLineNo":1,"firstDataRow":2,"rowDelimiter":0,"consecutiveDelimiter":false,"multiDelimitersAsAnd":false,"firstDataRowAsHeader":false,"codePage":"","customRowDelimiter":"","headerAndDataDelimiter":0},"customFuncCfg":{"@type":"customFuncConfig","id":-1,"connections":[],"inputMap":[],"outputFields":[]},"targetRefsV2":{},"targetUpdateColumns":[],"fieldOrderList":[],"runtimeAttrs":{"Lookup source is static":"false","Case Sensitive String Comparison":"false","Lookup Data Cache Size":"AUTO","Output Old Value On Update":"false","Lookup Source Filter":"","Pre-build lookup cache":"AUTO","Synchronize dynamic cache":"false","Null ordering":"Null Is Highest Value","Thousand Separator":"None","Cache File Name Prefix":"","Lookup Index Cache Size":"AUTO","Optional":"true","Lookup cache persistent":"false","Update Dynamic Cache Condition":"TRUE","Decimal Separator":".","Re-cache from lookup source":"false","Insert Else Update":"false","Lookup caching enabled":"true","Tracing Level":"Normal","Datetime Format":"","Subsecond Precision":"6","Sorted Input":"false","Lookup cache directory name":"$PMCacheDir","Dynamic Lookup Cache":"false"},"isRESTModernSource":true,"customQuery":"SELECT \r\nOSC.T_OSC_PRODUCT.PRODUCTNUMBER as PRODUCTNUMBER, OSC.T_OSC_PRODUCT.INVENTORYITEMID as INVENTORYITEMID \r\nFROM \r\nOSC.T_OSC_PRODUCT\r\n--","commandType":0,"isFileList":false,"handleSpecialChars":false,"handleDecimalRoundOff":false,"frsAsset":false,"dynamicFileName":false,"excludeDynamicFileNameField":false,"currentlyProcessedFileName":false,"retainFieldMetadata":false,"objectName":"DUMMY_LKP_T_OSC_PRODUCT","useExactSrcNames":false,"userUpdated":true,"fetchMode":"ORIGINAL","tgtObjectAttributes":{},"runtimeParameterData":{"@type":"mtTaskRuntimeParameterData","isConnectionRuntimeParameter":false,"isObjectRuntimeParameter":false},"overridableProperties":[],"overriddenFields":[]}],"sequences":[],"inOutParameters":[],"connRuntimeAttrs":[]}]