[{"@type":"mappingTemplate","id":"@1","name":"ARCHIVE_m_OSC_OSCToSiebel_ProcessedLogTableCleanUp","description":"Mapping pushed from PC to ICS : ARCHIVE_m_OSC_OSCToSiebel_ProcessedLogTableCleanUp","autoExpireObject":false,"bundleVersion":"0","assetFrsGuid":"f07iXhCL4cKcboWdUkQ0m2","templateId":"@2","deployTime":1752054544000,"hasParameters":true,"valid":true,"fixedConnection":false,"hasParametersDeployed":true,"fixedConnectionDeployed":false,"isSchemaValidationEnabled":false,"tasks":1,"allowMaxFieldLength":false,"specialCharacterSupport":false,"references":[]}]