[{"@type":"mappingTemplate","id":"@1","name":"ARCHIVE_m_OSC_SiebelToOSC_WSOLIProcessed","description":"Mapping pushed from PC to ICS : ARCHIVE_m_OSC_SiebelToOSC_WSOLIProcessed","autoExpireObject":false,"bundleVersion":"0","assetFrsGuid":"0ODOAEAfnFkhCtknaxvokX","templateId":"@2","deployTime":1752054400000,"hasParameters":true,"valid":true,"fixedConnection":false,"hasParametersDeployed":true,"fixedConnectionDeployed":false,"isSchemaValidationEnabled":false,"tasks":1,"allowMaxFieldLength":false,"specialCharacterSupport":false,"references":[]}]