[{"@type":"mappingTemplate","id":"@1","name":"m_OSC_UpdateOLIProductNameBI","description":"Mapping pushed from PC to ICS : m_OSC_UpdateOLIProductNameBI","autoExpireObject":false,"bundleVersion":"0","assetFrsGuid":"4dChXUwy8OZl0As304jHgR","templateId":"@2","deployTime":1752054564000,"hasParameters":true,"valid":true,"fixedConnection":false,"hasParametersDeployed":true,"fixedConnectionDeployed":false,"isSchemaValidationEnabled":false,"tasks":1,"allowMaxFieldLength":false,"specialCharacterSupport":false,"references":[]}]