[{"@type":"mappingTemplate","id":"@1","name":"m_OSC_TM_TerritoryToAccountTeamInsert","description":"Mapping pushed from PC to ICS : m_OSC_TM_TerritoryToAccountTeamInsert","autoExpireObject":false,"bundleVersion":"0","assetFrsGuid":"dJNH5DD1EUTl1HQnwN3qS2","templateId":"@2","deployTime":1752054249000,"hasParameters":true,"valid":true,"fixedConnection":false,"hasParametersDeployed":true,"fixedConnectionDeployed":false,"isSchemaValidationEnabled":false,"tasks":1,"allowMaxFieldLength":false,"specialCharacterSupport":false,"references":[]}]