[{"@type":"mappingTemplate","id":"@1","name":"ARCHIVE_m_OSC_OSCToSiebel_ValidateProcessStatus_Opty","description":"Mapping pushed from PC to ICS : ARCHIVE_m_OSC_OSCToSiebel_ValidateProcessStatus_Opty","autoExpireObject":false,"bundleVersion":"0","assetFrsGuid":"4jNOwBg2QyOjith3mt9Csd","templateId":"@2","deployTime":1752054334000,"hasParameters":true,"valid":true,"fixedConnection":false,"hasParametersDeployed":true,"fixedConnectionDeployed":false,"isSchemaValidationEnabled":false,"tasks":1,"allowMaxFieldLength":false,"specialCharacterSupport":false,"references":[]}]