[{"@type":"mtTask","id":"@1","name":"s_m_OSC_OSCToSiebel_OLIDataCleanUp","description":"Session pushed from PC to ICS : s_m_OSC_OSCToSiebel_OLIDataCleanUp","autoExpireObject":false,"runtimeEnvironmentId":"@4XHzTDjn3M2cETJn1ZRVcd","maxLogs":10,"verbose":false,"mappingId":"@5pQ8CsSzcZakLqXdHtaO2S","frsGuid":"aHCFZOHast4iqIKHE7AmCA","shortDescription":"Session pushed from PC to ICS : s_m_OSC_OSCToSiebe...","sessionPropertiesList":[{"name":"Allow Temporary Sequence for Pushdown","value":"NO","recommended":false},{"name":"Allow Temporary View for Pushdown","value":"NO","recommended":false},{"name":"Custom Properties","value":"UseFixedWidthConfigMetadata=yes","recommended":false},{"name":"Data Column Delimiter","value":"|","recommended":false},{"name":"Error Log File Name","value":"PMError.log","recommended":false},{"name":"Pushdown Optimization","value":"None","recommended":false},{"name":"Session Log File directory","value":"D:\\CRM\\SessLogs\\","recommended":false},{"name":"Stop on errors","value":"1","recommended":false}],"hidden":false,"enableCrossSchemaPushdown":false,"enableParallelRun":false,"autoTunedApplied":false,"autoTunedAppliedType":"NONE","parameterFileName":"","parameterFileDir":"","schemaMode":"async","valid":true,"schemaValidationErrorCount":-1,"serverlessProperties":{},"taskProperties":[{"@type":"taskProperty","name":"parameterFileDir","currentValue":"","type":"STRING","label":"label.parameterFileDir","required":false},{"@type":"taskProperty","name":"parameterFileName","currentValue":"","type":"STRING","label":"label.parameterFileName","required":false},{"@type":"taskProperty","name":"outboundMessageUrlQueueTime","currentValue":"","type":"NUMBER","label":"label.outboundMessageUrlQueueTime","required":false},{"@type":"taskProperty","name":"outboundMessageUrlToken","currentValue":"","type":"STRING","label":"label.outboundMessageUrlToken","required":false}],"optimizationPlan":"NONE","isMidstreamPreview":false,"allowMaxFieldLength":false,"specialCharacterSupport":true,"useUserDefinedOrder":false,"parameters":[{"@type":"mtTaskParameter","id":14492660,"name":"$SQ_T_OSC_OPTY_REVENUE$","type":"EXTENDED_SOURCE","label":"SQ_T_OSC_OPTY_REVENUE","uiProperties":{"cnxtype":"Oracle","connectionParameterized":"true","paramName":"Target","paramLabel":"","paramType-mapping":"Connection","logcnx":"Target","isSelectDistinct":"false","isMsrcFilterParameterized":"true","isMsrcSortParameterized":"false","msrcFilterDefault":"T_OSC_OPTY_REVENUE.PROCESSED_STATUS in ('ACTIVE','ERROR')","msrcFilterParamDesc":"","isFFRetainMetaData":"true","objectParameterized":"false","isCustomQueryRetainMetaData":"true","flags":"SUPPORTS_MULTI_SCHEMA","originalPath":"SQ_T_OSC_OPTY_REVENUE"},"sourceConnectionId":"@1WJdDPsrEsGgfVqMmD3JYu","newFlatFile":false,"newObject":false,"showBusinessNames":true,"naturalOrder":true,"truncateTarget":false,"bulkApiDBTarget":false,"srcFFAttrs":{"@type":"flatFileAttrs","id":12247028,"delimiter":"|","textQualifier":"NONE","escapeChar":"","headerLineNo":1,"firstDataRow":2,"rowDelimiter":0,"consecutiveDelimiter":false,"multiDelimitersAsAnd":false,"firstDataRowAsHeader":false,"codePage":"","customRowDelimiter":"","headerAndDataDelimiter":0},"customFuncCfg":{"@type":"customFuncConfig","id":-1,"connections":[],"inputMap":[],"outputFields":[]},"targetRefsV2":{},"targetUpdateColumns":[],"fieldOrderList":[],"extendedObject":{"@type":"extendedObject","object":{"@type":"mObject","name":"T_OSC_OPTY","label":"T_OSC_OPTY","metadataUpdated":false,"dbSchema":"","relations":[],"children":[]},"userDefinedJoin":"T_OSC_OPTY.OPPORTUNITYID = T_OSC_OPTY_REVENUE.OPTYID AND\r\nT_OSC_OPTY.ACCOUNT = T_OSC_ORG.PARTYID (+)","advancedFilterExpression":"T_OSC_OPTY_REVENUE.PROCESSED_STATUS in ('ACTIVE','ERROR')","singleMode":false,"objects":[{"@type":"mObject","name":"T_OSC_OPTY","label":"T_OSC_OPTY","metadataUpdated":false,"dbSchema":"","relations":[],"children":[]},{"@type":"mObject","name":"T_OSC_ORG","label":"T_OSC_ORG","metadataUpdated":false,"dbSchema":"","relations":[],"children":[]},{"@type":"mObject","name":"T_OSC_OPTY_REVENUE","label":"T_OSC_OPTY_REVENUE","metadataUpdated":false,"dbSchema":"","relations":[],"children":[]}],"filters":[],"sortFields":[]},"runtimeAttrs":{},"isRESTModernSource":true,"commandType":0,"isFileList":false,"handleSpecialChars":false,"handleDecimalRoundOff":false,"frsAsset":false,"dynamicFileName":false,"excludeDynamicFileNameField":false,"currentlyProcessedFileName":false,"retainFieldMetadata":false,"useExactSrcNames":false,"userUpdated":true,"fetchMode":"ORIGINAL","tgtObjectAttributes":{},"runtimeParameterData":{"@type":"mtTaskRuntimeParameterData","isConnectionRuntimeParameter":false,"isObjectRuntimeParameter":false},"overridableProperties":[],"overriddenFields":[]},{"@type":"mtTaskParameter","id":14492661,"name":"$T_OSC_OPTY_REVENUE_Tgt$","type":"TARGET","label":"T_OSC_OPTY_REVENUE_Tgt","uiProperties":{"cnxtype":"Oracle","connectionParameterized":"true","paramName":"Target","paramLabel":"","paramType-mapping":"Connection","logcnx":"Target","default":"T_OSC_OPTY_REVENUE","objectParameterized":"false","visible":"false","flags":"SUPPORTS_MULTI_SCHEMA","defaultTargetUpdateColumns":"OPPORTUNITYLINENUMBER","supportApplyDDLChanges":"false","originalPath":"T_OSC_OPTY_REVENUE_Tgt"},"targetConnectionId":"@1WJdDPsrEsGgfVqMmD3JYu","targetObject":"T_OSC_OPTY_REVENUE","targetObjectLabel":"T_OSC_OPTY_REVENUE","newFlatFile":false,"newObject":false,"showBusinessNames":true,"naturalOrder":true,"truncateTarget":false,"bulkApiDBTarget":false,"operationType":"Rowbased","tgtFFAttrs":{"@type":"flatFileAttrs","id":12247029,"delimiter":"|","textQualifier":"NONE","escapeChar":"","headerLineNo":1,"rowDelimiter":0,"consecutiveDelimiter":false,"multiDelimitersAsAnd":false,"codePage":""},"customFuncCfg":{"@type":"customFuncConfig","id":-1,"connections":[],"inputMap":[],"outputFields":[]},"targetRefsV2":{},"targetUpdateColumns":["OPPORTUNITYLINENUMBER"],"fieldOrderList":[],"extendedObject":{"@type":"extendedObject","singleMode":true,"filters":[],"sortFields":[]},"runtimeAttrs":{"Forward Rejected Rows":"YES"},"isRESTModernSource":true,"commandType":0,"isFileList":false,"handleSpecialChars":false,"handleDecimalRoundOff":false,"frsAsset":false,"dynamicFileName":false,"excludeDynamicFileNameField":false,"currentlyProcessedFileName":false,"retainFieldMetadata":false,"objectName":"T_OSC_OPTY_REVENUE","objectLabel":"T_OSC_OPTY_REVENUE","useExactSrcNames":false,"userUpdated":true,"fetchMode":"ORIGINAL","tgtObjectAttributes":{},"runtimeParameterData":{"@type":"mtTaskRuntimeParameterData","isConnectionRuntimeParameter":false,"isObjectRuntimeParameter":false},"overridableProperties":[],"overriddenFields":[]},{"@type":"mtTaskParameter","id":14492662,"name":"$LKP_S_ORG_EXT$","type":"LOOKUP","label":"LKP_S_ORG_EXT","uiProperties":{"cnxtype":"Oracle","connectionParameterized":"true","paramName":"Source","paramLabel":"","paramType-mapping":"Connection","logcnx":"Source","isCachedLookup":"true","multipleMatchPolicy":"Use Any Value","objectParameterized":"false","visible":"false","flags":"SUPPORTS_MULTI_SCHEMA","originalPath":"LKP_S_ORG_EXT"},"lookupConnectionId":"@jkubLgx4vKuidXXRGSETgQ","lookupObject":"DUMMY_LKP_S_ORG_EXT","newFlatFile":false,"newObject":false,"showBusinessNames":true,"naturalOrder":true,"truncateTarget":false,"bulkApiDBTarget":false,"lkpFFAttrs":{"@type":"flatFileAttrs","id":12247030,"delimiter":"|","textQualifier":"NONE","escapeChar":"","headerLineNo":1,"firstDataRow":2,"rowDelimiter":0,"consecutiveDelimiter":false,"multiDelimitersAsAnd":false,"firstDataRowAsHeader":false,"codePage":"","customRowDelimiter":"","headerAndDataDelimiter":0},"customFuncCfg":{"@type":"customFuncConfig","id":-1,"connections":[],"inputMap":[],"outputFields":[]},"targetRefsV2":{},"targetUpdateColumns":[],"fieldOrderList":[],"runtimeAttrs":{"Lookup source is static":"false","Case Sensitive String Comparison":"false","Lookup Data Cache Size":"AUTO","Output Old Value On Update":"false","Lookup Source Filter":"","Pre-build lookup cache":"AUTO","Synchronize dynamic cache":"false","Null ordering":"Null Is Highest Value","Thousand Separator":"None","Cache File Name Prefix":"","Lookup Index Cache Size":"AUTO","Optional":"true","Lookup cache persistent":"false","Update Dynamic Cache Condition":"TRUE","Decimal Separator":".","Re-cache from lookup source":"false","Insert Else Update":"false","Lookup caching enabled":"true","Tracing Level":"Normal","Datetime Format":"","Subsecond Precision":"6","Sorted Input":"false","Lookup cache directory name":"$PMCacheDir","Dynamic Lookup Cache":"false"},"isRESTModernSource":true,"customQuery":"SELECT \r\nROW_ID as ROW_ID, \r\nINTEGRATION_ID as INTEGRATION_ID \r\nFROM \r\nSIEBEL.S_ORG_EXT\r\nWHERE \r\nCUST_STAT_CD = 'Verified' AND\r\nOU_TYPE_CD = 'Customer/Prospect' AND\r\nX_MARKED_FOR_DELETION_FLG = 'N' AND\r\nACTIVE_FLG = 'Y'","commandType":0,"isFileList":false,"handleSpecialChars":false,"handleDecimalRoundOff":false,"frsAsset":false,"dynamicFileName":false,"excludeDynamicFileNameField":false,"currentlyProcessedFileName":false,"retainFieldMetadata":false,"objectName":"DUMMY_LKP_S_ORG_EXT","useExactSrcNames":false,"userUpdated":true,"fetchMode":"ORIGINAL","tgtObjectAttributes":{},"runtimeParameterData":{"@type":"mtTaskRuntimeParameterData","isConnectionRuntimeParameter":false,"isObjectRuntimeParameter":false},"overridableProperties":[],"overriddenFields":[]},{"@type":"mtTaskParameter","id":14492663,"name":"$LKP_S_POSTN$","type":"LOOKUP","label":"LKP_S_POSTN","uiProperties":{"cnxtype":"Oracle","connectionParameterized":"true","paramName":"Source","paramLabel":"","paramType-mapping":"Connection","logcnx":"Source","isCachedLookup":"true","multipleMatchPolicy":"Use Any Value","objectParameterized":"false","visible":"false","flags":"SUPPORTS_MULTI_SCHEMA","originalPath":"LKP_S_POSTN"},"lookupConnectionId":"@jkubLgx4vKuidXXRGSETgQ","lookupObject":"DUMMY_LKP_S_POSTN","newFlatFile":false,"newObject":false,"showBusinessNames":true,"naturalOrder":true,"truncateTarget":false,"bulkApiDBTarget":false,"lkpFFAttrs":{"@type":"flatFileAttrs","id":12247031,"delimiter":"|","textQualifier":"NONE","escapeChar":"","headerLineNo":1,"firstDataRow":2,"rowDelimiter":0,"consecutiveDelimiter":false,"multiDelimitersAsAnd":false,"firstDataRowAsHeader":false,"codePage":"","customRowDelimiter":"","headerAndDataDelimiter":0},"customFuncCfg":{"@type":"customFuncConfig","id":-1,"connections":[],"inputMap":[],"outputFields":[]},"targetRefsV2":{},"targetUpdateColumns":[],"fieldOrderList":[],"runtimeAttrs":{"Lookup source is static":"false","Case Sensitive String Comparison":"false","Lookup Data Cache Size":"AUTO","Output Old Value On Update":"false","Lookup Source Filter":"","Pre-build lookup cache":"AUTO","Synchronize dynamic cache":"false","Null ordering":"Null Is Highest Value","Thousand Separator":"None","Cache File Name Prefix":"","Lookup Index Cache Size":"AUTO","Optional":"true","Lookup cache persistent":"false","Update Dynamic Cache Condition":"TRUE","Decimal Separator":".","Re-cache from lookup source":"false","Insert Else Update":"false","Lookup caching enabled":"true","Tracing Level":"Normal","Datetime Format":"","Subsecond Precision":"6","Sorted Input":"false","Lookup cache directory name":"$PMCacheDir","Dynamic Lookup Cache":"false"},"isRESTModernSource":true,"customQuery":"select \r\nb.row_id as ROW_ID,\r\nc.login as LOGIN,\r\na.x_empl_gid as X_EMPL_GID\r\nfrom \r\nsiebel.s_contact a, \r\nsiebel.s_postn b, \r\nsiebel.s_user c\r\nwhere \r\na.pr_held_postn_id = b.row_id and \r\nc.row_id = a.row_id and\r\na.active_flg = 'Y' and \r\na.emp_flg = 'Y'\r\n--","commandType":0,"isFileList":false,"handleSpecialChars":false,"handleDecimalRoundOff":false,"frsAsset":false,"dynamicFileName":false,"excludeDynamicFileNameField":false,"currentlyProcessedFileName":false,"retainFieldMetadata":false,"objectName":"DUMMY_LKP_S_POSTN","useExactSrcNames":false,"userUpdated":true,"fetchMode":"ORIGINAL","tgtObjectAttributes":{},"runtimeParameterData":{"@type":"mtTaskRuntimeParameterData","isConnectionRuntimeParameter":false,"isObjectRuntimeParameter":false},"overridableProperties":[],"overriddenFields":[]}],"sequences":[],"inOutParameters":[],"connRuntimeAttrs":[]}]