[{"@type":"mappingTemplate","id":"@1","name":"ARCHIVE_m_OSC_Conversion_SiebelChangedRecordsOpty","description":"Mapping pushed from PC to ICS : ARCHIVE_m_OSC_Conversion_SiebelChangedRecordsOpty","autoExpireObject":false,"bundleVersion":"0","assetFrsGuid":"ar4Gn1xYdCjeNbfaqMWW2S","templateId":"@2","deployTime":1752054621000,"hasParameters":true,"valid":true,"fixedConnection":false,"hasParametersDeployed":true,"fixedConnectionDeployed":false,"isSchemaValidationEnabled":false,"tasks":1,"allowMaxFieldLength":false,"specialCharacterSupport":false,"references":[]}]