[{"@type":"mtTask","id":"@1","name":"s_m_OSC_Conversion_SiebelChangedRecordsAccount","description":"Session pushed from PC to ICS : s_m_OSC_Conversion_SiebelChangedRecordsAccount","autoExpireObject":false,"runtimeEnvironmentId":"@4XHzTDjn3M2cETJn1ZRVcd","maxLogs":10,"verbose":false,"mappingId":"@1U4EVZDXD5qfU3UmIddzaW","frsGuid":"0M3ItRPvlsccvtBSeY7eiG","shortDescription":"Session pushed from PC to ICS : s_m_OSC_Conversion...","sessionPropertiesList":[{"name":"Allow Temporary Sequence for Pushdown","value":"NO","recommended":false},{"name":"Allow Temporary View for Pushdown","value":"NO","recommended":false},{"name":"Custom Properties","value":"UseFixedWidthConfigMetadata=yes","recommended":false},{"name":"Data Column Delimiter","value":"|","recommended":false},{"name":"Error Log File Name","value":"PMError.log","recommended":false},{"name":"Pushdown Optimization","value":"None","recommended":false}],"hidden":false,"enableCrossSchemaPushdown":false,"enableParallelRun":false,"autoTunedApplied":false,"autoTunedAppliedType":"NONE","parameterFileName":"","parameterFileDir":"","schemaMode":"async","valid":true,"schemaValidationErrorCount":-1,"serverlessProperties":{},"taskProperties":[{"@type":"taskProperty","name":"parameterFileDir","currentValue":"","type":"STRING","label":"label.parameterFileDir","required":false},{"@type":"taskProperty","name":"parameterFileName","currentValue":"","type":"STRING","label":"label.parameterFileName","required":false},{"@type":"taskProperty","name":"outboundMessageUrlQueueTime","currentValue":"","type":"NUMBER","label":"label.outboundMessageUrlQueueTime","required":false},{"@type":"taskProperty","name":"outboundMessageUrlToken","currentValue":"","type":"STRING","label":"label.outboundMessageUrlToken","required":false}],"optimizationPlan":"NONE","isMidstreamPreview":false,"allowMaxFieldLength":false,"specialCharacterSupport":true,"useUserDefinedOrder":false,"parameters":[{"@type":"mtTaskParameter","id":14492982,"name":"$SQ_S_ORG_EXT$","type":"EXTENDED_SOURCE","label":"SQ_S_ORG_EXT","uiProperties":{"cnxtype":"ODBC","connectionParameterized":"true","paramName":"Source","paramLabel":"","paramType-mapping":"Connection","logcnx":"Source","isSelectDistinct":"false","isMsrcFilterParameterized":"true","isMsrcSortParameterized":"false","msrcFilterDefault":"S_USER.LOGIN <> 'SADMIN' AND\r\nS_ORG_EXT.LAST_UPD > TIMESTAMP ('$$PROCESS_DATE') AND\r\nS_ORG_EXT.LAST_UPD <= TIMESTAMP ('$$$SESSSTARTTIME')","msrcFilterParamDesc":"","isFFRetainMetaData":"true","objectParameterized":"false","isCustomQueryRetainMetaData":"true","originalPath":"SQ_S_ORG_EXT"},"sourceConnectionId":"@jkubLgx4vKuidXXRGSETgQ","newFlatFile":false,"newObject":false,"showBusinessNames":true,"naturalOrder":true,"truncateTarget":false,"bulkApiDBTarget":false,"srcFFAttrs":{"@type":"flatFileAttrs","id":12247319,"delimiter":"|","textQualifier":"NONE","escapeChar":"","headerLineNo":1,"firstDataRow":2,"rowDelimiter":0,"consecutiveDelimiter":false,"multiDelimitersAsAnd":false,"firstDataRowAsHeader":false,"codePage":"","customRowDelimiter":"","headerAndDataDelimiter":0},"customFuncCfg":{"@type":"customFuncConfig","id":-1,"connections":[],"inputMap":[],"outputFields":[]},"targetRefsV2":{},"targetUpdateColumns":[],"fieldOrderList":[],"extendedObject":{"@type":"extendedObject","object":{"@type":"mObject","name":"S_USER","label":"S_USER","metadataUpdated":false,"dbSchema":"","relations":[],"children":[]},"userDefinedJoin":"S_ORG_EXT.LAST_UPD_BY = S_USER.ROW_ID","advancedFilterExpression":"S_USER.LOGIN <> 'SADMIN' AND\r\nS_ORG_EXT.LAST_UPD > TIMESTAMP ('$$PROCESS_DATE') AND\r\nS_ORG_EXT.LAST_UPD <= TIMESTAMP ('$$$SESSSTARTTIME')","singleMode":false,"objects":[{"@type":"mObject","name":"S_USER","label":"S_USER","metadataUpdated":false,"dbSchema":"","relations":[],"children":[]},{"@type":"mObject","name":"S_ORG_EXT","label":"S_ORG_EXT","metadataUpdated":false,"dbSchema":"","relations":[],"children":[]}],"filters":[],"sortFields":[]},"runtimeAttrs":{},"isRESTModernSource":true,"commandType":0,"isFileList":false,"handleSpecialChars":false,"handleDecimalRoundOff":false,"frsAsset":false,"dynamicFileName":false,"excludeDynamicFileNameField":false,"currentlyProcessedFileName":false,"retainFieldMetadata":false,"useExactSrcNames":false,"userUpdated":true,"fetchMode":"ORIGINAL","tgtObjectAttributes":{},"runtimeParameterData":{"@type":"mtTaskRuntimeParameterData","isConnectionRuntimeParameter":false,"isObjectRuntimeParameter":false},"overridableProperties":[],"overriddenFields":[]},{"@type":"mtTaskParameter","id":14492983,"name":"$ff_tgt_siebel_row_id$","type":"TARGET","label":"ff_tgt_siebel_row_id","uiProperties":{"cnxtype":"CSVFile","connectionParameterized":"true","paramName":"ff_tgt_siebel_row_idTgtParameter","paramLabel":"","paramType-mapping":"Connection","logcnx":"ff_tgt_siebel_row_idTgtParameter","default":"ff_conv_siebel_account_changedrecords.txt","objectParameterized":"false","visible":"false","defaultTargetUpdateColumns":"ROW_ID","supportApplyDDLChanges":"false","originalPath":"ff_tgt_siebel_row_id"},"targetConnectionId":"@66yyk2WBI9CbW98NMD1qWD","targetObject":"ff_conv_siebel_account_changedrecords.txt","targetObjectLabel":"ff_conv_siebel_account_changedrecords.txt","newFlatFile":false,"newObject":true,"showBusinessNames":true,"naturalOrder":true,"newObjectName":"ff_conv_siebel_account_changedrecords.txt","truncateTarget":false,"bulkApiDBTarget":false,"operationType":"Insert","tgtFFAttrs":{"@type":"flatFileAttrs","id":12247320,"delimiter":"|","textQualifier":"NONE","escapeChar":"","headerLineNo":1,"rowDelimiter":0,"consecutiveDelimiter":false,"multiDelimitersAsAnd":false,"codePage":""},"customFuncCfg":{"@type":"customFuncConfig","id":-1,"connections":[],"inputMap":[],"outputFields":[]},"targetRefsV2":{},"targetUpdateColumns":[],"fieldOrderList":[],"extendedObject":{"@type":"extendedObject","object":{"@type":"mObject","name":"ff_conv_siebel_account_changedrecords.txt","label":"ff_conv_siebel_account_changedrecords.txt","metadataUpdated":false,"relations":[],"children":[]},"singleMode":true,"objects":[{"@type":"mObject","name":"ff_conv_siebel_account_changedrecords.txt","label":"ff_conv_siebel_account_changedrecords.txt","metadataUpdated":false,"relations":[],"children":[]}],"filters":[],"sortFields":[]},"runtimeAttrs":{},"isRESTModernSource":true,"commandType":0,"isFileList":false,"handleSpecialChars":false,"handleDecimalRoundOff":false,"frsAsset":false,"dynamicFileName":false,"excludeDynamicFileNameField":false,"currentlyProcessedFileName":false,"retainFieldMetadata":false,"objectName":"ff_conv_siebel_account_changedrecords.txt","objectLabel":"ff_conv_siebel_account_changedrecords.txt","useExactSrcNames":false,"userUpdated":true,"fetchMode":"ORIGINAL","tgtObjectAttributes":{},"runtimeParameterData":{"@type":"mtTaskRuntimeParameterData","isConnectionRuntimeParameter":false,"isObjectRuntimeParameter":false},"overridableProperties":[],"overriddenFields":[]},{"@type":"mtTaskParameter","id":14492984,"name":"$LKP_RowIdLookup$","type":"LOOKUP","label":"LKP_RowIdLookup","uiProperties":{"cnxtype":"CSVFile","connectionParameterized":"true","paramName":"LKP_RowIdLookupLookupParameter","paramLabel":"","paramType-mapping":"Connection","logcnx":"LKP_RowIdLookupLookupParameter","isCachedLookup":"true","multipleMatchPolicy":"Use Any Value","default":"ff_conv_siebel_account_lookup.txt","objectParameterized":"false","visible":"false","isFFRetainMetaData":"true","isCustomQueryRetainMetaData":"true","originalPath":"LKP_RowIdLookup"},"lookupConnectionId":"@2dr3rS2eKaufp2EVuGRHw9","lookupObject":"ff_conv_siebel_account_lookup.txt","lookupObjectLabel":"","newFlatFile":false,"newObject":false,"showBusinessNames":true,"naturalOrder":true,"truncateTarget":false,"bulkApiDBTarget":false,"lkpFFAttrs":{"@type":"flatFileAttrs","id":12247321,"delimiter":"|","textQualifier":"NONE","escapeChar":"","headerLineNo":2147483647,"firstDataRow":1,"rowDelimiter":10,"consecutiveDelimiter":false,"multiDelimitersAsAnd":false,"firstDataRowAsHeader":false,"codePage":"","customRowDelimiter":"","headerAndDataDelimiter":0},"customFuncCfg":{"@type":"customFuncConfig","id":-1,"connections":[],"inputMap":[],"outputFields":[]},"targetRefsV2":{},"targetUpdateColumns":[],"fieldOrderList":[],"runtimeAttrs":{"Lookup source is static":"true","Case Sensitive String Comparison":"true","Lookup Data Cache Size":"AUTO","Output Old Value On Update":"false","Lookup Source Filter":"","Pre-build lookup cache":"AUTO","Synchronize dynamic cache":"false","Null ordering":"Null Is Highest Value","Lookup source filename":"ff_conv_siebel_account_lookup.txt","Thousand Separator":"None","Cache File Name Prefix":"","Lookup Index Cache Size":"AUTO","Optional":"true","Lookup cache persistent":"false","Update Dynamic Cache Condition":"TRUE","Decimal Separator":".","Re-cache from lookup source":"false","Insert Else Update":"false","Lookup caching enabled":"true","Tracing Level":"Normal","Datetime Format":"A  19 mm/dd/yyyy hh24:mi:ss","Subsecond Precision":"0","Sorted Input":"false","Lookup cache directory name":"$PMCacheDir","Dynamic Lookup Cache":"false"},"isRESTModernSource":true,"commandType":0,"isFileList":false,"handleSpecialChars":false,"handleDecimalRoundOff":false,"frsAsset":false,"dynamicFileName":false,"excludeDynamicFileNameField":false,"currentlyProcessedFileName":false,"retainFieldMetadata":false,"objectName":"ff_conv_siebel_account_lookup.txt","objectLabel":"","useExactSrcNames":false,"userUpdated":true,"fetchMode":"ORIGINAL","tgtObjectAttributes":{},"runtimeParameterData":{"@type":"mtTaskRuntimeParameterData","isConnectionRuntimeParameter":false,"isObjectRuntimeParameter":false},"overridableProperties":[],"overriddenFields":[]}],"sequences":[],"inOutParameters":[{"@type":"mtTaskInOutParameter","id":"-1","name":"PROCESS_DATE","description":"","initialValue":"2019-12-06 17:00:00","datatype":"STRING","precision":"21","scale":"0","retentionPolicy":"ON_SUCCESS_OR_WARNING","aggregationType":"MAX","currentValue":"2019-12-06 17:00:00"}],"connRuntimeAttrs":[]}]