[{"@type":"mappingTemplate","id":"@1","name":"m_OSC_UpdateOLIPricingDate","description":"Mapping pushed from PC to ICS : m_OSC_UpdateOLIPricingDate","autoExpireObject":false,"bundleVersion":"0","assetFrsGuid":"5qa9flM4AKkf4R0YobEBwV","templateId":"@2","deployTime":1752054338000,"hasParameters":true,"valid":true,"fixedConnection":false,"hasParametersDeployed":true,"fixedConnectionDeployed":false,"isSchemaValidationEnabled":false,"tasks":1,"allowMaxFieldLength":false,"specialCharacterSupport":false,"references":[]}]