[{"@type":"mappingTemplate","id":"@1","name":"ARCHIVE_m_OSC_Conversion_OSCToSiebelOptySyncKey","description":"Mapping pushed from PC to ICS : ARCHIVE_m_OSC_Conversion_OSCToSiebelOptySyncKey","autoExpireObject":false,"bundleVersion":"0","assetFrsGuid":"dOhecqrSjCak3ut7Q5nVQD","templateId":"@2","deployTime":1752054478000,"hasParameters":true,"valid":true,"fixedConnection":false,"hasParametersDeployed":true,"fixedConnectionDeployed":false,"isSchemaValidationEnabled":false,"tasks":1,"allowMaxFieldLength":false,"specialCharacterSupport":false,"references":[]}]