[{"@type":"mappingTemplate","id":"@1","name":"m_OSC_Asset_IBRDataImport","description":"Mapping pushed from PC to ICS : m_OSC_Asset_IBRDataImport","autoExpireObject":false,"bundleVersion":"0","assetFrsGuid":"1Ui0gr6ilo7lYcG4ZTrLyW","templateId":"@2","deployTime":1752054178000,"hasParameters":true,"valid":true,"fixedConnection":false,"hasParametersDeployed":true,"fixedConnectionDeployed":false,"isSchemaValidationEnabled":false,"tasks":1,"allowMaxFieldLength":false,"specialCharacterSupport":false,"references":[]}]