[{"@type":"mappingTemplate","id":"@1","name":"ARCHIVE_m_OSC_SiebelToOSC_OLI","description":"Mapping pushed from PC to ICS : ARCHIVE_m_OSC_SiebelToOSC_OLI","autoExpireObject":false,"bundleVersion":"0","assetFrsGuid":"1NFXYcpISyQjpBzfXJMkOD","templateId":"@2","deployTime":1752054122000,"hasParameters":true,"valid":true,"fixedConnection":false,"hasParametersDeployed":true,"fixedConnectionDeployed":false,"isSchemaValidationEnabled":false,"tasks":1,"allowMaxFieldLength":false,"specialCharacterSupport":false,"references":[]}]