[{"@type":"mappingTemplate","id":"@1","name":"m_OSC_VBEZ_AccountTeamExtract","description":"Mapping pushed from PC to ICS : m_OSC_VBEZ_AccountTeamExtract","autoExpireObject":false,"bundleVersion":"0","assetFrsGuid":"3xyTuy71BpOhgFWzr8k2Ar","templateId":"@2","deployTime":1752054575000,"hasParameters":true,"valid":true,"fixedConnection":false,"hasParametersDeployed":true,"fixedConnectionDeployed":false,"isSchemaValidationEnabled":false,"tasks":1,"allowMaxFieldLength":false,"specialCharacterSupport":false,"references":[{"@type":"reference","refObjectId":"@34kP4hD64BthNFH4Uqwcko","refType":"fwConfig"}]}]