[{"@type":"mappingTemplate","id":"@1","name":"ARCHIVE_m_OSC_Conversion_OSCToSiebelOLISyncKey","description":"Mapping pushed from PC to ICS : ARCHIVE_m_OSC_Conversion_OSCToSiebelOLISyncKey","autoExpireObject":false,"bundleVersion":"0","assetFrsGuid":"8dljAyL5sMihTR9svpue22","templateId":"@2","deployTime":1752054321000,"hasParameters":true,"valid":true,"fixedConnection":false,"hasParametersDeployed":true,"fixedConnectionDeployed":false,"isSchemaValidationEnabled":false,"tasks":1,"allowMaxFieldLength":false,"specialCharacterSupport":false,"references":[]}]