[{"@type":"mappingTemplate","id":"@1","name":"m_OSC_UpdateAccountCreditInformation","description":"\nConverted using O2N Version: O2N : Framesh1ft Tool V3.03","autoExpireObject":false,"bundleVersion":"0","assetFrsGuid":"9j0DO1dh10RdryMpYIr90F","templateId":"@2","deployTime":1755592444000,"hasParameters":true,"valid":true,"fixedConnection":false,"hasParametersDeployed":true,"fixedConnectionDeployed":false,"isSchemaValidationEnabled":false,"tasks":1,"allowMaxFieldLength":false,"specialCharacterSupport":false,"references":[]}]