[{"@type":"mappingTemplate","id":"@1","name":"m_OSC_TM_TerritoryToAccountTeamDelete","description":"Mapping pushed from PC to ICS : m_OSC_TM_TerritoryToAccountTeamDelete","autoExpireObject":false,"bundleVersion":"0","assetFrsGuid":"8bR5cjmTbysimEIttW8U4A","templateId":"@2","deployTime":1752054636000,"hasParameters":true,"valid":true,"fixedConnection":false,"hasParametersDeployed":true,"fixedConnectionDeployed":false,"isSchemaValidationEnabled":false,"tasks":1,"allowMaxFieldLength":false,"specialCharacterSupport":false,"references":[]}]