[{"@type":"mappingTemplate","id":"@1","name":"m_OSC_TM_TerritoryToAccountRemovePrimaryReps","description":"Mapping pushed from PC to ICS : m_OSC_TM_TerritoryToAccountRemovePrimaryReps","autoExpireObject":false,"bundleVersion":"0","assetFrsGuid":"88LNsUMzwGPew6yis8bkGW","templateId":"@2","deployTime":1752054467000,"hasParameters":true,"valid":true,"fixedConnection":false,"hasParametersDeployed":true,"fixedConnectionDeployed":false,"isSchemaValidationEnabled":false,"tasks":1,"allowMaxFieldLength":false,"specialCharacterSupport":false,"references":[]}]