[{"@type":"mappingTemplate","id":"@1","name":"m_OSC_Asset_IBRRecommendations","description":"Mapping pushed from PC to ICS : m_OSC_Asset_IBRRecommendations","autoExpireObject":false,"bundleVersion":"0","assetFrsGuid":"5GzPEV8LBQ2e6EmD6nrSQn","templateId":"@2","deployTime":1752054405000,"hasParameters":true,"valid":true,"fixedConnection":false,"hasParametersDeployed":true,"fixedConnectionDeployed":false,"isSchemaValidationEnabled":false,"tasks":1,"allowMaxFieldLength":false,"specialCharacterSupport":false,"references":[]}]