[{"@type":"mappingTemplate","id":"@1","name":"m_OSC_Load_Temp_Expiring_Contracts_Global","description":"Mapping pushed from PC to ICS : m_OSC_Load_Temp_Expiring_Contracts_Global","autoExpireObject":false,"bundleVersion":"0","assetFrsGuid":"247lObe7qB6eCDi6InU3kI","templateId":"@2","deployTime":1752054410000,"hasParameters":true,"valid":true,"fixedConnection":false,"hasParametersDeployed":true,"fixedConnectionDeployed":false,"isSchemaValidationEnabled":false,"tasks":1,"allowMaxFieldLength":false,"specialCharacterSupport":false,"references":[]}]