[{"@type":"mappingTemplate","id":"@1","name":"m_OSC_Create_OLI_Exp_Contracts","description":"Mapping pushed from PC to ICS : m_OSC_Create_OLI_Exp_Contracts","autoExpireObject":false,"bundleVersion":"0","assetFrsGuid":"j2AyU8ffwoLdeCMv4ncLOJ","templateId":"@2","deployTime":1752054221000,"hasParameters":true,"valid":true,"fixedConnection":false,"hasParametersDeployed":true,"fixedConnectionDeployed":false,"isSchemaValidationEnabled":false,"tasks":1,"allowMaxFieldLength":false,"specialCharacterSupport":false,"references":[]}]