[{"@type":"mtTask","id":"@1","name":"s_m_OSC_SiebelToOSC_SiebelDataImport","description":"Session pushed from PC to ICS : s_m_OSC_SiebelToOSC_SiebelDataImport","autoExpireObject":false,"runtimeEnvironmentId":"@4XHzTDjn3M2cETJn1ZRVcd","maxLogs":10,"verbose":false,"mappingId":"@aiHXu5hm1NWfEO8v1mlsGe","frsGuid":"7UdmHAcUwEahOaT9Ecz2KH","shortDescription":"Session pushed from PC to ICS : s_m_OSC_SiebelToOS...","sessionPropertiesList":[{"name":"Allow Temporary Sequence for Pushdown","value":"NO","recommended":false},{"name":"Allow Temporary View for Pushdown","value":"NO","recommended":false},{"name":"Custom Properties","value":"UseFixedWidthConfigMetadata=yes","recommended":false},{"name":"Data Column Delimiter","value":"|","recommended":false},{"name":"Error Log File Name","value":"PMError.log","recommended":false},{"name":"Pushdown Optimization","value":"None","recommended":false},{"name":"Session Log File directory","value":"D:\\CRM\\SessLogs\\","recommended":false},{"name":"Stop on errors","value":"1","recommended":false}],"hidden":false,"enableCrossSchemaPushdown":false,"enableParallelRun":false,"autoTunedApplied":false,"autoTunedAppliedType":"NONE","parameterFileName":"","parameterFileDir":"","schemaMode":"async","valid":true,"schemaValidationErrorCount":-1,"serverlessProperties":{},"taskProperties":[{"@type":"taskProperty","name":"parameterFileDir","currentValue":"","type":"STRING","label":"label.parameterFileDir","required":false},{"@type":"taskProperty","name":"parameterFileName","currentValue":"","type":"STRING","label":"label.parameterFileName","required":false},{"@type":"taskProperty","name":"outboundMessageUrlQueueTime","currentValue":"","type":"NUMBER","label":"label.outboundMessageUrlQueueTime","required":false},{"@type":"taskProperty","name":"outboundMessageUrlToken","currentValue":"","type":"STRING","label":"label.outboundMessageUrlToken","required":false}],"optimizationPlan":"NONE","isMidstreamPreview":false,"allowMaxFieldLength":false,"specialCharacterSupport":true,"useUserDefinedOrder":false,"parameters":[{"@type":"mtTaskParameter","id":14492830,"name":"$SQ_S_OPTY_SYST$","type":"SOURCE","label":"SQ_S_OPTY_SYST","uiProperties":{"cnxtype":"ODBC","connectionParameterized":"true","paramName":"Source","paramLabel":"","paramType-mapping":"Connection","logcnx":"Source","isSelectDistinct":"false","objectParameterized":"false","visible":"false","isCustomQueryRetainMetaData":"true","originalPath":"SQ_S_OPTY_SYST"},"sourceConnectionId":"@jkubLgx4vKuidXXRGSETgQ","sourceObject":"DUMMY_SQ_S_OPTY_SYST","newFlatFile":false,"newObject":false,"showBusinessNames":true,"naturalOrder":true,"truncateTarget":false,"bulkApiDBTarget":false,"srcFFAttrs":{"@type":"flatFileAttrs","id":12247191,"delimiter":"|","textQualifier":"NONE","escapeChar":"","headerLineNo":1,"firstDataRow":2,"rowDelimiter":0,"consecutiveDelimiter":false,"multiDelimitersAsAnd":false,"firstDataRowAsHeader":false,"codePage":"","customRowDelimiter":"","headerAndDataDelimiter":0},"customFuncCfg":{"@type":"customFuncConfig","id":-1,"connections":[],"inputMap":[],"outputFields":[]},"targetRefsV2":{},"targetUpdateColumns":[],"fieldOrderList":[],"runtimeAttrs":{"Sql Override":"select\r\nopty_sys.row_id as oli_id, \r\nopty_sys.sum_effective_dt as close_date,\r\nopty_sys.integration_id as oli_src_system_id,\r\nopty_sys.opty_cd as opty_cd,\r\nopty_sys.status_cd as status, \r\nopty_sys.x_configured_system as serviced_system,\r\nopty_sys.x_funnel_value as funnel_value,\r\nopty_sys.x_quantity as quantity,\r\nopty_sys.x_quote_item_id as quote_item_id,\r\nopty_sys.x_quote_net_total as quote_total,\r\nopty_sys.x_sale_type as sale_type, \r\nopty_sys.x_service_class as service_class,\r\nopty_sys.x_svc_duration as contract_duration, \r\nopty_sys.x_svc_en_dt as service_contract_end_date, \r\nopty_sys.x_svc_st_dt as service_contract_start_date,\r\nopty_sys.x_finance_type finance_type,\r\nopty_sys.x_instrument_cash_val,\r\norg.row_id as eua_id,\r\norg.integration_id as eua_sap_id,\r\nqte.name as quote_name,\r\nqte.quote_num as quote_num,\r\nqte.quote_type as quote_type,\r\nqte.stat_cd as quote_status,\r\nqte.sales_rep_postn_id as quote_owner_postn_id,\r\nqte.x_contract_total,\r\nqte.rev_num as quote_rev_num,\r\nprod.part_num as product_part_num,\r\nprod.x_gz as gz,\r\nprod.x_gg as business_line,\r\nopty.row_id as opty_row_id,\r\nopty.integration_id as osc_opty_num,\r\nast.asset_num as asset_num,\r\nopty.status_cd as opty_status,\r\nopty_x.attrib_20 as rec_rev\r\nfrom \r\nsiebel.s_opty opty_sys \r\ninner join siebel.s_opty opty\r\non opty_sys.par_opty_id = opty.row_id\r\ninner join siebel.s_prod_int prod \r\non opty_sys.x_product_id = prod.row_id\r\ninner join siebel.s_user usr\r\non opty_sys.last_upd_by = usr.row_id\r\ninner join siebel.s_org_ext org \r\non opty_sys.x_eu_acct_id = org.row_id\r\nleft outer join siebel.s_doc_quote qte \r\non opty_sys.x_quote_id = qte.row_id and\r\nqte.active_flg = 'Y'\r\nleft outer join siebel.s_asset ast\r\non opty_sys.x_pr_functional_loc_id = ast.row_id\r\nleft outer join siebel.s_opty_x opty_x\r\non opty_sys.row_id = opty_x.par_row_id\r\nwhere \r\nopty.opty_cd = 'Service' and\r\nopty.integration_id is not null and\r\n((usr.login != 'SADMIN' AND usr.login != 'CSGADM') OR (usr.login = 'SADMIN' AND opty_sys.status_cd in ('Won','Booked','Lost','Signed')) OR (usr.login = 'SADMIN' and opty_sys.created > TIMESTAMP ('$$PROCESS_DATE') + 5 HOUR)) and\r\nopty_sys.status_cd in ('Won','Booked','Abandoned','Active','Lost','Signed') and\r\nopty_sys.par_opty_id is not null and \r\nopty_sys.last_upd > TIMESTAMP ('$$PROCESS_DATE') + 5 HOUR"},"isRESTModernSource":true,"customQuery":"select\r\nopty_sys.row_id as oli_id, \r\nopty_sys.sum_effective_dt as close_date,\r\nopty_sys.integration_id as oli_src_system_id,\r\nopty_sys.opty_cd as opty_cd,\r\nopty_sys.status_cd as status, \r\nopty_sys.x_configured_system as serviced_system,\r\nopty_sys.x_funnel_value as funnel_value,\r\nopty_sys.x_quantity as quantity,\r\nopty_sys.x_quote_item_id as quote_item_id,\r\nopty_sys.x_quote_net_total as quote_total,\r\nopty_sys.x_sale_type as sale_type, \r\nopty_sys.x_service_class as service_class,\r\nopty_sys.x_svc_duration as contract_duration, \r\nopty_sys.x_svc_en_dt as service_contract_end_date, \r\nopty_sys.x_svc_st_dt as service_contract_start_date,\r\nopty_sys.x_finance_type finance_type,\r\nopty_sys.x_instrument_cash_val,\r\norg.row_id as eua_id,\r\norg.integration_id as eua_sap_id,\r\nqte.name as quote_name,\r\nqte.quote_num as quote_num,\r\nqte.quote_type as quote_type,\r\nqte.stat_cd as quote_status,\r\nqte.sales_rep_postn_id as quote_owner_postn_id,\r\nqte.x_contract_total,\r\nqte.rev_num as quote_rev_num,\r\nprod.part_num as product_part_num,\r\nprod.x_gz as gz,\r\nprod.x_gg as business_line,\r\nopty.row_id as opty_row_id,\r\nopty.integration_id as osc_opty_num,\r\nast.asset_num as asset_num,\r\nopty.status_cd as opty_status,\r\nopty_x.attrib_20 as rec_rev\r\nfrom \r\nsiebel.s_opty opty_sys \r\ninner join siebel.s_opty opty\r\non opty_sys.par_opty_id = opty.row_id\r\ninner join siebel.s_prod_int prod \r\non opty_sys.x_product_id = prod.row_id\r\ninner join siebel.s_user usr\r\non opty_sys.last_upd_by = usr.row_id\r\ninner join siebel.s_org_ext org \r\non opty_sys.x_eu_acct_id = org.row_id\r\nleft outer join siebel.s_doc_quote qte \r\non opty_sys.x_quote_id = qte.row_id and\r\nqte.active_flg = 'Y'\r\nleft outer join siebel.s_asset ast\r\non opty_sys.x_pr_functional_loc_id = ast.row_id\r\nleft outer join siebel.s_opty_x opty_x\r\non opty_sys.row_id = opty_x.par_row_id\r\nwhere \r\nopty.opty_cd != 'Equipment' and\r\nopty.integration_id is not null and\r\n((usr.login != 'SADMIN' AND usr.login != 'CSGADM') OR (usr.login = 'SADMIN' AND opty_sys.status_cd in ('Won','Booked','Lost','Signed')) OR (usr.login = 'SADMIN' and opty_sys.created > TIMESTAMP ('$$PROCESS_DATE') + 4 HOUR)) and\r\nopty_sys.status_cd in ('Won','Booked','Abandoned','Active','Lost','Signed') and\r\nopty_sys.par_opty_id is not null and \r\nopty_sys.last_upd > TIMESTAMP ('$$PROCESS_DATE') + 5 HOUR","commandType":0,"isFileList":false,"handleSpecialChars":false,"handleDecimalRoundOff":false,"frsAsset":false,"dynamicFileName":false,"excludeDynamicFileNameField":false,"currentlyProcessedFileName":false,"retainFieldMetadata":false,"objectName":"DUMMY_SQ_S_OPTY_SYST","useExactSrcNames":false,"userUpdated":true,"fetchMode":"ORIGINAL","tgtObjectAttributes":{},"runtimeParameterData":{"@type":"mtTaskRuntimeParameterData","isConnectionRuntimeParameter":false,"isObjectRuntimeParameter":false},"overridableProperties":[],"overriddenFields":[]},{"@type":"mtTaskParameter","id":14492831,"name":"$T_OSC_SBL_OPTY$","type":"TARGET","label":"T_OSC_SBL_OPTY","uiProperties":{"cnxtype":"Oracle","connectionParameterized":"true","paramName":"Target","paramLabel":"","paramType-mapping":"Connection","logcnx":"Target","default":"T_OSC_SBL_OPTY","objectParameterized":"true","objDesc":"","objectParamName":"param_T_OSC_SBL_OPTY","objectParamType-mapping":"DataObject","flags":"SUPPORTS_MULTI_SCHEMA","defaultTargetUpdateColumns":"OPTY_ROW_ID","noCreateTarget":"true","supportApplyDDLChanges":"false","originalPath":"T_OSC_SBL_OPTY"},"targetConnectionId":"@1WJdDPsrEsGgfVqMmD3JYu","targetObject":"T_OSC_SBL_OPTY","targetObjectLabel":"T_OSC_SBL_OPTY","newFlatFile":false,"newObject":false,"showBusinessNames":false,"naturalOrder":false,"truncateTarget":false,"bulkApiDBTarget":false,"operationType":"Upsert","customFuncCfg":{"@type":"customFuncConfig","id":-1,"connections":[],"inputMap":[],"outputFields":[]},"targetRefsV2":{},"targetUpdateColumns":["OPTY_ROW_ID"],"fieldOrderList":[],"extendedObject":{"@type":"extendedObject","object":{"@type":"mObject","name":"T_OSC_SBL_OPTY","label":"T_OSC_SBL_OPTY","metadataUpdated":false,"relations":[],"children":[]},"singleMode":true,"objects":[{"@type":"mObject","name":"T_OSC_SBL_OPTY","label":"T_OSC_SBL_OPTY","metadataUpdated":false,"relations":[],"children":[]}],"filters":[],"sortFields":[]},"runtimeAttrs":{"UPSERT":"YES"},"isRESTModernSource":true,"commandType":0,"isFileList":false,"handleSpecialChars":false,"handleDecimalRoundOff":false,"frsAsset":false,"dynamicFileName":false,"excludeDynamicFileNameField":false,"currentlyProcessedFileName":false,"retainFieldMetadata":false,"objectName":"T_OSC_SBL_OPTY","objectLabel":"T_OSC_SBL_OPTY","useExactSrcNames":false,"userUpdated":true,"fetchMode":"ORIGINAL","tgtObjectAttributes":{},"runtimeParameterData":{"@type":"mtTaskRuntimeParameterData","isConnectionRuntimeParameter":false,"isObjectRuntimeParameter":true,"connectionParameterName":"T_OSC_SBL_OPTY","objectParameterName":"param_T_OSC_SBL_OPTY","objectDefaultValue":"T_OSC_SBL_OPTY"},"overridableProperties":[],"overriddenFields":[]},{"@type":"mtTaskParameter","id":14492832,"name":"$T_OSC_SBL_OPTY_SYSTEM$","type":"TARGET","label":"T_OSC_SBL_OPTY_SYSTEM","uiProperties":{"cnxtype":"Oracle","connectionParameterized":"true","paramName":"Target","paramLabel":"","paramType-mapping":"Connection","logcnx":"Target","default":"T_OSC_SBL_OPTY_SYSTEM","objectParameterized":"true","objDesc":"","objectParamName":"param_T_OSC_SBL_OPTY_SYSTEM","objectParamType-mapping":"DataObject","flags":"SUPPORTS_MULTI_SCHEMA","defaultTargetUpdateColumns":"ROW_ID","noCreateTarget":"true","supportApplyDDLChanges":"false","originalPath":"T_OSC_SBL_OPTY_SYSTEM"},"targetConnectionId":"@1WJdDPsrEsGgfVqMmD3JYu","targetObject":"T_OSC_SBL_OPTY_SYSTEM","targetObjectLabel":"T_OSC_SBL_OPTY_SYSTEM","newFlatFile":false,"newObject":false,"showBusinessNames":false,"naturalOrder":false,"truncateTarget":false,"bulkApiDBTarget":false,"operationType":"Upsert","customFuncCfg":{"@type":"customFuncConfig","id":-1,"connections":[],"inputMap":[],"outputFields":[]},"targetRefsV2":{},"targetUpdateColumns":["ROW_ID"],"fieldOrderList":[],"extendedObject":{"@type":"extendedObject","object":{"@type":"mObject","name":"T_OSC_SBL_OPTY_SYSTEM","label":"T_OSC_SBL_OPTY_SYSTEM","metadataUpdated":false,"relations":[],"children":[]},"singleMode":true,"objects":[{"@type":"mObject","name":"T_OSC_SBL_OPTY_SYSTEM","label":"T_OSC_SBL_OPTY_SYSTEM","metadataUpdated":false,"relations":[],"children":[]}],"filters":[],"sortFields":[]},"runtimeAttrs":{"UPSERT":"YES"},"isRESTModernSource":true,"commandType":0,"isFileList":false,"handleSpecialChars":false,"handleDecimalRoundOff":false,"frsAsset":false,"dynamicFileName":false,"excludeDynamicFileNameField":false,"currentlyProcessedFileName":false,"retainFieldMetadata":false,"objectName":"T_OSC_SBL_OPTY_SYSTEM","objectLabel":"T_OSC_SBL_OPTY_SYSTEM","useExactSrcNames":false,"userUpdated":true,"fetchMode":"ORIGINAL","tgtObjectAttributes":{},"runtimeParameterData":{"@type":"mtTaskRuntimeParameterData","isConnectionRuntimeParameter":false,"isObjectRuntimeParameter":true,"connectionParameterName":"T_OSC_SBL_OPTY_SYSTEM","objectParameterName":"param_T_OSC_SBL_OPTY_SYSTEM","objectDefaultValue":"T_OSC_SBL_OPTY_SYSTEM"},"overridableProperties":[],"overriddenFields":[]},{"@type":"mtTaskParameter","id":14492833,"name":"$LKP_T_OSC_TEMP_DX_CONV$","type":"LOOKUP","label":"LKP_T_OSC_TEMP_DX_CONV","uiProperties":{"cnxtype":"Oracle","connectionParameterized":"true","paramName":"Target","paramLabel":"","paramType-mapping":"Connection","logcnx":"Target","isCachedLookup":"true","multipleMatchPolicy":"Use Any Value","default":"T_OSC_TEMP_DX_CONV","objectParameterized":"false","visible":"false","flags":"SUPPORTS_MULTI_SCHEMA","originalPath":"LKP_T_OSC_TEMP_DX_CONV"},"lookupConnectionId":"@1WJdDPsrEsGgfVqMmD3JYu","lookupObject":"T_OSC_TEMP_DX_CONV","lookupObjectLabel":"","newFlatFile":false,"newObject":false,"showBusinessNames":true,"naturalOrder":true,"truncateTarget":false,"bulkApiDBTarget":false,"lkpFFAttrs":{"@type":"flatFileAttrs","id":12247192,"delimiter":"|","textQualifier":"NONE","escapeChar":"","headerLineNo":1,"firstDataRow":2,"rowDelimiter":0,"consecutiveDelimiter":false,"multiDelimitersAsAnd":false,"firstDataRowAsHeader":false,"codePage":"","customRowDelimiter":"","headerAndDataDelimiter":0},"customFuncCfg":{"@type":"customFuncConfig","id":-1,"connections":[],"inputMap":[],"outputFields":[]},"targetRefsV2":{},"targetUpdateColumns":[],"fieldOrderList":[],"runtimeAttrs":{"Lookup source is static":"false","Case Sensitive String Comparison":"false","Lookup Data Cache Size":"AUTO","Output Old Value On Update":"false","Lookup Source Filter":"","Pre-build lookup cache":"AUTO","Synchronize dynamic cache":"false","Null ordering":"Null Is Highest Value","Thousand Separator":"None","Cache File Name Prefix":"","Lookup Index Cache Size":"AUTO","Optional":"true","Lookup cache persistent":"false","Update Dynamic Cache Condition":"TRUE","Decimal Separator":".","Re-cache from lookup source":"false","Insert Else Update":"false","Lookup caching enabled":"true","Tracing Level":"Normal","Datetime Format":"","Subsecond Precision":"6","Sorted Input":"false","Lookup cache directory name":"$PMCacheDir","Dynamic Lookup Cache":"false"},"isRESTModernSource":true,"commandType":0,"isFileList":false,"handleSpecialChars":false,"handleDecimalRoundOff":false,"frsAsset":false,"dynamicFileName":false,"excludeDynamicFileNameField":false,"currentlyProcessedFileName":false,"retainFieldMetadata":false,"objectName":"T_OSC_TEMP_DX_CONV","objectLabel":"","useExactSrcNames":false,"userUpdated":true,"fetchMode":"ORIGINAL","tgtObjectAttributes":{},"runtimeParameterData":{"@type":"mtTaskRuntimeParameterData","isConnectionRuntimeParameter":false,"isObjectRuntimeParameter":false},"overridableProperties":[],"overriddenFields":[]}],"sequences":[],"inOutParameters":[{"@type":"mtTaskInOutParameter","id":"-1","name":"PROCESS_DATE","description":"","initialValue":"2022-01-13 17:24:05","datatype":"STRING","precision":"21","scale":"0","retentionPolicy":"ON_SUCCESS_OR_WARNING","aggregationType":"MAX","currentValue":"2022-01-13 17:24:05"}],"connRuntimeAttrs":[]}]