[{"@type":"mappingTemplate","id":"@1","name":"m_OSC_ODS_JobMonitoring_TMLoads","description":"Mapping pushed from PC to ICS : m_OSC_ODS_JobMonitoring_TMLoads","autoExpireObject":false,"bundleVersion":"0","assetFrsGuid":"0vMojw83GDIbGcOlf3y36S","templateId":"@2","deployTime":1752054145000,"hasParameters":true,"valid":true,"fixedConnection":false,"hasParametersDeployed":true,"fixedConnectionDeployed":false,"isSchemaValidationEnabled":false,"tasks":1,"allowMaxFieldLength":false,"specialCharacterSupport":false,"references":[]}]