[{"@type":"mappingTemplate","id":"@1","name":"m_OSC_UpdatePostponedLeads","description":"Mapping pushed from PC to ICS : m_OSC_UpdatePostponedLeads","autoExpireObject":false,"bundleVersion":"0","assetFrsGuid":"7KiDHAe1zU7lBnGqy8IfIR","templateId":"@2","deployTime":1752054653000,"hasParameters":true,"valid":true,"fixedConnection":false,"hasParametersDeployed":true,"fixedConnectionDeployed":false,"isSchemaValidationEnabled":false,"tasks":1,"allowMaxFieldLength":false,"specialCharacterSupport":false,"references":[]}]