[{"@type":"mappingTemplate","id":"@1","name":"m_OSC_ODS_JobMonitoring_IDNOptyLoads","description":"Mapping pushed from PC to ICS : m_OSC_ODS_JobMonitoring_IDNOptyLoads","autoExpireObject":false,"bundleVersion":"0","assetFrsGuid":"2rPQiZvjMpplJlNPqZLBM1","templateId":"@2","deployTime":1752054243000,"hasParameters":true,"valid":true,"fixedConnection":false,"hasParametersDeployed":true,"fixedConnectionDeployed":false,"isSchemaValidationEnabled":false,"tasks":1,"allowMaxFieldLength":false,"specialCharacterSupport":false,"references":[]}]