[{"@type":"mappingTemplate","id":"@1","name":"m_OSC_TM_TerritoryToAccountRemoveClassificationCategory","description":"Mapping pushed from PC to ICS : m_OSC_TM_TerritoryToAccountRemoveClassificationCategory","autoExpireObject":false,"bundleVersion":"0","assetFrsGuid":"21NpBWwd14ibTkZhJWBFE2","templateId":"@2","deployTime":1752054116000,"hasParameters":true,"valid":true,"fixedConnection":false,"hasParametersDeployed":true,"fixedConnectionDeployed":false,"isSchemaValidationEnabled":false,"tasks":1,"allowMaxFieldLength":false,"specialCharacterSupport":false,"references":[]}]