[{"@type":"mappingTemplate","id":"@1","name":"ARCHIVE_m_OSC_OSCToSiebel_ValidateProcessStatus_OLI","description":"Mapping pushed from PC to ICS : ARCHIVE_m_OSC_OSCToSiebel_ValidateProcessStatus_OLI","autoExpireObject":false,"bundleVersion":"0","assetFrsGuid":"1qOppPYDIP2i9yPCgCB9id","templateId":"@2","deployTime":1752054286000,"hasParameters":true,"valid":true,"fixedConnection":false,"hasParametersDeployed":true,"fixedConnectionDeployed":false,"isSchemaValidationEnabled":false,"tasks":1,"allowMaxFieldLength":false,"specialCharacterSupport":false,"references":[]}]