[{"@type":"mappingTemplate","id":"@1","name":"m_OSC_JobMonitoring_Account_DupTeamMembers","description":"Mapping pushed from PC to ICS : m_OSC_JobMonitoring_Account_DupTeamMembers","autoExpireObject":false,"bundleVersion":"0","assetFrsGuid":"5hP7EzVvRnpjnxROYq7d6m","templateId":"@2","deployTime":1752054627000,"hasParameters":true,"valid":true,"fixedConnection":false,"hasParametersDeployed":true,"fixedConnectionDeployed":false,"isSchemaValidationEnabled":false,"tasks":1,"allowMaxFieldLength":false,"specialCharacterSupport":false,"references":[]}]