[{"@type":"mappingTemplate","id":"@1","name":"m_OSC_TM_TerritoryToAccountAddClassificationCategory","description":"Mapping pushed from PC to ICS : m_OSC_TM_TerritoryToAccountAddClassificationCategory","autoExpireObject":false,"bundleVersion":"0","assetFrsGuid":"73wdNt4cPyZg4ZW8Bdp5GC","templateId":"@2","deployTime":1752054349000,"hasParameters":true,"valid":true,"fixedConnection":false,"hasParametersDeployed":true,"fixedConnectionDeployed":false,"isSchemaValidationEnabled":false,"tasks":1,"allowMaxFieldLength":false,"specialCharacterSupport":false,"references":[]}]