[{"@type":"mtTask","id":"@1","name":"s_m_OSC_CSEToOSC_Opportunity","description":"Session pushed from PC to ICS : s_m_OSC_CSEToOSC_Opportunity","autoExpireObject":false,"runtimeEnvironmentId":"@4XHzTDjn3M2cETJn1ZRVcd","maxLogs":10,"verbose":false,"mappingId":"@5klna5C8vgbdu2H4vPNg8g","frsGuid":"9TOV9bnNIByi7zd95Css2R","shortDescription":"Session pushed from PC to ICS : s_m_OSC_CSEToOSC_O...","sessionPropertiesList":[{"name":"Allow Temporary Sequence for Pushdown","value":"NO","recommended":false},{"name":"Allow Temporary View for Pushdown","value":"NO","recommended":false},{"name":"Custom Properties","value":"UseFixedWidthConfigMetadata=yes","recommended":false},{"name":"Data Column Delimiter","value":"|","recommended":false},{"name":"Error Log File Name","value":"PMError.log","recommended":false},{"name":"Pushdown Optimization","value":"None","recommended":false},{"name":"Session Log File directory","value":"D:\\CRM\\SessLogs\\","recommended":false}],"hidden":false,"enableCrossSchemaPushdown":false,"enableParallelRun":false,"autoTunedApplied":false,"autoTunedAppliedType":"NONE","parameterFileName":"","parameterFileDir":"","schemaMode":"async","valid":true,"schemaValidationErrorCount":-1,"serverlessProperties":{},"taskProperties":[{"@type":"taskProperty","name":"parameterFileDir","currentValue":"","type":"STRING","label":"label.parameterFileDir","required":false},{"@type":"taskProperty","name":"parameterFileName","currentValue":"","type":"STRING","label":"label.parameterFileName","required":false},{"@type":"taskProperty","name":"outboundMessageUrlQueueTime","currentValue":"","type":"NUMBER","label":"label.outboundMessageUrlQueueTime","required":false},{"@type":"taskProperty","name":"outboundMessageUrlToken","currentValue":"","type":"STRING","label":"label.outboundMessageUrlToken","required":false}],"optimizationPlan":"NONE","isMidstreamPreview":false,"allowMaxFieldLength":false,"specialCharacterSupport":true,"useUserDefinedOrder":false,"parameters":[{"@type":"mtTaskParameter","id":14492739,"name":"$SQ_Export_CSSales_Shareville_Test$","type":"EXTENDED_SOURCE","label":"SQ_Export_CSSales_Shareville_Test","uiProperties":{"cnxtype":"Oracle","connectionParameterized":"true","paramName":"Source","paramLabel":"","paramType-mapping":"Connection","logcnx":"Source","isSelectDistinct":"false","isMsrcFilterParameterized":"false","isMsrcSortParameterized":"false","default":"Export_CSSales_Shareville_Test","objlabel":"param_Export_CSSales_Shareville","origobjlabel":"","objectParameterized":"true","objDesc":"","objectParamName":"param_Export_CSSales_Shareville","objectParamType-mapping":"DataObject","flags":"SUPPORTS_MULTI_SCHEMA","originalPath":"SQ_Export_CSSales_Shareville_Test"},"sourceConnectionId":"@8pNU3PTRa8TlfBlxSJn7AF","newFlatFile":false,"newObject":false,"showBusinessNames":false,"naturalOrder":false,"truncateTarget":false,"bulkApiDBTarget":false,"customFuncCfg":{"@type":"customFuncConfig","id":-1,"connections":[],"inputMap":[],"outputFields":[]},"targetRefsV2":{},"targetUpdateColumns":[],"fieldOrderList":[],"extendedObject":{"@type":"extendedObject","object":{"@type":"mObject","name":"Export_CSSales_Shareville","label":"Export_CSSales_Shareville","metadataUpdated":false,"relations":[],"children":[]},"singleMode":true,"objects":[{"@type":"mObject","name":"Export_CSSales_Shareville","label":"Export_CSSales_Shareville","metadataUpdated":false,"relations":[],"children":[]}],"filters":[],"sortFields":[]},"runtimeAttrs":{},"isRESTModernSource":true,"commandType":0,"isFileList":false,"handleSpecialChars":false,"handleDecimalRoundOff":false,"frsAsset":false,"dynamicFileName":false,"excludeDynamicFileNameField":false,"currentlyProcessedFileName":false,"retainFieldMetadata":false,"useExactSrcNames":false,"userUpdated":true,"fetchMode":"ORIGINAL","tgtObjectAttributes":{},"runtimeParameterData":{"@type":"mtTaskRuntimeParameterData","isConnectionRuntimeParameter":false,"isObjectRuntimeParameter":true,"connectionParameterName":"SQ_Export_CSSales_Shareville_Test","objectParameterName":"param_Export_CSSales_Shareville","objectDefaultValue":"Export_CSSales_Shareville"},"overridableProperties":[],"overriddenFields":[]},{"@type":"mtTaskParameter","id":14492740,"name":"$T_OSC_ERROR_LOG$","type":"TARGET","label":"T_OSC_ERROR_LOG","uiProperties":{"cnxtype":"Oracle","connectionParameterized":"true","paramName":"Source","paramLabel":"","paramType-mapping":"Connection","logcnx":"Source","default":"T_OSC_ERROR_LOG","objectParameterized":"false","visible":"false","flags":"SUPPORTS_MULTI_SCHEMA","defaultTargetUpdateColumns":"","supportApplyDDLChanges":"false","originalPath":"T_OSC_ERROR_LOG"},"targetConnectionId":"@8pNU3PTRa8TlfBlxSJn7AF","targetObject":"T_OSC_ERROR_LOG","targetObjectLabel":"T_OSC_ERROR_LOG","newFlatFile":false,"newObject":false,"showBusinessNames":true,"naturalOrder":true,"truncateTarget":false,"bulkApiDBTarget":false,"operationType":"Insert","tgtFFAttrs":{"@type":"flatFileAttrs","id":12247104,"delimiter":"|","textQualifier":"NONE","escapeChar":"","headerLineNo":1,"rowDelimiter":0,"consecutiveDelimiter":false,"multiDelimitersAsAnd":false,"codePage":""},"customFuncCfg":{"@type":"customFuncConfig","id":-1,"connections":[],"inputMap":[],"outputFields":[]},"targetRefsV2":{},"targetUpdateColumns":[],"fieldOrderList":[],"extendedObject":{"@type":"extendedObject","singleMode":true,"filters":[],"sortFields":[]},"runtimeAttrs":{"INSERT":"YES"},"isRESTModernSource":true,"commandType":0,"isFileList":false,"handleSpecialChars":false,"handleDecimalRoundOff":false,"frsAsset":false,"dynamicFileName":false,"excludeDynamicFileNameField":false,"currentlyProcessedFileName":false,"retainFieldMetadata":false,"objectName":"T_OSC_ERROR_LOG","objectLabel":"T_OSC_ERROR_LOG","useExactSrcNames":false,"userUpdated":true,"fetchMode":"ORIGINAL","tgtObjectAttributes":{},"runtimeParameterData":{"@type":"mtTaskRuntimeParameterData","isConnectionRuntimeParameter":false,"isObjectRuntimeParameter":false},"overridableProperties":[],"overriddenFields":[]},{"@type":"mtTaskParameter","id":14492741,"name":"$ff_tgt_osc_cse_opty$","type":"TARGET","label":"ff_tgt_osc_cse_opty","uiProperties":{"cnxtype":"CSVFile","connectionParameterized":"true","paramName":"ff_tgt_osc_cse_optyTgtParameter","paramLabel":"","paramType-mapping":"Connection","logcnx":"ff_tgt_osc_cse_optyTgtParameter","default":"osc_cse_opty.csv","objectParameterized":"false","visible":"false","defaultTargetUpdateColumns":"","supportApplyDDLChanges":"false","originalPath":"ff_tgt_osc_cse_opty"},"targetConnectionId":"@7zPviSeakQYeXngvyLYecz","targetObject":"osc_cse_opty.csv","targetObjectLabel":"osc_cse_opty.csv","newFlatFile":false,"newObject":true,"showBusinessNames":true,"naturalOrder":true,"newObjectName":"osc_cse_opty.csv","truncateTarget":false,"bulkApiDBTarget":false,"operationType":"Insert","tgtFFAttrs":{"@type":"flatFileAttrs","id":12247105,"delimiter":"|","textQualifier":"NONE","escapeChar":"","headerLineNo":1,"rowDelimiter":0,"consecutiveDelimiter":false,"multiDelimitersAsAnd":false,"codePage":""},"customFuncCfg":{"@type":"customFuncConfig","id":-1,"connections":[],"inputMap":[],"outputFields":[]},"targetRefsV2":{},"targetUpdateColumns":[],"fieldOrderList":[],"extendedObject":{"@type":"extendedObject","object":{"@type":"mObject","name":"osc_cse_opty.csv","label":"osc_cse_opty.csv","metadataUpdated":false,"relations":[],"children":[]},"singleMode":true,"objects":[{"@type":"mObject","name":"osc_cse_opty.csv","label":"osc_cse_opty.csv","metadataUpdated":false,"relations":[],"children":[]}],"filters":[],"sortFields":[]},"runtimeAttrs":{},"isRESTModernSource":true,"commandType":0,"isFileList":false,"handleSpecialChars":false,"handleDecimalRoundOff":false,"frsAsset":false,"dynamicFileName":false,"excludeDynamicFileNameField":false,"currentlyProcessedFileName":false,"retainFieldMetadata":false,"objectName":"osc_cse_opty.csv","objectLabel":"osc_cse_opty.csv","useExactSrcNames":false,"userUpdated":true,"fetchMode":"ORIGINAL","tgtObjectAttributes":{},"runtimeParameterData":{"@type":"mtTaskRuntimeParameterData","isConnectionRuntimeParameter":false,"isObjectRuntimeParameter":false},"overridableProperties":[],"overriddenFields":[]},{"@type":"mtTaskParameter","id":14492742,"name":"$LKP_T_OSC_LST_OF_VAL$","type":"LOOKUP","label":"LKP_T_OSC_LST_OF_VAL","uiProperties":{"cnxtype":"CSVFile","connectionParameterized":"true","paramName":"Target","paramLabel":"","paramType-mapping":"Connection","logcnx":"Target","isCachedLookup":"true","multipleMatchPolicy":"Use Any Value","objectParameterized":"false","visible":"false","originalPath":"LKP_T_OSC_LST_OF_VAL"},"lookupConnectionId":"@1WJdDPsrEsGgfVqMmD3JYu","lookupObject":"DUMMY_LKP_T_OSC_LST_OF_VAL","newFlatFile":false,"newObject":false,"showBusinessNames":true,"naturalOrder":true,"truncateTarget":false,"bulkApiDBTarget":false,"lkpFFAttrs":{"@type":"flatFileAttrs","id":12247106,"delimiter":"|","textQualifier":"NONE","escapeChar":"","headerLineNo":1,"firstDataRow":2,"rowDelimiter":0,"consecutiveDelimiter":false,"multiDelimitersAsAnd":false,"firstDataRowAsHeader":false,"codePage":"","customRowDelimiter":"","headerAndDataDelimiter":0},"customFuncCfg":{"@type":"customFuncConfig","id":-1,"connections":[],"inputMap":[],"outputFields":[]},"targetRefsV2":{},"targetUpdateColumns":[],"fieldOrderList":[],"runtimeAttrs":{"Lookup source is static":"false","Case Sensitive String Comparison":"false","Lookup Data Cache Size":"AUTO","Output Old Value On Update":"false","Lookup Source Filter":"","Pre-build lookup cache":"AUTO","Synchronize dynamic cache":"false","Null ordering":"Null Is Highest Value","Thousand Separator":"None","Cache File Name Prefix":"","Lookup Index Cache Size":"AUTO","Optional":"true","Lookup cache persistent":"false","Update Dynamic Cache Condition":"TRUE","Decimal Separator":".","Re-cache from lookup source":"false","Insert Else Update":"false","Lookup caching enabled":"true","Tracing Level":"Normal","Datetime Format":"","Subsecond Precision":"6","Sorted Input":"false","Lookup cache directory name":"$PMCacheDir","Dynamic Lookup Cache":"false"},"isRESTModernSource":true,"customQuery":"SELECT \r\nVAL as VAL, \r\nTYPE as TYPE\r\nFROM \r\nOSC.T_OSC_LST_OF_VAL\r\nWHERE\r\nACTIVE = 'Y'","commandType":0,"isFileList":false,"handleSpecialChars":false,"handleDecimalRoundOff":false,"frsAsset":false,"dynamicFileName":false,"excludeDynamicFileNameField":false,"currentlyProcessedFileName":false,"retainFieldMetadata":false,"objectName":"DUMMY_LKP_T_OSC_LST_OF_VAL","useExactSrcNames":false,"userUpdated":true,"fetchMode":"ORIGINAL","tgtObjectAttributes":{},"runtimeParameterData":{"@type":"mtTaskRuntimeParameterData","isConnectionRuntimeParameter":false,"isObjectRuntimeParameter":false},"overridableProperties":[],"overriddenFields":[]},{"@type":"mtTaskParameter","id":14492743,"name":"$LKP_T_OSC_ORG_SAPINVITRO$","type":"LOOKUP","label":"LKP_T_OSC_ORG_SAPINVITRO","uiProperties":{"cnxtype":"CSVFile","connectionParameterized":"true","paramName":"Target","paramLabel":"","paramType-mapping":"Connection","logcnx":"Target","isCachedLookup":"true","multipleMatchPolicy":"Use Any Value","objectParameterized":"false","visible":"false","originalPath":"LKP_T_OSC_ORG_SAPINVITRO"},"lookupConnectionId":"@1WJdDPsrEsGgfVqMmD3JYu","lookupObject":"DUMMY_LKP_T_OSC_ORG_SAPINVITRO","newFlatFile":false,"newObject":false,"showBusinessNames":true,"naturalOrder":true,"truncateTarget":false,"bulkApiDBTarget":false,"lkpFFAttrs":{"@type":"flatFileAttrs","id":12247107,"delimiter":"|","textQualifier":"NONE","escapeChar":"","headerLineNo":1,"firstDataRow":2,"rowDelimiter":0,"consecutiveDelimiter":false,"multiDelimitersAsAnd":false,"firstDataRowAsHeader":false,"codePage":"","customRowDelimiter":"","headerAndDataDelimiter":0},"customFuncCfg":{"@type":"customFuncConfig","id":-1,"connections":[],"inputMap":[],"outputFields":[]},"targetRefsV2":{},"targetUpdateColumns":[],"fieldOrderList":[],"runtimeAttrs":{"Lookup source is static":"false","Case Sensitive String Comparison":"false","Lookup Data Cache Size":"AUTO","Output Old Value On Update":"false","Lookup Source Filter":"","Pre-build lookup cache":"AUTO","Synchronize dynamic cache":"false","Null ordering":"Null Is Highest Value","Thousand Separator":"None","Cache File Name Prefix":"","Lookup Index Cache Size":"AUTO","Optional":"true","Lookup cache persistent":"false","Update Dynamic Cache Condition":"TRUE","Decimal Separator":".","Re-cache from lookup source":"false","Insert Else Update":"false","Lookup caching enabled":"true","Tracing Level":"Normal","Datetime Format":"","Subsecond Precision":"6","Sorted Input":"false","Lookup cache directory name":"$PMCacheDir","Dynamic Lookup Cache":"false"},"isRESTModernSource":true,"customQuery":"SELECT \r\nPARTYID as PARTYID,\r\nSAPIDINVITRO as SAPIDINVITRO\r\nFROM \r\nOSC.T_OSC_ORG\r\nWHERE\r\nCOUNTRYCODE = 'DE'\r\n--","commandType":0,"isFileList":false,"handleSpecialChars":false,"handleDecimalRoundOff":false,"frsAsset":false,"dynamicFileName":false,"excludeDynamicFileNameField":false,"currentlyProcessedFileName":false,"retainFieldMetadata":false,"objectName":"DUMMY_LKP_T_OSC_ORG_SAPINVITRO","useExactSrcNames":false,"userUpdated":true,"fetchMode":"ORIGINAL","tgtObjectAttributes":{},"runtimeParameterData":{"@type":"mtTaskRuntimeParameterData","isConnectionRuntimeParameter":false,"isObjectRuntimeParameter":false},"overridableProperties":[],"overriddenFields":[]},{"@type":"mtTaskParameter","id":14492744,"name":"$LKP_T_OSC_ORG_SAPINVIVO$","type":"LOOKUP","label":"LKP_T_OSC_ORG_SAPINVIVO","uiProperties":{"cnxtype":"CSVFile","connectionParameterized":"true","paramName":"Target","paramLabel":"","paramType-mapping":"Connection","logcnx":"Target","isCachedLookup":"true","multipleMatchPolicy":"Use Any Value","objectParameterized":"false","visible":"false","originalPath":"LKP_T_OSC_ORG_SAPINVIVO"},"lookupConnectionId":"@1WJdDPsrEsGgfVqMmD3JYu","lookupObject":"DUMMY_LKP_T_OSC_ORG_SAPINVIVO","newFlatFile":false,"newObject":false,"showBusinessNames":true,"naturalOrder":true,"truncateTarget":false,"bulkApiDBTarget":false,"lkpFFAttrs":{"@type":"flatFileAttrs","id":12247108,"delimiter":"|","textQualifier":"NONE","escapeChar":"","headerLineNo":1,"firstDataRow":2,"rowDelimiter":0,"consecutiveDelimiter":false,"multiDelimitersAsAnd":false,"firstDataRowAsHeader":false,"codePage":"","customRowDelimiter":"","headerAndDataDelimiter":0},"customFuncCfg":{"@type":"customFuncConfig","id":-1,"connections":[],"inputMap":[],"outputFields":[]},"targetRefsV2":{},"targetUpdateColumns":[],"fieldOrderList":[],"runtimeAttrs":{"Lookup source is static":"false","Case Sensitive String Comparison":"false","Lookup Data Cache Size":"AUTO","Output Old Value On Update":"false","Lookup Source Filter":"","Pre-build lookup cache":"AUTO","Synchronize dynamic cache":"false","Null ordering":"Null Is Highest Value","Thousand Separator":"None","Cache File Name Prefix":"","Lookup Index Cache Size":"AUTO","Optional":"true","Lookup cache persistent":"false","Update Dynamic Cache Condition":"TRUE","Decimal Separator":".","Re-cache from lookup source":"false","Insert Else Update":"false","Lookup caching enabled":"true","Tracing Level":"Normal","Datetime Format":"","Subsecond Precision":"6","Sorted Input":"false","Lookup cache directory name":"$PMCacheDir","Dynamic Lookup Cache":"false"},"isRESTModernSource":true,"customQuery":"SELECT \r\nPARTYID as PARTYID,\r\nSAPIDINVIVO as SAPIDINVIVO \r\nFROM \r\nOSC.T_OSC_ORG\r\nWHERE\r\nCOUNTRYCODE = 'DE'\r\n--","commandType":0,"isFileList":false,"handleSpecialChars":false,"handleDecimalRoundOff":false,"frsAsset":false,"dynamicFileName":false,"excludeDynamicFileNameField":false,"currentlyProcessedFileName":false,"retainFieldMetadata":false,"objectName":"DUMMY_LKP_T_OSC_ORG_SAPINVIVO","useExactSrcNames":false,"userUpdated":true,"fetchMode":"ORIGINAL","tgtObjectAttributes":{},"runtimeParameterData":{"@type":"mtTaskRuntimeParameterData","isConnectionRuntimeParameter":false,"isObjectRuntimeParameter":false},"overridableProperties":[],"overriddenFields":[]}],"sequences":[],"inOutParameters":[],"connRuntimeAttrs":[]}]