[{"@type":"mappingTemplate","id":"@1","name":"m_OSC_Delete_AccountTeam_InactiveUsers","description":"Mapping pushed from PC to ICS : m_OSC_Delete_AccountTeam_InactiveUsers","autoExpireObject":false,"bundleVersion":"0","assetFrsGuid":"6HLqhV4k8wAhgTGANAPbgN","templateId":"@2","deployTime":1754374940000,"hasParameters":true,"valid":true,"fixedConnection":false,"hasParametersDeployed":true,"fixedConnectionDeployed":false,"isSchemaValidationEnabled":false,"tasks":1,"allowMaxFieldLength":false,"specialCharacterSupport":false,"references":[]}]