[{"@type":"fwConfig","id":"@1","name":"FW_m_OSC_VBEZ_AccountTeamExtractff_tgt_osc_vbez_accountteam_primaryinvivorep","description":"","autoExpireObject":false,"lineSequential":false,"padBytes":1,"skipRows":0,"nullChar":"*","nullCharType":"ASCII","repeatNullChar":false,"stripTrailingBlank":false,"dateFormat":"A  19 mm/dd/yyyy hh24:mi:ss","columns":[{"@type":"fwColumn","name":"ACCOUNT_NUMBER","nativeType":"string","precision":10,"physicalLength":0,"scale":0},{"@type":"fwColumn","name":"COUNTRY_CODE","nativeType":"string","precision":2,"physicalLength":0,"scale":0},{"@type":"fwColumn","name":"EMPLOYEE_GID","nativeType":"string","precision":8,"physicalLength":0,"scale":0},{"@type":"fwColumn","name":"POSITION_TYPE","nativeType":"string","precision":2,"physicalLength":0,"scale":0},{"@type":"fwColumn","name":"BUSINESS_AREA","nativeType":"string","precision":10,"physicalLength":0,"scale":0},{"@type":"fwColumn","name":"DESCRIPTION","nativeType":"string","precision":50,"physicalLength":0,"scale":0}]}]