[{"@type":"mappingTemplate","id":"@1","name":"m_OSC_UpdateOpportunityOwner","description":"Mapping pushed from PC to ICS : m_OSC_UpdateOpportunityOwner","autoExpireObject":false,"bundleVersion":"0","assetFrsGuid":"0woygjzP7gsgrNYnlQbJWU","templateId":"@2","deployTime":1752054641000,"hasParameters":true,"valid":true,"fixedConnection":false,"hasParametersDeployed":true,"fixedConnectionDeployed":false,"isSchemaValidationEnabled":false,"tasks":1,"allowMaxFieldLength":false,"specialCharacterSupport":false,"references":[]}]