[{"@type":"mappingTemplate","id":"@1","name":"ARCHIVE_m_OSC_OSCToCSE_OpportunityOLI","description":"Mapping pushed from PC to ICS : ARCHIVE_m_OSC_OSCToCSE_OpportunityOLI","autoExpireObject":false,"bundleVersion":"0","assetFrsGuid":"1UTYV9ox0x9cvgYSj287e4","templateId":"@2","deployTime":1752054714000,"hasParameters":true,"valid":true,"fixedConnection":false,"hasParametersDeployed":true,"fixedConnectionDeployed":false,"isSchemaValidationEnabled":false,"tasks":1,"allowMaxFieldLength":false,"specialCharacterSupport":false,"references":[]}]