[{"@type":"mtTask","id":"@1","name":"s_m_OSC_Asset_IBRDataImport","description":"Session pushed from PC to ICS : s_m_OSC_Asset_IBRDataImport","autoExpireObject":false,"runtimeEnvironmentId":"@4XHzTDjn3M2cETJn1ZRVcd","maxLogs":10,"verbose":false,"mappingId":"@1Ui0gr6ilo7lYcG4ZTrLyW","frsGuid":"310CaUtqduFe5vXwv4KfsT","shortDescription":"Session pushed from PC to ICS : s_m_OSC_Asset_IBRD...","sessionPropertiesList":[{"name":"Allow Temporary Sequence for Pushdown","value":"NO","recommended":false},{"name":"Allow Temporary View for Pushdown","value":"NO","recommended":false},{"name":"Custom Properties","value":"UseFixedWidthConfigMetadata=yes","recommended":false},{"name":"Data Column Delimiter","value":"|","recommended":false},{"name":"Error Log File Name","value":"PMError.log","recommended":false},{"name":"Pushdown Optimization","value":"None","recommended":false},{"name":"Session Log File directory","value":"D:\\CRM\\SessLogs\\","recommended":false}],"hidden":false,"enableCrossSchemaPushdown":false,"enableParallelRun":false,"autoTunedApplied":false,"autoTunedAppliedType":"NONE","parameterFileName":"","parameterFileDir":"","schemaMode":"async","valid":true,"schemaValidationErrorCount":-1,"serverlessProperties":{},"taskProperties":[{"@type":"taskProperty","name":"parameterFileDir","currentValue":"","type":"STRING","label":"label.parameterFileDir","required":false},{"@type":"taskProperty","name":"parameterFileName","currentValue":"","type":"STRING","label":"label.parameterFileName","required":false},{"@type":"taskProperty","name":"outboundMessageUrlQueueTime","currentValue":"","type":"NUMBER","label":"label.outboundMessageUrlQueueTime","required":false},{"@type":"taskProperty","name":"outboundMessageUrlToken","currentValue":"","type":"STRING","label":"label.outboundMessageUrlToken","required":false}],"optimizationPlan":"NONE","isMidstreamPreview":false,"allowMaxFieldLength":false,"specialCharacterSupport":true,"useUserDefinedOrder":false,"parameters":[{"@type":"mtTaskParameter","id":14492484,"name":"$SQ_Ibr_Recommendations$","type":"SOURCE","label":"SQ_Ibr_Recommendations","uiProperties":{"cnxtype":"ODBC","connectionParameterized":"true","paramName":"SQ_Ibr_RecommendationsSrcParameter","paramLabel":"","paramType-mapping":"Connection","logcnx":"SQ_Ibr_RecommendationsSrcParameter","isSelectDistinct":"false","objectParameterized":"false","visible":"false","isCustomQueryRetainMetaData":"true","originalPath":"SQ_Ibr_Recommendations"},"sourceConnectionId":"@izoe4zZh1GFkZMqDpYyQYN","sourceObject":"DUMMY_SQ_Ibr_Recommendations","newFlatFile":false,"newObject":false,"showBusinessNames":true,"naturalOrder":true,"truncateTarget":false,"bulkApiDBTarget":false,"srcFFAttrs":{"@type":"flatFileAttrs","id":12246871,"delimiter":"|","textQualifier":"NONE","escapeChar":"","headerLineNo":1,"firstDataRow":2,"rowDelimiter":0,"consecutiveDelimiter":false,"multiDelimitersAsAnd":false,"firstDataRowAsHeader":false,"codePage":"","customRowDelimiter":"","headerAndDataDelimiter":0},"customFuncCfg":{"@type":"customFuncConfig","id":-1,"connections":[],"inputMap":[],"outputFields":[]},"targetRefsV2":{},"targetUpdateColumns":[],"fieldOrderList":[],"runtimeAttrs":{},"isRESTModernSource":true,"customQuery":"SELECT\r\n\"ASSET_ID\" asset_id,\r\n\"Recommended Portfolio Type\" recommended_portfolio_type,\r\n\"Functional Location\" functional_location,\r\n\"Marketing Link\" marketing_link,\r\n\"Marketing Link Label\" marketing_link_label,\r\n\"Prerequisite 1\" prerequisite_1,\r\n\"Prerequisite 2\" prerequisite_2,\r\n\"Prerequisite 3\" prerequisite_3,\r\n\"Recommendation Priority\" recommendation_priority,\r\n\"Typical Recommended Portfolio\" typical_recommended_portfolio,\r\n\"Recommendation\" recommendation_overview,\r\n\"Service Profitability (Category)\" service_profitability_category,\r\n\"System prioritized for sales action (Flag)\" system_prioritized_flag,\r\n\"Tree Status (OPAL)\" tree_status_opal\r\nFROM \r\n\"ACCESSLAYER\".\"AC_CRMCLOUD_999_FLATTABLES_4_EXPERTUSER_P\".\"IBR Recommendations\" \r\nWHERE\r\n\"ASSET_ID\" is not null and\r\n\"Recommended Portfolio Type\" is not null and \r\n\"Recommended Portfolio Type\" != 'NULL' and \r\n\"Typical Recommended Portfolio\" != 'NULL' and  \r\n\"Typical Recommended Portfolio\" is not null","commandType":0,"isFileList":false,"handleSpecialChars":false,"handleDecimalRoundOff":false,"frsAsset":false,"dynamicFileName":false,"excludeDynamicFileNameField":false,"currentlyProcessedFileName":false,"retainFieldMetadata":false,"objectName":"DUMMY_SQ_Ibr_Recommendations","useExactSrcNames":false,"userUpdated":true,"fetchMode":"ORIGINAL","tgtObjectAttributes":{},"runtimeParameterData":{"@type":"mtTaskRuntimeParameterData","isConnectionRuntimeParameter":false,"isObjectRuntimeParameter":false},"overridableProperties":[],"overriddenFields":[]},{"@type":"mtTaskParameter","id":14492485,"name":"$T_OSC_TEMP_ASSET_IBR$","type":"TARGET","label":"T_OSC_TEMP_ASSET_IBR","uiProperties":{"cnxtype":"Oracle","connectionParameterized":"true","paramName":"T_OSC_TEMP_ASSET_IBRTgtParameter","paramLabel":"","paramType-mapping":"Connection","logcnx":"T_OSC_TEMP_ASSET_IBRTgtParameter","default":"T_OSC_TEMP_ASSET_IBR","objectParameterized":"false","visible":"false","flags":"SUPPORTS_MULTI_SCHEMA","defaultTargetUpdateColumns":"","supportApplyDDLChanges":"false","originalPath":"T_OSC_TEMP_ASSET_IBR"},"targetConnectionId":"@1WJdDPsrEsGgfVqMmD3JYu","targetObject":"T_OSC_TEMP_ASSET_IBR","targetObjectLabel":"T_OSC_TEMP_ASSET_IBR","newFlatFile":false,"newObject":false,"showBusinessNames":true,"naturalOrder":true,"truncateTarget":true,"bulkApiDBTarget":false,"operationType":"Insert","tgtFFAttrs":{"@type":"flatFileAttrs","id":12246872,"delimiter":"|","textQualifier":"NONE","escapeChar":"","headerLineNo":1,"rowDelimiter":0,"consecutiveDelimiter":false,"multiDelimitersAsAnd":false,"codePage":""},"customFuncCfg":{"@type":"customFuncConfig","id":-1,"connections":[],"inputMap":[],"outputFields":[]},"targetRefsV2":{},"targetUpdateColumns":[],"fieldOrderList":[],"extendedObject":{"@type":"extendedObject","singleMode":true,"filters":[],"sortFields":[]},"runtimeAttrs":{"INSERT":"YES"},"isRESTModernSource":true,"commandType":0,"isFileList":false,"handleSpecialChars":false,"handleDecimalRoundOff":false,"frsAsset":false,"dynamicFileName":false,"excludeDynamicFileNameField":false,"currentlyProcessedFileName":false,"retainFieldMetadata":false,"objectName":"T_OSC_TEMP_ASSET_IBR","objectLabel":"T_OSC_TEMP_ASSET_IBR","useExactSrcNames":false,"userUpdated":true,"fetchMode":"ORIGINAL","tgtObjectAttributes":{},"runtimeParameterData":{"@type":"mtTaskRuntimeParameterData","isConnectionRuntimeParameter":false,"isObjectRuntimeParameter":false},"overridableProperties":[],"overriddenFields":[]}],"sequences":[],"inOutParameters":[],"connRuntimeAttrs":[]}]