[{"@type":"mappingTemplate","id":"@1","name":"m_OSC_Load_Temp_Expiring_Contracts","description":"Mapping pushed from PC to ICS : m_OSC_Load_Temp_Expiring_Contracts","autoExpireObject":false,"bundleVersion":"0","assetFrsGuid":"aNJxcsr3T1JikiH3kjCFU9","templateId":"@2","deployTime":1752054505000,"hasParameters":true,"valid":true,"fixedConnection":false,"hasParametersDeployed":true,"fixedConnectionDeployed":false,"isSchemaValidationEnabled":false,"tasks":1,"allowMaxFieldLength":false,"specialCharacterSupport":false,"references":[]}]