[{"@type":"mappingTemplate","id":"@1","name":"m_dummy_IDS_SFDCSTG","description":"","bundleVersion":"0","assetFrsGuid":"4IKLgXEAumTlBSZJHaROiO","templateId":"@3","deployTime":1733392162000,"hasParameters":true,"valid":true,"fixedConnection":true,"hasParametersDeployed":true,"fixedConnectionDeployed":true,"isSchemaValidationEnabled":false,"tasks":1,"mappingPreviewFileRecordId":"@2","documentType":"MAPPING","references":[{"@type":"reference","refObjectId":"@emeLiudA5QEhOkwuoq0jkl","refType":"connection"}]}]