[{"@type":"mappingTemplate","id":"@1","name":"ARCHIVE_m_OSC_Conversion_DX_SyncOpportunityDelink","description":"Mapping pushed from PC to ICS : ARCHIVE_m_OSC_Conversion_DX_SyncOpportunityDelink","autoExpireObject":false,"bundleVersion":"0","assetFrsGuid":"dV4anwyhRaTbFqHwF9yasY","templateId":"@2","deployTime":1752054344000,"hasParameters":true,"valid":true,"fixedConnection":false,"hasParametersDeployed":true,"fixedConnectionDeployed":false,"isSchemaValidationEnabled":false,"tasks":1,"allowMaxFieldLength":false,"specialCharacterSupport":false,"references":[]}]