[{"@type":"mtTask","id":"@1","name":"s_m_OSC_UpdateGoldsheetDate","description":"Session pushed from PC to ICS : s_m_OSC_UpdateGoldsheetDate","autoExpireObject":false,"runtimeEnvironmentId":"@4XHzTDjn3M2cETJn1ZRVcd","maxLogs":10,"verbose":false,"mappingId":"@kayR0dkAj4gf76bfwe49QQ","frsGuid":"hiknjuxSj8ykHy42Jf294B","shortDescription":"Session pushed from PC to ICS : s_m_OSC_UpdateGold...","sessionPropertiesList":[{"name":"Allow Temporary Sequence for Pushdown","value":"NO","recommended":false},{"name":"Allow Temporary View for Pushdown","value":"NO","recommended":false},{"name":"Custom Properties","value":"UseFixedWidthConfigMetadata=yes","recommended":false},{"name":"Data Column Delimiter","value":"|","recommended":false},{"name":"Error Log File Name","value":"PMError.log","recommended":false},{"name":"Pushdown Optimization","value":"None","recommended":false},{"name":"Session Log File directory","value":"D:\\CRM\\SessLogs\\","recommended":false}],"hidden":false,"enableCrossSchemaPushdown":false,"enableParallelRun":false,"autoTunedApplied":false,"autoTunedAppliedType":"NONE","parameterFileName":"","parameterFileDir":"","schemaMode":"async","valid":true,"schemaValidationErrorCount":-1,"serverlessProperties":{},"taskProperties":[{"@type":"taskProperty","name":"parameterFileDir","currentValue":"","type":"STRING","label":"label.parameterFileDir","required":false},{"@type":"taskProperty","name":"parameterFileName","currentValue":"","type":"STRING","label":"label.parameterFileName","required":false},{"@type":"taskProperty","name":"outboundMessageUrlQueueTime","currentValue":"","type":"NUMBER","label":"label.outboundMessageUrlQueueTime","required":false},{"@type":"taskProperty","name":"outboundMessageUrlToken","currentValue":"","type":"STRING","label":"label.outboundMessageUrlToken","required":false}],"optimizationPlan":"NONE","isMidstreamPreview":false,"allowMaxFieldLength":false,"specialCharacterSupport":true,"useUserDefinedOrder":false,"parameters":[{"@type":"mtTaskParameter","id":14492909,"name":"$SQ_T_OSC_GOLDSHEET_FOP_OPTY$","type":"SOURCE","label":"SQ_T_OSC_GOLDSHEET_FOP_OPTY","uiProperties":{"cnxtype":"Oracle","connectionParameterized":"true","paramName":"SQ_T_OSC_GOLDSHEET_FOP_OPTYSrcParameter","paramLabel":"","paramType-mapping":"Connection","logcnx":"SQ_T_OSC_GOLDSHEET_FOP_OPTYSrcParameter","isSelectDistinct":"false","objectParameterized":"false","visible":"false","isCustomQueryRetainMetaData":"true","flags":"SUPPORTS_MULTI_SCHEMA","originalPath":"SQ_T_OSC_GOLDSHEET_FOP_OPTY"},"sourceConnectionId":"@1WJdDPsrEsGgfVqMmD3JYu","sourceObject":"DUMMY_SQ_T_OSC_GOLDSHEET_FOP_OPTY","newFlatFile":false,"newObject":false,"showBusinessNames":true,"naturalOrder":true,"truncateTarget":false,"bulkApiDBTarget":false,"srcFFAttrs":{"@type":"flatFileAttrs","id":12247251,"delimiter":"|","textQualifier":"NONE","escapeChar":"","headerLineNo":1,"firstDataRow":2,"rowDelimiter":0,"consecutiveDelimiter":false,"multiDelimitersAsAnd":false,"firstDataRowAsHeader":false,"codePage":"","customRowDelimiter":"","headerAndDataDelimiter":0},"customFuncCfg":{"@type":"customFuncConfig","id":-1,"connections":[],"inputMap":[],"outputFields":[]},"targetRefsV2":{},"targetUpdateColumns":[],"fieldOrderList":[],"runtimeAttrs":{},"isRESTModernSource":true,"customQuery":"SELECT\r\nmax(a.lastupdatedate) as lastupdatedate,\r\nmax(b.first_name || ' ' || b.last_name) as lastupdatedby,\r\na.recordnumber as recordnumber\r\nFROM (\r\nselect recordnumber, lastupdatedby, lastupdatedate from osc.t_osc_goldsheet_sso where to_date(lastupdatedate,'YYYY-MM-DD HH24:MI:SS') > sysdate - 1\r\nunion all\r\nselect recordnumber, lastupdatedby, lastupdatedate from osc.t_osc_goldsheet_fop_opty where to_date(lastupdatedate,'YYYY-MM-DD HH24:MI:SS') > sysdate - 1\r\nunion all\r\nselect recordnumber, lastupdatedby, lastupdatedate from osc.t_osc_goldsheet_fop_ss where to_date(lastupdatedate,'YYYY-MM-DD HH24:MI:SS') > sysdate - 1\r\nunion all\r\nselect recordnumber, lastupdatedby, lastupdatedate from osc.t_osc_goldsheet_fop_trend where to_date(lastupdatedate,'YYYY-MM-DD HH24:MI:SS') > sysdate - 1\r\nunion all\r\nselect recordnumber, lastupdatedby, lastupdatedate from osc.t_osc_goldsheet_rel_act where to_date(lastupdatedate,'YYYY-MM-DD HH24:MI:SS') > sysdate - 1\r\nunion all\r\nselect recordnumber, lastupdatedby, lastupdatedate from osc.t_osc_goldsheet_rel_goal where to_date(lastupdatedate,'YYYY-MM-DD HH24:MI:SS') > sysdate - 1\r\nunion all\r\nselect recordnumber, lastupdatedby, lastupdatedate from osc.t_osc_goldsheet_str_player where to_date(lastupdatedate,'YYYY-MM-DD HH24:MI:SS') > sysdate - 1\r\nunion all\r\nselect goldsheetrecordnumber as recordnumber, lastupdatedby, lastupdateddate as lastupdatedate from osc.t_osc_mh_activity where goldsheetrecordnumber is not null and to_date(lastupdateddate,'YYYY-MM-DD HH24:MI:SS') > sysdate - 1\r\n) a, osc.t_osc_resource b\r\nWHERE\r\na.lastupdatedby = b.username\r\nGROUP BY a.recordnumber","commandType":0,"isFileList":false,"handleSpecialChars":false,"handleDecimalRoundOff":false,"frsAsset":false,"dynamicFileName":false,"excludeDynamicFileNameField":false,"currentlyProcessedFileName":false,"retainFieldMetadata":false,"objectName":"DUMMY_SQ_T_OSC_GOLDSHEET_FOP_OPTY","useExactSrcNames":false,"userUpdated":true,"fetchMode":"ORIGINAL","tgtObjectAttributes":{},"runtimeParameterData":{"@type":"mtTaskRuntimeParameterData","isConnectionRuntimeParameter":false,"isObjectRuntimeParameter":false},"overridableProperties":[],"overriddenFields":[]},{"@type":"mtTaskParameter","id":14492910,"name":"$ff_tgt_osc_goldsheet_dateupdate$","type":"TARGET","label":"ff_tgt_osc_goldsheet_dateupdate","uiProperties":{"cnxtype":"CSVFile","connectionParameterized":"true","paramName":"ff_tgt_osc_goldsheet_dateupdateTgtParameter","paramLabel":"","paramType-mapping":"Connection","logcnx":"ff_tgt_osc_goldsheet_dateupdateTgtParameter","default":"GoldsheetDateUpdate-Account.csv","objectParameterized":"false","visible":"false","defaultTargetUpdateColumns":"","supportApplyDDLChanges":"false","originalPath":"ff_tgt_osc_goldsheet_dateupdate"},"targetConnectionId":"@6HKCzII2EuQl35yE1n9kYf","targetObject":"GoldsheetDateUpdate-Account.csv","targetObjectLabel":"GoldsheetDateUpdate-Account.csv","newFlatFile":false,"newObject":true,"showBusinessNames":true,"naturalOrder":true,"newObjectName":"GoldsheetDateUpdate-Account.csv","truncateTarget":false,"bulkApiDBTarget":false,"operationType":"Insert","tgtFFAttrs":{"@type":"flatFileAttrs","id":12247252,"delimiter":",","textQualifier":"NONE","escapeChar":"","headerLineNo":1,"rowDelimiter":0,"consecutiveDelimiter":false,"multiDelimitersAsAnd":false,"codePage":""},"customFuncCfg":{"@type":"customFuncConfig","id":-1,"connections":[],"inputMap":[],"outputFields":[]},"targetRefsV2":{},"targetUpdateColumns":[],"fieldOrderList":[],"extendedObject":{"@type":"extendedObject","object":{"@type":"mObject","name":"GoldsheetDateUpdate-Account.csv","label":"GoldsheetDateUpdate-Account.csv","metadataUpdated":false,"relations":[],"children":[]},"singleMode":true,"objects":[{"@type":"mObject","name":"GoldsheetDateUpdate-Account.csv","label":"GoldsheetDateUpdate-Account.csv","metadataUpdated":false,"relations":[],"children":[]}],"filters":[],"sortFields":[]},"runtimeAttrs":{},"isRESTModernSource":true,"commandType":0,"isFileList":false,"handleSpecialChars":false,"handleDecimalRoundOff":false,"frsAsset":false,"dynamicFileName":false,"excludeDynamicFileNameField":false,"currentlyProcessedFileName":false,"retainFieldMetadata":false,"objectName":"GoldsheetDateUpdate-Account.csv","objectLabel":"GoldsheetDateUpdate-Account.csv","useExactSrcNames":false,"userUpdated":true,"fetchMode":"ORIGINAL","tgtObjectAttributes":{},"runtimeParameterData":{"@type":"mtTaskRuntimeParameterData","isConnectionRuntimeParameter":false,"isObjectRuntimeParameter":false},"overridableProperties":[],"overriddenFields":[]}],"sequences":[],"inOutParameters":[],"connRuntimeAttrs":[]}]