[{"@type":"mappingTemplate","id":"@1","name":"ARCHIVE_m_OSC_CRM_CRMLeads","description":"Mapping pushed from PC to ICS : ARCHIVE_m_OSC_CRM_CRMLeads","autoExpireObject":false,"bundleVersion":"0","assetFrsGuid":"1UTqFxH2LnIkzsLdtwC8e7","templateId":"@2","deployTime":1752054232000,"hasParameters":true,"valid":true,"fixedConnection":false,"hasParametersDeployed":true,"fixedConnectionDeployed":false,"isSchemaValidationEnabled":false,"tasks":1,"allowMaxFieldLength":false,"specialCharacterSupport":false,"references":[]}]