[{"@type":"mappingTemplate","id":"@1","name":"m_OSC_Load_Account_UltimateParentExport","description":"Mapping pushed from PC to ICS : m_OSC_Load_Account_UltimateParentExport","autoExpireObject":false,"bundleVersion":"0","assetFrsGuid":"8d0s6OyysmBcMUYe5O4BEQ","templateId":"@2","deployTime":1752054375000,"hasParameters":true,"valid":true,"fixedConnection":false,"hasParametersDeployed":true,"fixedConnectionDeployed":false,"isSchemaValidationEnabled":false,"tasks":1,"allowMaxFieldLength":false,"specialCharacterSupport":false,"references":[]}]