[{"@type":"mtTask","id":"@1","name":"s_m_OSC_UpdateOpportunityWithIDNDetails","description":"Session pushed from PC to ICS : s_m_OSC_UpdateOpportunityWithIDNDetails","autoExpireObject":false,"runtimeEnvironmentId":"@4XHzTDjn3M2cETJn1ZRVcd","maxLogs":10,"verbose":false,"mappingId":"@lMj1OZy6cAbgFlSgoYMJGR","frsGuid":"7AaR6GCGJ1CirsMBjQRGw0","shortDescription":"Session pushed from PC to ICS : s_m_OSC_UpdateOppo...","sessionPropertiesList":[{"name":"Allow Temporary Sequence for Pushdown","value":"NO","recommended":false},{"name":"Allow Temporary View for Pushdown","value":"NO","recommended":false},{"name":"Custom Properties","value":"UseFixedWidthConfigMetadata=yes","recommended":false},{"name":"Data Column Delimiter","value":"|","recommended":false},{"name":"Error Log File Name","value":"PMError.log","recommended":false},{"name":"Pushdown Optimization","value":"None","recommended":false},{"name":"Session Log File directory","value":"D:\\CRM\\SessLogs\\","recommended":false}],"hidden":false,"enableCrossSchemaPushdown":false,"enableParallelRun":false,"autoTunedApplied":false,"autoTunedAppliedType":"NONE","parameterFileName":"","parameterFileDir":"","schemaMode":"async","valid":true,"schemaValidationErrorCount":-1,"serverlessProperties":{},"taskProperties":[{"@type":"taskProperty","name":"parameterFileDir","currentValue":"","type":"STRING","label":"label.parameterFileDir","required":false},{"@type":"taskProperty","name":"parameterFileName","currentValue":"","type":"STRING","label":"label.parameterFileName","required":false},{"@type":"taskProperty","name":"outboundMessageUrlQueueTime","currentValue":"","type":"NUMBER","label":"label.outboundMessageUrlQueueTime","required":false},{"@type":"taskProperty","name":"outboundMessageUrlToken","currentValue":"","type":"STRING","label":"label.outboundMessageUrlToken","required":false}],"optimizationPlan":"NONE","isMidstreamPreview":false,"allowMaxFieldLength":false,"specialCharacterSupport":true,"useUserDefinedOrder":false,"parameters":[{"@type":"mtTaskParameter","id":14492907,"name":"$SQ_T_OSC_ORG$","type":"SOURCE","label":"SQ_T_OSC_ORG","uiProperties":{"cnxtype":"Oracle","connectionParameterized":"true","paramName":"SQ_T_OSC_ORGSrcParameter","paramLabel":"","paramType-mapping":"Connection","logcnx":"SQ_T_OSC_ORGSrcParameter","isSelectDistinct":"false","objectParameterized":"false","visible":"false","isCustomQueryRetainMetaData":"true","flags":"SUPPORTS_MULTI_SCHEMA","originalPath":"SQ_T_OSC_ORG"},"sourceConnectionId":"@1WJdDPsrEsGgfVqMmD3JYu","sourceObject":"DUMMY_SQ_T_OSC_ORG","newFlatFile":false,"newObject":false,"showBusinessNames":true,"naturalOrder":true,"truncateTarget":false,"bulkApiDBTarget":false,"srcFFAttrs":{"@type":"flatFileAttrs","id":12247249,"delimiter":"|","textQualifier":"NONE","escapeChar":"","headerLineNo":1,"firstDataRow":2,"rowDelimiter":0,"consecutiveDelimiter":false,"multiDelimitersAsAnd":false,"firstDataRowAsHeader":false,"codePage":"","customRowDelimiter":"","headerAndDataDelimiter":0},"customFuncCfg":{"@type":"customFuncConfig","id":-1,"connections":[],"inputMap":[],"outputFields":[]},"targetRefsV2":{},"targetUpdateColumns":[],"fieldOrderList":[],"runtimeAttrs":{"Sql Override":"SELECT \r\na.opportunitynumber opportunitynumber ,\r\nc.partyid partyid,\r\nc.oscregistryid oscregistryid,\r\nc.accountname accountname\r\nFROM\r\nosc.t_osc_opty_idn a, \r\nosc.t_osc_org b, \r\nosc.t_osc_org c\r\nWHERE \r\na.accountid = b.partyid and \r\nb.ultimateaccountid_c = c.partyid and \r\nb.ultimateaccountid_c is not null and\r\n(a.idnaccountnumber is null or a.idnaccountnumber != c.oscregistryid) and\r\nb.countrycode in ('US','CA') and\r\nc.countrycode in ('US','CA') and (a.accountcountry in ('US','CA') or a.businessunit = '300000808731227')"},"isRESTModernSource":true,"customQuery":"SELECT \r\na.opportunitynumber opportunitynumber ,\r\nc.partyid partyid,\r\nc.oscregistryid oscregistryid,\r\nc.accountname accountname\r\nFROM\r\nt_osc_opty_idn a, \r\nt_osc_org b, \r\nt_osc_org c\r\nWHERE \r\na.accountid = b.partyid and \r\nb.ultimateaccountid_c = c.partyid and \r\nb.ultimateaccountid_c is not null and\r\n(a.idnaccountnumber is null or a.idnaccountnumber != c.oscregistryid) and\r\nb.countrycode in ('US','CA') and\r\nc.countrycode in ('US','CA') and (a.accountcountry in ('US','CA') or a.businessunit = '300000808731227')","commandType":0,"isFileList":false,"handleSpecialChars":false,"handleDecimalRoundOff":false,"frsAsset":false,"dynamicFileName":false,"excludeDynamicFileNameField":false,"currentlyProcessedFileName":false,"retainFieldMetadata":false,"objectName":"DUMMY_SQ_T_OSC_ORG","useExactSrcNames":false,"userUpdated":true,"fetchMode":"ORIGINAL","tgtObjectAttributes":{},"runtimeParameterData":{"@type":"mtTaskRuntimeParameterData","isConnectionRuntimeParameter":false,"isObjectRuntimeParameter":false},"overridableProperties":[],"overriddenFields":[]},{"@type":"mtTaskParameter","id":14492908,"name":"$ff_tgt_osc_opty_idn$","type":"TARGET","label":"ff_tgt_osc_opty_idn","uiProperties":{"cnxtype":"CSVFile","connectionParameterized":"true","paramName":"ff_tgt_osc_opty_idnTgtParameter","paramLabel":"","paramType-mapping":"Connection","logcnx":"ff_tgt_osc_opty_idnTgtParameter","default":"MHOptyIDNUpdate-Opportunities.csv","objectParameterized":"false","visible":"false","defaultTargetUpdateColumns":"","supportApplyDDLChanges":"false","originalPath":"ff_tgt_osc_opty_idn"},"targetConnectionId":"@3mmYdjS0UHulG5fd91NWqT","targetObject":"MHOptyIDNUpdate-Opportunities.csv","targetObjectLabel":"MHOptyIDNUpdate-Opportunities.csv","newFlatFile":false,"newObject":true,"showBusinessNames":true,"naturalOrder":true,"newObjectName":"MHOptyIDNUpdate-Opportunities.csv","truncateTarget":false,"bulkApiDBTarget":false,"operationType":"Insert","tgtFFAttrs":{"@type":"flatFileAttrs","id":12247250,"delimiter":"|","textQualifier":"NONE","escapeChar":"","headerLineNo":1,"rowDelimiter":10,"consecutiveDelimiter":false,"multiDelimitersAsAnd":false,"codePage":""},"customFuncCfg":{"@type":"customFuncConfig","id":-1,"connections":[],"inputMap":[],"outputFields":[]},"targetRefsV2":{},"targetUpdateColumns":[],"fieldOrderList":[],"extendedObject":{"@type":"extendedObject","object":{"@type":"mObject","name":"MHOptyIDNUpdate-Opportunities.csv","label":"MHOptyIDNUpdate-Opportunities.csv","metadataUpdated":false,"relations":[],"children":[]},"singleMode":true,"objects":[{"@type":"mObject","name":"MHOptyIDNUpdate-Opportunities.csv","label":"MHOptyIDNUpdate-Opportunities.csv","metadataUpdated":false,"relations":[],"children":[]}],"filters":[],"sortFields":[]},"runtimeAttrs":{},"isRESTModernSource":true,"commandType":0,"isFileList":false,"handleSpecialChars":false,"handleDecimalRoundOff":false,"frsAsset":false,"dynamicFileName":false,"excludeDynamicFileNameField":false,"currentlyProcessedFileName":false,"retainFieldMetadata":false,"objectName":"MHOptyIDNUpdate-Opportunities.csv","objectLabel":"MHOptyIDNUpdate-Opportunities.csv","useExactSrcNames":false,"userUpdated":true,"fetchMode":"ORIGINAL","tgtObjectAttributes":{},"runtimeParameterData":{"@type":"mtTaskRuntimeParameterData","isConnectionRuntimeParameter":false,"isObjectRuntimeParameter":false},"overridableProperties":[],"overriddenFields":[]}],"sequences":[],"inOutParameters":[],"connRuntimeAttrs":[]}]