[{"@type":"mappingTemplate","id":"@1","name":"m_OSC_CRM_LTWLeads","description":"Mapping pushed from PC to ICS : m_OSC_CRM_LTWLeads","autoExpireObject":false,"bundleVersion":"0","assetFrsGuid":"2UcO2VQGKbdltfL40eEnI6","templateId":"@2","deployTime":1752054601000,"hasParameters":true,"valid":true,"fixedConnection":false,"hasParametersDeployed":true,"fixedConnectionDeployed":false,"isSchemaValidationEnabled":false,"tasks":1,"allowMaxFieldLength":false,"specialCharacterSupport":false,"references":[]}]