[{"@type":"mappingTemplate","id":"@1","name":"m_OSC_TM_TerritoryToAccountDeleteAssignmentCrtieria","description":"Mapping pushed from PC to ICS : m_OSC_TM_TerritoryToAccountDeleteAssignmentCrtieria","autoExpireObject":false,"bundleVersion":"0","assetFrsGuid":"6fjUMZS4YmZisRje2JDOU5","templateId":"@2","deployTime":1752054190000,"hasParameters":true,"valid":true,"fixedConnection":false,"hasParametersDeployed":true,"fixedConnectionDeployed":false,"isSchemaValidationEnabled":false,"tasks":1,"allowMaxFieldLength":false,"specialCharacterSupport":false,"references":[]}]