[{"@type":"mappingTemplate","id":"@1","name":"m_OSC_UpdateAssetOpportunityRelStatus","description":"Mapping pushed from PC to ICS : m_OSC_UpdateAssetOpportunityRelStatus","autoExpireObject":false,"bundleVersion":"0","assetFrsGuid":"1yeA3wnveLIdNDH83L0LUK","templateId":"@2","deployTime":1752054354000,"hasParameters":true,"valid":true,"fixedConnection":false,"hasParametersDeployed":true,"fixedConnectionDeployed":false,"isSchemaValidationEnabled":false,"tasks":1,"allowMaxFieldLength":false,"specialCharacterSupport":false,"references":[]}]