[{"@type":"mtTask","id":"@1","name":"s_m_OSC_TM_TerritoryToAccountAddClassificationCategory","description":"Session pushed from PC to ICS : s_m_OSC_TM_TerritoryToAccountAddClassificationCategory","autoExpireObject":false,"runtimeEnvironmentId":"@4XHzTDjn3M2cETJn1ZRVcd","maxLogs":10,"verbose":false,"mappingId":"@73wdNt4cPyZg4ZW8Bdp5GC","frsGuid":"hw335xHW6kdj80wRWghOC8","shortDescription":"Session pushed from PC to ICS : s_m_OSC_TM_Territo...","sessionPropertiesList":[{"name":"Allow Temporary Sequence for Pushdown","value":"NO","recommended":false},{"name":"Allow Temporary View for Pushdown","value":"NO","recommended":false},{"name":"Custom Properties","value":"UseFixedWidthConfigMetadata=yes","recommended":false},{"name":"Data Column Delimiter","value":"|","recommended":false},{"name":"Error Log File Name","value":"PMError.log","recommended":false},{"name":"Pushdown Optimization","value":"None","recommended":false}],"hidden":false,"enableCrossSchemaPushdown":false,"enableParallelRun":false,"autoTunedApplied":false,"autoTunedAppliedType":"NONE","parameterFileName":"","parameterFileDir":"","schemaMode":"async","valid":true,"schemaValidationErrorCount":-1,"serverlessProperties":{},"taskProperties":[{"@type":"taskProperty","name":"parameterFileDir","currentValue":"","type":"STRING","label":"label.parameterFileDir","required":false},{"@type":"taskProperty","name":"parameterFileName","currentValue":"","type":"STRING","label":"label.parameterFileName","required":false},{"@type":"taskProperty","name":"outboundMessageUrlQueueTime","currentValue":"","type":"NUMBER","label":"label.outboundMessageUrlQueueTime","required":false},{"@type":"taskProperty","name":"outboundMessageUrlToken","currentValue":"","type":"STRING","label":"label.outboundMessageUrlToken","required":false}],"optimizationPlan":"NONE","isMidstreamPreview":false,"allowMaxFieldLength":false,"specialCharacterSupport":true,"useUserDefinedOrder":false,"parameters":[{"@type":"mtTaskParameter","id":14492611,"name":"$SQ_T_OSC_LEGACY_POSN_NAME$","type":"EXTENDED_SOURCE","label":"SQ_T_OSC_LEGACY_POSN_NAME","uiProperties":{"cnxtype":"Oracle","connectionParameterized":"true","paramName":"SQ_T_OSC_LEGACY_POSN_NAMESrcParameter","paramLabel":"","paramType-mapping":"Connection","logcnx":"SQ_T_OSC_LEGACY_POSN_NAMESrcParameter","isSelectDistinct":"false","isMsrcFilterParameterized":"true","isMsrcSortParameterized":"false","msrcFilterDefault":"ADDINCLASSIFICATION = 'Y' AND\r\nLASTUPDATEDATE > TO_DATE('$$PROCESS_DATE','YYYY-MM-DD HH24:MI:SS') - 1","msrcFilterParamDesc":"","isFFRetainMetaData":"true","objectParameterized":"false","isCustomQueryRetainMetaData":"true","flags":"SUPPORTS_MULTI_SCHEMA","originalPath":"SQ_T_OSC_LEGACY_POSN_NAME"},"sourceConnectionId":"@0Jc0mSYEs3QgEw3dghX2aW","newFlatFile":false,"newObject":false,"showBusinessNames":true,"naturalOrder":true,"truncateTarget":false,"bulkApiDBTarget":false,"srcFFAttrs":{"@type":"flatFileAttrs","id":12246981,"delimiter":"|","textQualifier":"NONE","escapeChar":"","headerLineNo":1,"firstDataRow":2,"rowDelimiter":0,"consecutiveDelimiter":false,"multiDelimitersAsAnd":false,"firstDataRowAsHeader":false,"codePage":"","customRowDelimiter":"","headerAndDataDelimiter":0},"customFuncCfg":{"@type":"customFuncConfig","id":-1,"connections":[],"inputMap":[],"outputFields":[]},"targetRefsV2":{},"targetUpdateColumns":[],"fieldOrderList":[],"extendedObject":{"@type":"extendedObject","object":{"@type":"mObject","name":"T_OSC_LEGACY_POSN_NAME","label":"T_OSC_LEGACY_POSN_NAME","metadataUpdated":false,"dbSchema":"","relations":[],"children":[]},"advancedFilterExpression":"ADDINCLASSIFICATION = 'Y' AND\r\nLASTUPDATEDATE > TO_DATE('$$PROCESS_DATE','YYYY-MM-DD HH24:MI:SS') - 1","singleMode":true,"objects":[{"@type":"mObject","name":"T_OSC_LEGACY_POSN_NAME","label":"T_OSC_LEGACY_POSN_NAME","metadataUpdated":false,"dbSchema":"","relations":[],"children":[]}],"filters":[],"sortFields":[]},"runtimeAttrs":{},"isRESTModernSource":true,"commandType":0,"isFileList":false,"handleSpecialChars":false,"handleDecimalRoundOff":false,"frsAsset":false,"dynamicFileName":false,"excludeDynamicFileNameField":false,"currentlyProcessedFileName":false,"retainFieldMetadata":false,"useExactSrcNames":false,"userUpdated":true,"fetchMode":"ORIGINAL","tgtObjectAttributes":{},"runtimeParameterData":{"@type":"mtTaskRuntimeParameterData","isConnectionRuntimeParameter":false,"isObjectRuntimeParameter":false},"overridableProperties":[],"overriddenFields":[]},{"@type":"mtTaskParameter","id":14492612,"name":"$ff_tgt_osc_tm_classificationcategory$","type":"TARGET","label":"ff_tgt_osc_tm_classificationcategory","uiProperties":{"cnxtype":"CSVFile","connectionParameterized":"true","paramName":"ff_tgt_osc_tm_classificationcategoryTgtParameter","paramLabel":"","paramType-mapping":"Connection","logcnx":"ff_tgt_osc_tm_classificationcategoryTgtParameter","default":"TMAddClassificationCategory-Account.csv","objectParameterized":"false","visible":"false","defaultTargetUpdateColumns":"","supportApplyDDLChanges":"false","originalPath":"ff_tgt_osc_tm_classificationcategory"},"targetConnectionId":"@3b5fUeogNFDgfN22G4mky2","targetObject":"TMAddClassificationCategory-Account.csv","targetObjectLabel":"TMAddClassificationCategory-Account.csv","newFlatFile":false,"newObject":true,"showBusinessNames":true,"naturalOrder":true,"newObjectName":"TMAddClassificationCategory-Account.csv","truncateTarget":false,"bulkApiDBTarget":false,"operationType":"Insert","tgtFFAttrs":{"@type":"flatFileAttrs","id":12246982,"delimiter":",","textQualifier":"NONE","escapeChar":"","headerLineNo":1,"rowDelimiter":0,"consecutiveDelimiter":false,"multiDelimitersAsAnd":false,"codePage":""},"customFuncCfg":{"@type":"customFuncConfig","id":-1,"connections":[],"inputMap":[],"outputFields":[]},"targetRefsV2":{},"targetUpdateColumns":[],"fieldOrderList":[],"extendedObject":{"@type":"extendedObject","object":{"@type":"mObject","name":"TMAddClassificationCategory-Account.csv","label":"TMAddClassificationCategory-Account.csv","metadataUpdated":false,"relations":[],"children":[]},"singleMode":true,"objects":[{"@type":"mObject","name":"TMAddClassificationCategory-Account.csv","label":"TMAddClassificationCategory-Account.csv","metadataUpdated":false,"relations":[],"children":[]}],"filters":[],"sortFields":[]},"runtimeAttrs":{},"isRESTModernSource":true,"commandType":0,"isFileList":false,"handleSpecialChars":false,"handleDecimalRoundOff":false,"frsAsset":false,"dynamicFileName":false,"excludeDynamicFileNameField":false,"currentlyProcessedFileName":false,"retainFieldMetadata":false,"objectName":"TMAddClassificationCategory-Account.csv","objectLabel":"TMAddClassificationCategory-Account.csv","useExactSrcNames":false,"userUpdated":true,"fetchMode":"ORIGINAL","tgtObjectAttributes":{},"runtimeParameterData":{"@type":"mtTaskRuntimeParameterData","isConnectionRuntimeParameter":false,"isObjectRuntimeParameter":false},"overridableProperties":[],"overriddenFields":[]}],"sequences":[],"inOutParameters":[{"@type":"mtTaskInOutParameter","id":"-1","name":"PROCESS_DATE","description":"","initialValue":"2022-01-13 05:00:04","datatype":"STRING","precision":"19","scale":"0","retentionPolicy":"ON_SUCCESS_OR_WARNING","aggregationType":"MAX","currentValue":"2022-01-13 05:00:04"}],"connRuntimeAttrs":[]}]