[{"@type":"mtTask","id":"@1","name":"s_m_OSC_UpdateAccountCreditInformationP58","description":"Session pushed from PC to ICS : s_m_OSC_UpdateAccountCreditInformationP58","autoExpireObject":false,"runtimeEnvironmentId":"@4XHzTDjn3M2cETJn1ZRVcd","maxLogs":10,"verbose":false,"mappingId":"@8Myu7zfMUJWkJYs5Cmek2K","frsGuid":"6y0Q2F3cJoRkWbbaSJ6Rqv","shortDescription":"Session pushed from PC to ICS : s_m_OSC_UpdateAcco...","sessionPropertiesList":[{"name":"Allow Temporary Sequence for Pushdown","value":"NO","recommended":false},{"name":"Allow Temporary View for Pushdown","value":"NO","recommended":false},{"name":"Custom Properties","value":"UseFixedWidthConfigMetadata=yes","recommended":false},{"name":"Data Column Delimiter","value":"|","recommended":false},{"name":"Error Log File Name","value":"PMError.log","recommended":false},{"name":"Pushdown Optimization","value":"None","recommended":false}],"hidden":false,"enableCrossSchemaPushdown":false,"enableParallelRun":false,"autoTunedApplied":false,"autoTunedAppliedType":"NONE","parameterFileName":"","parameterFileDir":"","schemaMode":"async","valid":true,"schemaValidationErrorCount":-1,"serverlessProperties":{},"taskProperties":[{"@type":"taskProperty","name":"parameterFileDir","currentValue":"","type":"STRING","label":"label.parameterFileDir","required":false},{"@type":"taskProperty","name":"parameterFileName","currentValue":"","type":"STRING","label":"label.parameterFileName","required":false},{"@type":"taskProperty","name":"outboundMessageUrlQueueTime","currentValue":"","type":"NUMBER","label":"label.outboundMessageUrlQueueTime","required":false},{"@type":"taskProperty","name":"outboundMessageUrlToken","currentValue":"","type":"STRING","label":"label.outboundMessageUrlToken","required":false}],"optimizationPlan":"NONE","isMidstreamPreview":false,"allowMaxFieldLength":false,"specialCharacterSupport":true,"useUserDefinedOrder":false,"parameters":[{"@type":"mtTaskParameter","id":14492486,"name":"$SQ_Credit_Information_P58$","type":"SOURCE","label":"SQ_Credit_Information_P58","uiProperties":{"cnxtype":"ODBC","connectionParameterized":"true","paramName":"SQ_Credit_Information_P58SrcParameter","paramLabel":"","paramType-mapping":"Connection","logcnx":"SQ_Credit_Information_P58SrcParameter","isSelectDistinct":"false","objectParameterized":"false","visible":"false","isCustomQueryRetainMetaData":"true","originalPath":"SQ_Credit_Information_P58"},"sourceConnectionId":"@7SGu7RcKjSYjktyckyp5iT","sourceObject":"DUMMY_SQ_Credit_Information_P58","newFlatFile":false,"newObject":false,"showBusinessNames":true,"naturalOrder":true,"truncateTarget":false,"bulkApiDBTarget":false,"srcFFAttrs":{"@type":"flatFileAttrs","id":12246873,"delimiter":"|","textQualifier":"NONE","escapeChar":"","headerLineNo":1,"firstDataRow":2,"rowDelimiter":0,"consecutiveDelimiter":false,"multiDelimitersAsAnd":false,"firstDataRowAsHeader":false,"codePage":"","customRowDelimiter":"","headerAndDataDelimiter":0},"customFuncCfg":{"@type":"customFuncConfig","id":-1,"connections":[],"inputMap":[],"outputFields":[]},"targetRefsV2":{},"targetUpdateColumns":[],"fieldOrderList":[],"runtimeAttrs":{"Sql Override":"select \r\nA.\"PARTNER\" as PARTNER,\r\nsubstr(\"GRADE_METHOD\",7,2) as COUNTRY_CODE,\r\nA.\"DATE_TO\" as DATE_TO, \r\nA.\"DATE_FROM\" as DATE_FROM, \r\nA.\"DATE_WHEN\" as DATE_WHEN, \r\nB.\"RATING\" as RATING \r\nfrom \r\n\"ACCESSLAYER\".\"AC_NAMVBCS_P\".\"SV_P58_P_BP1012\" A,\r\n\"ACCESSLAYER\".\"AC_NAMVBCS_P\".\"SV_P58_P_BP1010\" B\r\nwhere A.\"PARTNER\" = B.\"PARTNR\" AND\r\nA.\"GRADE_METHOD\" != 'SCW RATING' AND\r\nB.\"RATING\" IS NOT NULL\r\nAND A.\"PARTNER\" IN (\r\n'0000061553',\r\n'1000198177',\r\n'1000242780',\r\n'1000242984',\r\n'1000037141',\r\n'1000064178',\r\n'1000174574',\r\n'1000064691',\r\n'1000198091',\r\n'1000045904',\r\n'1000315519',\r\n'1000315669')"},"isRESTModernSource":true,"customQuery":"select \r\nA.\"PARTNER\" as PARTNER,\r\nsubstr(\"GRADE_METHOD\",7,2) as COUNTRY_CODE,\r\nA.\"DATE_TO\" as DATE_TO, \r\nA.\"DATE_FROM\" as DATE_FROM, \r\nA.\"DATE_WHEN\" as DATE_WHEN, \r\nB.\"RATING\" as RATING \r\nfrom \r\n\"ACCESSLAYER\".\"AC_NAMVBCS_P\".\"SV_P58_P_BP1012\" A,\r\n\"ACCESSLAYER\".\"AC_NAMVBCS_P\".\"SV_P58_P_BP1010\" B\r\nwhere A.\"PARTNER\" = B.\"PARTNR\" AND\r\nA.\"GRADE_METHOD\" != 'SCW RATING' AND\r\nB.\"RATING\" IS NOT NULL","commandType":0,"isFileList":false,"handleSpecialChars":false,"handleDecimalRoundOff":false,"frsAsset":false,"dynamicFileName":false,"excludeDynamicFileNameField":false,"currentlyProcessedFileName":false,"retainFieldMetadata":false,"objectName":"DUMMY_SQ_Credit_Information_P58","useExactSrcNames":false,"userUpdated":true,"fetchMode":"ORIGINAL","tgtObjectAttributes":{},"runtimeParameterData":{"@type":"mtTaskRuntimeParameterData","isConnectionRuntimeParameter":false,"isObjectRuntimeParameter":false},"overridableProperties":[],"overriddenFields":[]},{"@type":"mtTaskParameter","id":14492487,"name":"$ff_tgt_osc_account_financialrating$","type":"TARGET","label":"ff_tgt_osc_account_financialrating","uiProperties":{"cnxtype":"CSVFile","connectionParameterized":"true","paramName":"ff_tgt_osc_account_financialratingTgtParameter","paramLabel":"","paramType-mapping":"Connection","logcnx":"ff_tgt_osc_account_financialratingTgtParameter","default":"AccountCreditInfoP58Update-Account.csv","objectParameterized":"false","visible":"false","defaultTargetUpdateColumns":"","supportApplyDDLChanges":"false","originalPath":"ff_tgt_osc_account_financialrating"},"targetConnectionId":"@9EwJCTesD2eb7KwjAGCOSa","targetObject":"AccountCreditInfoP58Update-Account.csv","targetObjectLabel":"AccountCreditInfoP58Update-Account.csv","newFlatFile":false,"newObject":true,"showBusinessNames":true,"naturalOrder":true,"newObjectName":"AccountCreditInfoP58Update-Account.csv","truncateTarget":false,"bulkApiDBTarget":false,"operationType":"Insert","tgtFFAttrs":{"@type":"flatFileAttrs","id":12246874,"delimiter":",","textQualifier":"NONE","escapeChar":"","headerLineNo":1,"rowDelimiter":0,"consecutiveDelimiter":false,"multiDelimitersAsAnd":false,"codePage":""},"customFuncCfg":{"@type":"customFuncConfig","id":-1,"connections":[],"inputMap":[],"outputFields":[]},"targetRefsV2":{},"targetUpdateColumns":[],"fieldOrderList":[],"extendedObject":{"@type":"extendedObject","object":{"@type":"mObject","name":"AccountCreditInfoP58Update-Account.csv","label":"AccountCreditInfoP58Update-Account.csv","metadataUpdated":false,"relations":[],"children":[]},"singleMode":true,"objects":[{"@type":"mObject","name":"AccountCreditInfoP58Update-Account.csv","label":"AccountCreditInfoP58Update-Account.csv","metadataUpdated":false,"relations":[],"children":[]}],"filters":[],"sortFields":[]},"runtimeAttrs":{},"isRESTModernSource":true,"commandType":0,"isFileList":false,"handleSpecialChars":false,"handleDecimalRoundOff":false,"frsAsset":false,"dynamicFileName":false,"excludeDynamicFileNameField":false,"currentlyProcessedFileName":false,"retainFieldMetadata":false,"objectName":"AccountCreditInfoP58Update-Account.csv","objectLabel":"AccountCreditInfoP58Update-Account.csv","useExactSrcNames":false,"userUpdated":true,"fetchMode":"ORIGINAL","tgtObjectAttributes":{},"runtimeParameterData":{"@type":"mtTaskRuntimeParameterData","isConnectionRuntimeParameter":false,"isObjectRuntimeParameter":false},"overridableProperties":[],"overriddenFields":[]},{"@type":"mtTaskParameter","id":14492488,"name":"$LKP_T_OSC_CREDIT_RATING_MAP$","type":"LOOKUP","label":"LKP_T_OSC_CREDIT_RATING_MAP","uiProperties":{"cnxtype":"ODBC","connectionParameterized":"true","paramName":"Source","paramLabel":"","paramType-mapping":"Connection","logcnx":"Source","isCachedLookup":"true","multipleMatchPolicy":"Use Any Value","objectParameterized":"false","visible":"false","originalPath":"LKP_T_OSC_CREDIT_RATING_MAP"},"lookupConnectionId":"@1WJdDPsrEsGgfVqMmD3JYu","lookupObject":"DUMMY_LKP_T_OSC_CREDIT_RATING_MAP","newFlatFile":false,"newObject":false,"showBusinessNames":true,"naturalOrder":true,"truncateTarget":false,"bulkApiDBTarget":false,"lkpFFAttrs":{"@type":"flatFileAttrs","id":12246875,"delimiter":"|","textQualifier":"NONE","escapeChar":"","headerLineNo":1,"firstDataRow":2,"rowDelimiter":0,"consecutiveDelimiter":false,"multiDelimitersAsAnd":false,"firstDataRowAsHeader":false,"codePage":"","customRowDelimiter":"","headerAndDataDelimiter":0},"customFuncCfg":{"@type":"customFuncConfig","id":-1,"connections":[],"inputMap":[],"outputFields":[]},"targetRefsV2":{},"targetUpdateColumns":[],"fieldOrderList":[],"runtimeAttrs":{"Lookup source is static":"false","Case Sensitive String Comparison":"false","Lookup Data Cache Size":"AUTO","Output Old Value On Update":"false","Lookup Source Filter":"","Pre-build lookup cache":"AUTO","Synchronize dynamic cache":"false","Null ordering":"Null Is Highest Value","Thousand Separator":"None","Cache File Name Prefix":"","Lookup Index Cache Size":"AUTO","Optional":"true","Lookup cache persistent":"false","Update Dynamic Cache Condition":"TRUE","Decimal Separator":".","Re-cache from lookup source":"false","Insert Else Update":"false","Lookup caching enabled":"true","Tracing Level":"Normal","Datetime Format":"","Subsecond Precision":"6","Sorted Input":"false","Lookup cache directory name":"$PMCacheDir","Dynamic Lookup Cache":"false"},"isRESTModernSource":true,"customQuery":"SELECT \r\nRATING_DESCRIPTION as RATING_DESCRIPTION, RATING as RATING \r\nFROM \r\nosc.T_OSC_CREDIT_RATING_MAP\r\n--","commandType":0,"isFileList":false,"handleSpecialChars":false,"handleDecimalRoundOff":false,"frsAsset":false,"dynamicFileName":false,"excludeDynamicFileNameField":false,"currentlyProcessedFileName":false,"retainFieldMetadata":false,"objectName":"DUMMY_LKP_T_OSC_CREDIT_RATING_MAP","useExactSrcNames":false,"userUpdated":true,"fetchMode":"ORIGINAL","tgtObjectAttributes":{},"runtimeParameterData":{"@type":"mtTaskRuntimeParameterData","isConnectionRuntimeParameter":false,"isObjectRuntimeParameter":false},"overridableProperties":[],"overriddenFields":[]},{"@type":"mtTaskParameter","id":14492489,"name":"$LKP_T_OSC_FINANCIAL_RATING_ADMIN$","type":"LOOKUP","label":"LKP_T_OSC_FINANCIAL_RATING_ADMIN","uiProperties":{"cnxtype":"ODBC","connectionParameterized":"true","paramName":"Source","paramLabel":"","paramType-mapping":"Connection","logcnx":"Source","isCachedLookup":"true","multipleMatchPolicy":"Use Any Value","default":"T_OSC_FINANCIAL_RATING_ADMIN","objectParameterized":"false","visible":"false","originalPath":"LKP_T_OSC_FINANCIAL_RATING_ADMIN"},"lookupConnectionId":"@1WJdDPsrEsGgfVqMmD3JYu","lookupObject":"T_OSC_FINANCIAL_RATING_ADMIN","lookupObjectLabel":"","newFlatFile":false,"newObject":false,"showBusinessNames":true,"naturalOrder":true,"truncateTarget":false,"bulkApiDBTarget":false,"lkpFFAttrs":{"@type":"flatFileAttrs","id":12246876,"delimiter":"|","textQualifier":"NONE","escapeChar":"","headerLineNo":1,"firstDataRow":2,"rowDelimiter":0,"consecutiveDelimiter":false,"multiDelimitersAsAnd":false,"firstDataRowAsHeader":false,"codePage":"","customRowDelimiter":"","headerAndDataDelimiter":0},"customFuncCfg":{"@type":"customFuncConfig","id":-1,"connections":[],"inputMap":[],"outputFields":[]},"targetRefsV2":{},"targetUpdateColumns":[],"fieldOrderList":[],"runtimeAttrs":{"Lookup source is static":"false","Case Sensitive String Comparison":"false","Lookup Data Cache Size":"AUTO","Output Old Value On Update":"false","Lookup Source Filter":"","Pre-build lookup cache":"AUTO","Synchronize dynamic cache":"false","Null ordering":"Null Is Highest Value","Thousand Separator":"None","Cache File Name Prefix":"","Lookup Index Cache Size":"AUTO","Optional":"true","Lookup cache persistent":"false","Update Dynamic Cache Condition":"TRUE","Decimal Separator":".","Re-cache from lookup source":"false","Insert Else Update":"false","Lookup caching enabled":"true","Tracing Level":"Normal","Datetime Format":"","Subsecond Precision":"6","Sorted Input":"false","Lookup cache directory name":"$PMCacheDir","Dynamic Lookup Cache":"false"},"isRESTModernSource":true,"commandType":0,"isFileList":false,"handleSpecialChars":false,"handleDecimalRoundOff":false,"frsAsset":false,"dynamicFileName":false,"excludeDynamicFileNameField":false,"currentlyProcessedFileName":false,"retainFieldMetadata":false,"objectName":"T_OSC_FINANCIAL_RATING_ADMIN","objectLabel":"","useExactSrcNames":false,"userUpdated":true,"fetchMode":"ORIGINAL","tgtObjectAttributes":{},"runtimeParameterData":{"@type":"mtTaskRuntimeParameterData","isConnectionRuntimeParameter":false,"isObjectRuntimeParameter":false},"overridableProperties":[],"overriddenFields":[]},{"@type":"mtTaskParameter","id":14492490,"name":"$LKP_T_OSC_ORG$","type":"LOOKUP","label":"LKP_T_OSC_ORG","uiProperties":{"cnxtype":"ODBC","connectionParameterized":"true","paramName":"Source","paramLabel":"","paramType-mapping":"Connection","logcnx":"Source","isCachedLookup":"true","multipleMatchPolicy":"Use Any Value","objectParameterized":"false","visible":"false","originalPath":"LKP_T_OSC_ORG"},"lookupConnectionId":"@1WJdDPsrEsGgfVqMmD3JYu","lookupObject":"DUMMY_LKP_T_OSC_ORG","newFlatFile":false,"newObject":false,"showBusinessNames":true,"naturalOrder":true,"truncateTarget":false,"bulkApiDBTarget":false,"lkpFFAttrs":{"@type":"flatFileAttrs","id":12246877,"delimiter":"|","textQualifier":"NONE","escapeChar":"","headerLineNo":1,"firstDataRow":2,"rowDelimiter":0,"consecutiveDelimiter":false,"multiDelimitersAsAnd":false,"firstDataRowAsHeader":false,"codePage":"","customRowDelimiter":"","headerAndDataDelimiter":0},"customFuncCfg":{"@type":"customFuncConfig","id":-1,"connections":[],"inputMap":[],"outputFields":[]},"targetRefsV2":{},"targetUpdateColumns":[],"fieldOrderList":[],"runtimeAttrs":{"Lookup source is static":"false","Case Sensitive String Comparison":"false","Lookup Data Cache Size":"AUTO","Output Old Value On Update":"false","Lookup Source Filter":"","Pre-build lookup cache":"AUTO","Synchronize dynamic cache":"false","Null ordering":"Null Is Highest Value","Thousand Separator":"None","Cache File Name Prefix":"","Lookup Index Cache Size":"AUTO","Optional":"true","Lookup cache persistent":"false","Update Dynamic Cache Condition":"TRUE","Decimal Separator":".","Re-cache from lookup source":"false","Insert Else Update":"false","Lookup caching enabled":"true","Tracing Level":"Normal","Datetime Format":"","Subsecond Precision":"6","Sorted Input":"false","Lookup cache directory name":"$PMCacheDir","Dynamic Lookup Cache":"false"},"isRESTModernSource":true,"customQuery":"SELECT \r\nOSCREGISTRYID as OSCREGISTRYID, \r\nSAPIDINVIVO as SAPIDINVIVO,\r\nCOUNTRYCODE as COUNTRYCODE,\r\nRATING as RATING,\r\nRATINGCATEGORY as RATINGCATEGORY,\r\nRATINGVALIDDATEFROM as RATINGVALIDDATEFROM,\r\nRATINGVALIDDATETO as RATINGVALIDDATETO,\r\nRATINGWARNINGFLG as RATINGWARNINGFLG\r\nFROM \r\nOSC.T_OSC_ORG\r\nWHERE \r\nCOUNTRYCODE != 'US'\r\n--","commandType":0,"isFileList":false,"handleSpecialChars":false,"handleDecimalRoundOff":false,"frsAsset":false,"dynamicFileName":false,"excludeDynamicFileNameField":false,"currentlyProcessedFileName":false,"retainFieldMetadata":false,"objectName":"DUMMY_LKP_T_OSC_ORG","useExactSrcNames":false,"userUpdated":true,"fetchMode":"ORIGINAL","tgtObjectAttributes":{},"runtimeParameterData":{"@type":"mtTaskRuntimeParameterData","isConnectionRuntimeParameter":false,"isObjectRuntimeParameter":false},"overridableProperties":[],"overriddenFields":[]}],"sequences":[],"inOutParameters":[],"connRuntimeAttrs":[]}]