[{"@type":"mappingTemplate","id":"@1","name":"m_OSC_TM_AccountRulesBasedAssignment","description":"Mapping pushed from PC to ICS : m_OSC_TM_AccountRulesBasedAssignment","autoExpireObject":false,"bundleVersion":"0","assetFrsGuid":"2zmyesES3B4dKmUppX8Rsn","templateId":"@2","deployTime":1752054296000,"hasParameters":true,"valid":true,"fixedConnection":false,"hasParametersDeployed":true,"fixedConnectionDeployed":false,"isSchemaValidationEnabled":false,"tasks":1,"allowMaxFieldLength":false,"specialCharacterSupport":false,"references":[]}]