[{"@type":"mappingTemplate","id":"@1","name":"ARCHIVE_m_OSC_Conversion_DX_SyncOpportunityOLIExport","description":"Mapping pushed from PC to ICS : ARCHIVE_m_OSC_Conversion_DX_SyncOpportunityOLIExport","autoExpireObject":false,"bundleVersion":"0","assetFrsGuid":"dlo9tqbTmKQfmz7rYQYVKj","templateId":"@2","deployTime":1752054162000,"hasParameters":true,"valid":true,"fixedConnection":false,"hasParametersDeployed":true,"fixedConnectionDeployed":false,"isSchemaValidationEnabled":false,"tasks":1,"allowMaxFieldLength":false,"specialCharacterSupport":false,"references":[]}]