[{"@type":"mappingTemplate","id":"@1","name":"m_OSC_UpdateProjectCloseDate","description":"Mapping pushed from PC to ICS : m_OSC_UpdateProjectCloseDate","autoExpireObject":false,"bundleVersion":"0","assetFrsGuid":"1kksSyqrkzZiG4CWHE9dc0","templateId":"@2","deployTime":1752054521000,"hasParameters":true,"valid":true,"fixedConnection":false,"hasParametersDeployed":true,"fixedConnectionDeployed":false,"isSchemaValidationEnabled":false,"tasks":1,"allowMaxFieldLength":false,"specialCharacterSupport":false,"references":[]}]