[{"@type":"mtTask","id":"@1","name":"s_m_OSC_TM_TerritoryToAccountRemovePrimaryReps","description":"Session pushed from PC to ICS : s_m_OSC_TM_TerritoryToAccountRemovePrimaryReps","autoExpireObject":false,"runtimeEnvironmentId":"@4XHzTDjn3M2cETJn1ZRVcd","maxLogs":10,"verbose":false,"mappingId":"@88LNsUMzwGPew6yis8bkGW","frsGuid":"jtLjST78QSfla6ci0dh1Mb","shortDescription":"Session pushed from PC to ICS : s_m_OSC_TM_Territo...","sessionPropertiesList":[{"name":"Allow Temporary Sequence for Pushdown","value":"NO","recommended":false},{"name":"Allow Temporary View for Pushdown","value":"NO","recommended":false},{"name":"Custom Properties","value":"UseFixedWidthConfigMetadata=yes","recommended":false},{"name":"Data Column Delimiter","value":"|","recommended":false},{"name":"Error Log File Name","value":"PMError.log","recommended":false},{"name":"Pushdown Optimization","value":"None","recommended":false},{"name":"Session Log File directory","value":"D:\\CRM\\SessLogs\\","recommended":false}],"hidden":false,"enableCrossSchemaPushdown":false,"enableParallelRun":false,"autoTunedApplied":false,"autoTunedAppliedType":"NONE","parameterFileName":"","parameterFileDir":"","schemaMode":"async","valid":true,"schemaValidationErrorCount":-1,"serverlessProperties":{},"taskProperties":[{"@type":"taskProperty","name":"parameterFileDir","currentValue":"","type":"STRING","label":"label.parameterFileDir","required":false},{"@type":"taskProperty","name":"parameterFileName","currentValue":"","type":"STRING","label":"label.parameterFileName","required":false},{"@type":"taskProperty","name":"outboundMessageUrlQueueTime","currentValue":"","type":"NUMBER","label":"label.outboundMessageUrlQueueTime","required":false},{"@type":"taskProperty","name":"outboundMessageUrlToken","currentValue":"","type":"STRING","label":"label.outboundMessageUrlToken","required":false}],"optimizationPlan":"NONE","isMidstreamPreview":false,"allowMaxFieldLength":false,"specialCharacterSupport":true,"useUserDefinedOrder":false,"parameters":[{"@type":"mtTaskParameter","id":14492760,"name":"$SQ_T_OSC_ACCNT_RESOURCE$","type":"SOURCE","label":"SQ_T_OSC_ACCNT_RESOURCE","uiProperties":{"cnxtype":"Oracle","connectionParameterized":"true","paramName":"Source","paramLabel":"","paramType-mapping":"Connection","logcnx":"Source","isSelectDistinct":"false","objectParameterized":"false","visible":"false","isCustomQueryRetainMetaData":"true","flags":"SUPPORTS_MULTI_SCHEMA","originalPath":"SQ_T_OSC_ACCNT_RESOURCE"},"sourceConnectionId":"@1WJdDPsrEsGgfVqMmD3JYu","sourceObject":"DUMMY_SQ_T_OSC_ACCNT_RESOURCE","newFlatFile":false,"newObject":false,"showBusinessNames":true,"naturalOrder":true,"truncateTarget":false,"bulkApiDBTarget":false,"srcFFAttrs":{"@type":"flatFileAttrs","id":12247124,"delimiter":"|","textQualifier":"NONE","escapeChar":"","headerLineNo":1,"firstDataRow":2,"rowDelimiter":0,"consecutiveDelimiter":false,"multiDelimitersAsAnd":false,"firstDataRowAsHeader":false,"codePage":"","customRowDelimiter":"","headerAndDataDelimiter":0},"customFuncCfg":{"@type":"customFuncConfig","id":-1,"connections":[],"inputMap":[],"outputFields":[]},"targetRefsV2":{},"targetUpdateColumns":[],"fieldOrderList":[],"runtimeAttrs":{"Sql Override":"SELECT partyid, oscregistryid, countrycode, resourceid, reptype FROM (\r\nSELECT DISTINCT a.partyid as partyid, a.oscregistryid as oscregistryid, a.countrycode as countrycode, c.partyid as resourceid, 'BusinessPartnerInVitro_c' as reptype\r\nfrom osc.t_osc_org a, osc.t_osc_rep_asgn_rule b, osc.t_osc_resource c\r\nwhere a.countrycode = b.countrycode and b.listofreps = 'BusinessPartnerInVitro_c' and b.active = 'Y'and a.businesspartnerinvitroid is not null and a.businesspartnerinvitroid = c.resourceprofileid\r\nMINUS\r\nSELECT DISTINCT b.partyid as partyid, b.oscregistryid as oscregistryid, b.countrycode as countrycode, c.partyid as resourceid, 'BusinessPartnerInVitro_c' as reptype\r\nFROM osc.t_osc_accnt_resource a, osc.t_osc_org b, osc.t_osc_resource c, osc.t_osc_rep_asgn_rule d\r\nWHERE a.sales_account_id = b.salesaccountid and a.resource_id = c.partyid and b.countrycode = d.countrycode and d.listofreps = 'BusinessPartnerInVitro_c' and d.active = 'Y' and b.businesspartnerinvitroid is not null\r\nUNION ALL\r\nSELECT DISTINCT a.partyid as partyid, a.oscregistryid as oscregistryid, a.countrycode as countrycode, c.partyid as resourceid, 'BusinessPartnerInVivo_c' as reptype\r\nfrom osc.t_osc_org a, osc.t_osc_rep_asgn_rule b, osc.t_osc_resource c\r\nwhere a.countrycode = b.countrycode and b.listofreps = 'BusinessPartnerInVivo_c' and b.active = 'Y' and a.businesspartnerinvivoid is not null and a.businesspartnerinvivoid = c.resourceprofileid\r\nMINUS\r\nSELECT DISTINCT b.partyid as partyid, b.oscregistryid as oscregistryid, b.countrycode as countrycode, c.partyid as resourceid, 'BusinessPartnerInVivo_c' as reptype\r\nFROM osc.t_osc_accnt_resource a, osc.t_osc_org b, osc.t_osc_resource c, osc.t_osc_rep_asgn_rule d\r\nWHERE a.sales_account_id = b.salesaccountid and a.resource_id = c.partyid and b.countrycode = d.countrycode and d.listofreps = 'BusinessPartnerInVivo_c' and d.active = 'Y' and b.businesspartnerinvivoid is not null\r\nUNION ALL\r\nSELECT DISTINCT a.partyid as partyid, a.oscregistryid as oscregistryid, a.countrycode as countrycode, c.partyid as resourceid, 'PrimaryInVitroRep_c' as reptype\r\nfrom osc.t_osc_org a, osc.t_osc_rep_asgn_rule b, osc.t_osc_resource c\r\nwhere a.countrycode = b.countrycode and b.listofreps = 'PrimaryInVitroRep_c' and b.active = 'Y' and a.primaryinvitrorepid is not null and a.primaryinvitrorepid = c.resourceprofileid\r\nMINUS\r\nSELECT DISTINCT b.partyid as partyid, b.oscregistryid as oscregistryid, b.countrycode as countrycode, c.partyid as resourceid, 'PrimaryInVitroRep_c' as reptype\r\nFROM osc.t_osc_accnt_resource a, osc.t_osc_org b, osc.t_osc_resource c, osc.t_osc_rep_asgn_rule d\r\nWHERE a.sales_account_id = b.salesaccountid and a.resource_id = c.partyid and b.countrycode = d.countrycode and d.listofreps = 'PrimaryInVitroRep_c' and d.active = 'Y' and b.primaryinvitrorepid is not null\r\nUNION ALL\r\nSELECT DISTINCT a.partyid as partyid, a.oscregistryid as oscregistryid, a.countrycode as countrycode, c.partyid as resourceid, 'PrimaryInVivoRep_c' as reptype\r\nfrom osc.t_osc_org a, osc.t_osc_rep_asgn_rule b, osc.t_osc_resource c\r\nwhere a.countrycode = b.countrycode and b.listofreps = 'PrimaryInVivoRep_c' and b.active = 'Y' and a.primaryinvivorepid is not null and a.primaryinvivorepid = c.resourceprofileid\r\nMINUS\r\nSELECT DISTINCT b.partyid as partyid, b.oscregistryid as oscregistryid, b.countrycode as countrycode, c.partyid as resourceid, 'PrimaryInVivoRep_c' as reptype\r\nFROM osc.t_osc_accnt_resource a, osc.t_osc_org b, osc.t_osc_resource c, osc.t_osc_rep_asgn_rule d\r\nWHERE a.sales_account_id = b.salesaccountid and a.resource_id = c.partyid and b.countrycode = d.countrycode and d.listofreps = 'PrimaryInVivoRep_c' and d.active = 'Y' and b.primaryinvivorepid is not null\r\nUNION ALL\r\nSELECT DISTINCT a.partyid as partyid, a.oscregistryid as oscregistryid, a.countrycode as countrycode, c.partyid as resourceid, 'SecondaryInVitroRep_c' as reptype\r\nfrom osc.t_osc_org a, osc.t_osc_rep_asgn_rule b, osc.t_osc_resource c\r\nwhere a.countrycode = b.countrycode and b.listofreps = 'SecondaryInVitroRep_c' and b.active = 'Y' and a.secondaryinvitrorepid is not null and a.secondaryinvitrorepid = c.resourceprofileid\r\nMINUS\r\nSELECT DISTINCT b.partyid as partyid, b.oscregistryid as oscregistryid, b.countrycode as countrycode, c.partyid as resourceid, 'SecondaryInVitroRep_c' as reptype\r\nFROM osc.t_osc_accnt_resource a, osc.t_osc_org b, osc.t_osc_resource c, osc.t_osc_rep_asgn_rule d\r\nWHERE a.sales_account_id = b.salesaccountid and a.resource_id = c.partyid and b.countrycode = d.countrycode and d.listofreps = 'SecondaryInVitroRep_c' and d.active = 'Y' and b.secondaryinvitrorepid is not null\r\nUNION ALL\r\nSELECT DISTINCT a.partyid as partyid, a.oscregistryid as oscregistryid, a.countrycode as countrycode, c.partyid as resourceid, 'SecondaryInVivoRep_c' as reptype\r\nfrom osc.t_osc_org a, osc.t_osc_rep_asgn_rule b, osc.t_osc_resource c\r\nwhere a.countrycode = b.countrycode and b.listofreps = 'SecondaryInVivoRep_c' and b.active = 'Y' and a.secondaryinvivorepid is not null and a.secondaryinvivorepid = c.resourceprofileid\r\nMINUS\r\nSELECT DISTINCT b.partyid as partyid, b.oscregistryid as oscregistryid, b.countrycode as countrycode, c.partyid as resourceid, 'SecondaryInVivoRep_c' as reptype\r\nFROM osc.t_osc_accnt_resource a, osc.t_osc_org b, osc.t_osc_resource c, osc.t_osc_rep_asgn_rule d\r\nWHERE a.sales_account_id = b.salesaccountid and a.resource_id = c.partyid and b.countrycode = d.countrycode and d.listofreps = 'SecondaryInVivoRep_c' and d.active = 'Y' and b.secondaryinvivorepid is not null\r\nUNION ALL\r\nSELECT DISTINCT a.partyid as partyid, a.oscregistryid as oscregistryid, a.countrycode as countrycode, c.partyid as resourceid, 'PrimaryUSRep_c' as reptype\r\nfrom osc.t_osc_org a, osc.t_osc_rep_asgn_rule b, osc.t_osc_resource c\r\nwhere a.countrycode = b.countrycode and b.listofreps = 'PrimaryUSRep_c' and b.active = 'Y' and a.primaryusrepid is not null and a.primaryusrepid = c.resourceprofileid\r\nMINUS\r\nSELECT DISTINCT b.partyid as partyid, b.oscregistryid as oscregistryid, b.countrycode as countrycode, c.partyid as resourceid, 'PrimaryUSRep_c' as reptype\r\nFROM osc.t_osc_accnt_resource a, osc.t_osc_org b, osc.t_osc_resource c, osc.t_osc_rep_asgn_rule d\r\nWHERE a.sales_account_id = b.salesaccountid and a.resource_id = c.partyid and b.countrycode = d.countrycode and d.listofreps = 'PrimaryUSRep_c' and d.active = 'Y' and b.primaryusrepid is not null\r\nUNION ALL\r\nSELECT DISTINCT a.partyid as partyid, a.oscregistryid as oscregistryid, a.countrycode as countrycode, c.partyid as resourceid, 'PrimaryPOCRep_c' as reptype\r\nfrom osc.t_osc_org a, osc.t_osc_rep_asgn_rule b, osc.t_osc_resource c\r\nwhere a.countrycode = b.countrycode and b.listofreps = 'PrimaryPOCRep_c' and b.active = 'Y' and a.primarypocrepid is not null and a.primarypocrepid = c.resourceprofileid\r\nMINUS\r\nSELECT DISTINCT b.partyid as partyid, b.oscregistryid as oscregistryid, b.countrycode as countrycode, c.partyid as resourceid, 'PrimaryPOCRep_c' as reptype\r\nFROM osc.t_osc_accnt_resource a, osc.t_osc_org b, osc.t_osc_resource c, osc.t_osc_rep_asgn_rule d\r\nWHERE a.sales_account_id = b.salesaccountid and a.resource_id = c.partyid and b.countrycode = d.countrycode and d.listofreps = 'PrimaryPOCRep_c' and d.active = 'Y' and b.primarypocrepid is not null\r\nUNION ALL\r\nSELECT DISTINCT a.partyid as partyid, a.oscregistryid as oscregistryid, a.countrycode as countrycode, c.partyid as resourceid, 'PrimarySSE_c' as reptype\r\nfrom osc.t_osc_org a, osc.t_osc_rep_asgn_rule b, osc.t_osc_resource c\r\nwhere a.countrycode = b.countrycode and b.listofreps = 'PrimarySSE_c' and b.active = 'Y' and a.primarysse is not null and a.primarysse = c.resourceprofileid\r\nMINUS\r\nSELECT DISTINCT b.partyid as partyid, b.oscregistryid as oscregistryid, b.countrycode as countrycode, c.partyid as resourceid, 'PrimarySSE_c' as reptype\r\nFROM osc.t_osc_accnt_resource a, osc.t_osc_org b, osc.t_osc_resource c, osc.t_osc_rep_asgn_rule d\r\nWHERE a.sales_account_id = b.salesaccountid and a.resource_id = c.partyid and b.countrycode = d.countrycode and d.listofreps = 'PrimarySSE_c' and d.active = 'Y' and b.primarysse is not null\r\n) where countrycode = 'dummy'","Pre SQL":"TRUNCATE TABLE OSC.t_osc_temp_org_res;"},"isRESTModernSource":true,"customQuery":"SELECT partyid, oscregistryid, countrycode, resourceid, reptype FROM (\r\nSELECT DISTINCT a.partyid as partyid, a.oscregistryid as oscregistryid, a.countrycode as countrycode, c.partyid as resourceid, 'BusinessPartnerInVitro_c' as reptype\r\nfrom osc.t_osc_org a, osc.t_osc_rep_asgn_rule b, osc.t_osc_resource c\r\nwhere a.countrycode = b.countrycode and b.listofreps = 'BusinessPartnerInVitro_c' and b.active = 'Y'and a.businesspartnerinvitroid is not null and a.businesspartnerinvitroid = c.resourceprofileid\r\nMINUS\r\nSELECT DISTINCT b.partyid as partyid, b.oscregistryid as oscregistryid, b.countrycode as countrycode, c.partyid as resourceid, 'BusinessPartnerInVitro_c' as reptype\r\nFROM osc.t_osc_accnt_resource a, osc.t_osc_org b, osc.t_osc_resource c, osc.t_osc_rep_asgn_rule d\r\nWHERE a.sales_account_id = b.salesaccountid and a.resource_id = c.partyid and b.countrycode = d.countrycode and d.listofreps = 'BusinessPartnerInVitro_c' and d.active = 'Y' and b.businesspartnerinvitroid is not null\r\nUNION ALL\r\nSELECT DISTINCT a.partyid as partyid, a.oscregistryid as oscregistryid, a.countrycode as countrycode, c.partyid as resourceid, 'BusinessPartnerInVivo_c' as reptype\r\nfrom osc.t_osc_org a, osc.t_osc_rep_asgn_rule b, osc.t_osc_resource c\r\nwhere a.countrycode = b.countrycode and b.listofreps = 'BusinessPartnerInVivo_c' and b.active = 'Y' and a.businesspartnerinvivoid is not null and a.businesspartnerinvivoid = c.resourceprofileid\r\nMINUS\r\nSELECT DISTINCT b.partyid as partyid, b.oscregistryid as oscregistryid, b.countrycode as countrycode, c.partyid as resourceid, 'BusinessPartnerInVivo_c' as reptype\r\nFROM osc.t_osc_accnt_resource a, osc.t_osc_org b, osc.t_osc_resource c, osc.t_osc_rep_asgn_rule d\r\nWHERE a.sales_account_id = b.salesaccountid and a.resource_id = c.partyid and b.countrycode = d.countrycode and d.listofreps = 'BusinessPartnerInVivo_c' and d.active = 'Y' and b.businesspartnerinvivoid is not null\r\nUNION ALL\r\nSELECT DISTINCT a.partyid as partyid, a.oscregistryid as oscregistryid, a.countrycode as countrycode, c.partyid as resourceid, 'PrimaryInVitroRep_c' as reptype\r\nfrom osc.t_osc_org a, osc.t_osc_rep_asgn_rule b, osc.t_osc_resource c\r\nwhere a.countrycode = b.countrycode and b.listofreps = 'PrimaryInVitroRep_c' and b.active = 'Y' and a.primaryinvitrorepid is not null and a.primaryinvitrorepid = c.resourceprofileid\r\nMINUS\r\nSELECT DISTINCT b.partyid as partyid, b.oscregistryid as oscregistryid, b.countrycode as countrycode, c.partyid as resourceid, 'PrimaryInVitroRep_c' as reptype\r\nFROM osc.t_osc_accnt_resource a, osc.t_osc_org b, osc.t_osc_resource c, osc.t_osc_rep_asgn_rule d\r\nWHERE a.sales_account_id = b.salesaccountid and a.resource_id = c.partyid and b.countrycode = d.countrycode and d.listofreps = 'PrimaryInVitroRep_c' and d.active = 'Y' and b.primaryinvitrorepid is not null\r\nUNION ALL\r\nSELECT DISTINCT a.partyid as partyid, a.oscregistryid as oscregistryid, a.countrycode as countrycode, c.partyid as resourceid, 'PrimaryInVivoRep_c' as reptype\r\nfrom osc.t_osc_org a, osc.t_osc_rep_asgn_rule b, osc.t_osc_resource c\r\nwhere a.countrycode = b.countrycode and b.listofreps = 'PrimaryInVivoRep_c' and b.active = 'Y' and a.primaryinvivorepid is not null and a.primaryinvivorepid = c.resourceprofileid\r\nMINUS\r\nSELECT DISTINCT b.partyid as partyid, b.oscregistryid as oscregistryid, b.countrycode as countrycode, c.partyid as resourceid, 'PrimaryInVivoRep_c' as reptype\r\nFROM osc.t_osc_accnt_resource a, osc.t_osc_org b, osc.t_osc_resource c, osc.t_osc_rep_asgn_rule d\r\nWHERE a.sales_account_id = b.salesaccountid and a.resource_id = c.partyid and b.countrycode = d.countrycode and d.listofreps = 'PrimaryInVivoRep_c' and d.active = 'Y' and b.primaryinvivorepid is not null\r\nUNION ALL\r\nSELECT DISTINCT a.partyid as partyid, a.oscregistryid as oscregistryid, a.countrycode as countrycode, c.partyid as resourceid, 'SecondaryInVitroRep_c' as reptype\r\nfrom osc.t_osc_org a, osc.t_osc_rep_asgn_rule b, osc.t_osc_resource c\r\nwhere a.countrycode = b.countrycode and b.listofreps = 'SecondaryInVitroRep_c' and b.active = 'Y' and a.secondaryinvitrorepid is not null and a.secondaryinvitrorepid = c.resourceprofileid\r\nMINUS\r\nSELECT DISTINCT b.partyid as partyid, b.oscregistryid as oscregistryid, b.countrycode as countrycode, c.partyid as resourceid, 'SecondaryInVitroRep_c' as reptype\r\nFROM osc.t_osc_accnt_resource a, osc.t_osc_org b, osc.t_osc_resource c, osc.t_osc_rep_asgn_rule d\r\nWHERE a.sales_account_id = b.salesaccountid and a.resource_id = c.partyid and b.countrycode = d.countrycode and d.listofreps = 'SecondaryInVitroRep_c' and d.active = 'Y' and b.secondaryinvitrorepid is not null\r\nUNION ALL\r\nSELECT DISTINCT a.partyid as partyid, a.oscregistryid as oscregistryid, a.countrycode as countrycode, c.partyid as resourceid, 'SecondaryInVivoRep_c' as reptype\r\nfrom osc.t_osc_org a, osc.t_osc_rep_asgn_rule b, osc.t_osc_resource c\r\nwhere a.countrycode = b.countrycode and b.listofreps = 'SecondaryInVivoRep_c' and b.active = 'Y' and a.secondaryinvivorepid is not null and a.secondaryinvivorepid = c.resourceprofileid\r\nMINUS\r\nSELECT DISTINCT b.partyid as partyid, b.oscregistryid as oscregistryid, b.countrycode as countrycode, c.partyid as resourceid, 'SecondaryInVivoRep_c' as reptype\r\nFROM osc.t_osc_accnt_resource a, osc.t_osc_org b, osc.t_osc_resource c, osc.t_osc_rep_asgn_rule d\r\nWHERE a.sales_account_id = b.salesaccountid and a.resource_id = c.partyid and b.countrycode = d.countrycode and d.listofreps = 'SecondaryInVivoRep_c' and d.active = 'Y' and b.secondaryinvivorepid is not null\r\nUNION ALL\r\nSELECT DISTINCT a.partyid as partyid, a.oscregistryid as oscregistryid, a.countrycode as countrycode, c.partyid as resourceid, 'PrimaryUSRep_c' as reptype\r\nfrom osc.t_osc_org a, osc.t_osc_rep_asgn_rule b, osc.t_osc_resource c\r\nwhere a.countrycode = b.countrycode and b.listofreps = 'PrimaryUSRep_c' and b.active = 'Y' and a.primaryusrepid is not null and a.primaryusrepid = c.resourceprofileid\r\nMINUS\r\nSELECT DISTINCT b.partyid as partyid, b.oscregistryid as oscregistryid, b.countrycode as countrycode, c.partyid as resourceid, 'PrimaryUSRep_c' as reptype\r\nFROM osc.t_osc_accnt_resource a, osc.t_osc_org b, osc.t_osc_resource c, osc.t_osc_rep_asgn_rule d\r\nWHERE a.sales_account_id = b.salesaccountid and a.resource_id = c.partyid and b.countrycode = d.countrycode and d.listofreps = 'PrimaryUSRep_c' and d.active = 'Y' and b.primaryusrepid is not null\r\nUNION ALL\r\nSELECT DISTINCT a.partyid as partyid, a.oscregistryid as oscregistryid, a.countrycode as countrycode, c.partyid as resourceid, 'PrimaryPOCRep_c' as reptype\r\nfrom osc.t_osc_org a, osc.t_osc_rep_asgn_rule b, osc.t_osc_resource c\r\nwhere a.countrycode = b.countrycode and b.listofreps = 'PrimaryPOCRep_c' and b.active = 'Y' and a.primarypocrepid is not null and a.primarypocrepid = c.resourceprofileid\r\nMINUS\r\nSELECT DISTINCT b.partyid as partyid, b.oscregistryid as oscregistryid, b.countrycode as countrycode, c.partyid as resourceid, 'PrimaryPOCRep_c' as reptype\r\nFROM osc.t_osc_accnt_resource a, osc.t_osc_org b, osc.t_osc_resource c, osc.t_osc_rep_asgn_rule d\r\nWHERE a.sales_account_id = b.salesaccountid and a.resource_id = c.partyid and b.countrycode = d.countrycode and d.listofreps = 'PrimaryPOCRep_c' and d.active = 'Y' and b.primarypocrepid is not null\r\nUNION ALL\r\nSELECT DISTINCT a.partyid as partyid, a.oscregistryid as oscregistryid, a.countrycode as countrycode, c.partyid as resourceid, 'PrimarySSE_c' as reptype\r\nfrom osc.t_osc_org a, osc.t_osc_rep_asgn_rule b, osc.t_osc_resource c\r\nwhere a.countrycode = b.countrycode and b.listofreps = 'PrimarySSE_c' and b.active = 'Y' and a.primarysse is not null and a.primarysse = c.resourceprofileid\r\nMINUS\r\nSELECT DISTINCT b.partyid as partyid, b.oscregistryid as oscregistryid, b.countrycode as countrycode, c.partyid as resourceid, 'PrimarySSE_c' as reptype\r\nFROM osc.t_osc_accnt_resource a, osc.t_osc_org b, osc.t_osc_resource c, osc.t_osc_rep_asgn_rule d\r\nWHERE a.sales_account_id = b.salesaccountid and a.resource_id = c.partyid and b.countrycode = d.countrycode and d.listofreps = 'PrimarySSE_c' and d.active = 'Y' and b.primarysse is not null\r\n)","commandType":0,"isFileList":false,"handleSpecialChars":false,"handleDecimalRoundOff":false,"frsAsset":false,"dynamicFileName":false,"excludeDynamicFileNameField":false,"currentlyProcessedFileName":false,"retainFieldMetadata":false,"objectName":"DUMMY_SQ_T_OSC_ACCNT_RESOURCE","useExactSrcNames":false,"userUpdated":true,"fetchMode":"ORIGINAL","tgtObjectAttributes":{},"runtimeParameterData":{"@type":"mtTaskRuntimeParameterData","isConnectionRuntimeParameter":false,"isObjectRuntimeParameter":false},"overridableProperties":[],"overriddenFields":[]},{"@type":"mtTaskParameter","id":14492761,"name":"$T_OSC_TEMP_ORG_RES_BusinessPartnerInvitroRepId$","type":"TARGET","label":"T_OSC_TEMP_ORG_RES_BusinessPartnerInvitroRepId","uiProperties":{"cnxtype":"Oracle","connectionParameterized":"true","paramName":"Target","paramLabel":"","paramType-mapping":"Connection","logcnx":"Target","default":"T_OSC_TEMP_ORG_RES","objectParameterized":"false","visible":"false","flags":"SUPPORTS_MULTI_SCHEMA","defaultTargetUpdateColumns":"PARTYID","supportApplyDDLChanges":"false","originalPath":"T_OSC_TEMP_ORG_RES_BusinessPartnerInvitroRepId"},"targetConnectionId":"@1WJdDPsrEsGgfVqMmD3JYu","targetObject":"T_OSC_TEMP_ORG_RES","targetObjectLabel":"T_OSC_TEMP_ORG_RES","newFlatFile":false,"newObject":false,"showBusinessNames":true,"naturalOrder":true,"truncateTarget":false,"bulkApiDBTarget":false,"operationType":"Rowbased","tgtFFAttrs":{"@type":"flatFileAttrs","id":12247125,"delimiter":"|","textQualifier":"NONE","escapeChar":"","headerLineNo":1,"rowDelimiter":0,"consecutiveDelimiter":false,"multiDelimitersAsAnd":false,"codePage":""},"customFuncCfg":{"@type":"customFuncConfig","id":-1,"connections":[],"inputMap":[],"outputFields":[]},"targetRefsV2":{},"targetUpdateColumns":["PARTYID"],"fieldOrderList":[],"extendedObject":{"@type":"extendedObject","singleMode":true,"filters":[],"sortFields":[]},"runtimeAttrs":{"Forward Rejected Rows":"YES"},"isRESTModernSource":true,"commandType":0,"isFileList":false,"handleSpecialChars":false,"handleDecimalRoundOff":false,"frsAsset":false,"dynamicFileName":false,"excludeDynamicFileNameField":false,"currentlyProcessedFileName":false,"retainFieldMetadata":false,"objectName":"T_OSC_TEMP_ORG_RES","objectLabel":"T_OSC_TEMP_ORG_RES","useExactSrcNames":false,"userUpdated":true,"fetchMode":"ORIGINAL","tgtObjectAttributes":{},"runtimeParameterData":{"@type":"mtTaskRuntimeParameterData","isConnectionRuntimeParameter":false,"isObjectRuntimeParameter":false},"overridableProperties":[],"overriddenFields":[]},{"@type":"mtTaskParameter","id":14492762,"name":"$T_OSC_TEMP_ORG_RES_BusinessPartnerInvivoRepId$","type":"TARGET","label":"T_OSC_TEMP_ORG_RES_BusinessPartnerInvivoRepId","uiProperties":{"cnxtype":"Oracle","connectionParameterized":"true","paramName":"Target","paramLabel":"","paramType-mapping":"Connection","logcnx":"Target","default":"T_OSC_TEMP_ORG_RES","objectParameterized":"false","visible":"false","flags":"SUPPORTS_MULTI_SCHEMA","defaultTargetUpdateColumns":"PARTYID","supportApplyDDLChanges":"false","originalPath":"T_OSC_TEMP_ORG_RES_BusinessPartnerInvivoRepId"},"targetConnectionId":"@1WJdDPsrEsGgfVqMmD3JYu","targetObject":"T_OSC_TEMP_ORG_RES","targetObjectLabel":"T_OSC_TEMP_ORG_RES","newFlatFile":false,"newObject":false,"showBusinessNames":true,"naturalOrder":true,"truncateTarget":false,"bulkApiDBTarget":false,"operationType":"Rowbased","tgtFFAttrs":{"@type":"flatFileAttrs","id":12247126,"delimiter":"|","textQualifier":"NONE","escapeChar":"","headerLineNo":1,"rowDelimiter":0,"consecutiveDelimiter":false,"multiDelimitersAsAnd":false,"codePage":""},"customFuncCfg":{"@type":"customFuncConfig","id":-1,"connections":[],"inputMap":[],"outputFields":[]},"targetRefsV2":{},"targetUpdateColumns":["PARTYID"],"fieldOrderList":[],"extendedObject":{"@type":"extendedObject","singleMode":true,"filters":[],"sortFields":[]},"runtimeAttrs":{"Forward Rejected Rows":"YES"},"isRESTModernSource":true,"commandType":0,"isFileList":false,"handleSpecialChars":false,"handleDecimalRoundOff":false,"frsAsset":false,"dynamicFileName":false,"excludeDynamicFileNameField":false,"currentlyProcessedFileName":false,"retainFieldMetadata":false,"objectName":"T_OSC_TEMP_ORG_RES","objectLabel":"T_OSC_TEMP_ORG_RES","useExactSrcNames":false,"userUpdated":true,"fetchMode":"ORIGINAL","tgtObjectAttributes":{},"runtimeParameterData":{"@type":"mtTaskRuntimeParameterData","isConnectionRuntimeParameter":false,"isObjectRuntimeParameter":false},"overridableProperties":[],"overriddenFields":[]},{"@type":"mtTaskParameter","id":14492763,"name":"$T_OSC_TEMP_ORG_RES_PrimaryInvitroRepId$","type":"TARGET","label":"T_OSC_TEMP_ORG_RES_PrimaryInvitroRepId","uiProperties":{"cnxtype":"Oracle","connectionParameterized":"true","paramName":"Target","paramLabel":"","paramType-mapping":"Connection","logcnx":"Target","default":"T_OSC_TEMP_ORG_RES","objectParameterized":"false","visible":"false","flags":"SUPPORTS_MULTI_SCHEMA","defaultTargetUpdateColumns":"PARTYID","supportApplyDDLChanges":"false","originalPath":"T_OSC_TEMP_ORG_RES_PrimaryInvitroRepId"},"targetConnectionId":"@1WJdDPsrEsGgfVqMmD3JYu","targetObject":"T_OSC_TEMP_ORG_RES","targetObjectLabel":"T_OSC_TEMP_ORG_RES","newFlatFile":false,"newObject":false,"showBusinessNames":true,"naturalOrder":true,"truncateTarget":false,"bulkApiDBTarget":false,"operationType":"Rowbased","tgtFFAttrs":{"@type":"flatFileAttrs","id":12247127,"delimiter":"|","textQualifier":"NONE","escapeChar":"","headerLineNo":1,"rowDelimiter":0,"consecutiveDelimiter":false,"multiDelimitersAsAnd":false,"codePage":""},"customFuncCfg":{"@type":"customFuncConfig","id":-1,"connections":[],"inputMap":[],"outputFields":[]},"targetRefsV2":{},"targetUpdateColumns":["PARTYID"],"fieldOrderList":[],"extendedObject":{"@type":"extendedObject","singleMode":true,"filters":[],"sortFields":[]},"runtimeAttrs":{"Forward Rejected Rows":"YES"},"isRESTModernSource":true,"commandType":0,"isFileList":false,"handleSpecialChars":false,"handleDecimalRoundOff":false,"frsAsset":false,"dynamicFileName":false,"excludeDynamicFileNameField":false,"currentlyProcessedFileName":false,"retainFieldMetadata":false,"objectName":"T_OSC_TEMP_ORG_RES","objectLabel":"T_OSC_TEMP_ORG_RES","useExactSrcNames":false,"userUpdated":true,"fetchMode":"ORIGINAL","tgtObjectAttributes":{},"runtimeParameterData":{"@type":"mtTaskRuntimeParameterData","isConnectionRuntimeParameter":false,"isObjectRuntimeParameter":false},"overridableProperties":[],"overriddenFields":[]},{"@type":"mtTaskParameter","id":14492764,"name":"$T_OSC_TEMP_ORG_RES_PrimaryInvivoRepId$","type":"TARGET","label":"T_OSC_TEMP_ORG_RES_PrimaryInvivoRepId","uiProperties":{"cnxtype":"Oracle","connectionParameterized":"true","paramName":"Target","paramLabel":"","paramType-mapping":"Connection","logcnx":"Target","default":"T_OSC_TEMP_ORG_RES","objectParameterized":"false","visible":"false","flags":"SUPPORTS_MULTI_SCHEMA","defaultTargetUpdateColumns":"PARTYID","supportApplyDDLChanges":"false","originalPath":"T_OSC_TEMP_ORG_RES_PrimaryInvivoRepId"},"targetConnectionId":"@1WJdDPsrEsGgfVqMmD3JYu","targetObject":"T_OSC_TEMP_ORG_RES","targetObjectLabel":"T_OSC_TEMP_ORG_RES","newFlatFile":false,"newObject":false,"showBusinessNames":true,"naturalOrder":true,"truncateTarget":false,"bulkApiDBTarget":false,"operationType":"Rowbased","tgtFFAttrs":{"@type":"flatFileAttrs","id":12247128,"delimiter":"|","textQualifier":"NONE","escapeChar":"","headerLineNo":1,"rowDelimiter":0,"consecutiveDelimiter":false,"multiDelimitersAsAnd":false,"codePage":""},"customFuncCfg":{"@type":"customFuncConfig","id":-1,"connections":[],"inputMap":[],"outputFields":[]},"targetRefsV2":{},"targetUpdateColumns":["PARTYID"],"fieldOrderList":[],"extendedObject":{"@type":"extendedObject","singleMode":true,"filters":[],"sortFields":[]},"runtimeAttrs":{"Forward Rejected Rows":"YES"},"isRESTModernSource":true,"commandType":0,"isFileList":false,"handleSpecialChars":false,"handleDecimalRoundOff":false,"frsAsset":false,"dynamicFileName":false,"excludeDynamicFileNameField":false,"currentlyProcessedFileName":false,"retainFieldMetadata":false,"objectName":"T_OSC_TEMP_ORG_RES","objectLabel":"T_OSC_TEMP_ORG_RES","useExactSrcNames":false,"userUpdated":true,"fetchMode":"ORIGINAL","tgtObjectAttributes":{},"runtimeParameterData":{"@type":"mtTaskRuntimeParameterData","isConnectionRuntimeParameter":false,"isObjectRuntimeParameter":false},"overridableProperties":[],"overriddenFields":[]},{"@type":"mtTaskParameter","id":14492765,"name":"$T_OSC_TEMP_ORG_RES_PrimaryPOCRepId$","type":"TARGET","label":"T_OSC_TEMP_ORG_RES_PrimaryPOCRepId","uiProperties":{"cnxtype":"Oracle","connectionParameterized":"true","paramName":"Target","paramLabel":"","paramType-mapping":"Connection","logcnx":"Target","default":"T_OSC_TEMP_ORG_RES","objectParameterized":"false","visible":"false","flags":"SUPPORTS_MULTI_SCHEMA","defaultTargetUpdateColumns":"PARTYID","supportApplyDDLChanges":"false","originalPath":"T_OSC_TEMP_ORG_RES_PrimaryPOCRepId"},"targetConnectionId":"@1WJdDPsrEsGgfVqMmD3JYu","targetObject":"T_OSC_TEMP_ORG_RES","targetObjectLabel":"T_OSC_TEMP_ORG_RES","newFlatFile":false,"newObject":false,"showBusinessNames":true,"naturalOrder":true,"truncateTarget":false,"bulkApiDBTarget":false,"operationType":"Rowbased","tgtFFAttrs":{"@type":"flatFileAttrs","id":12247129,"delimiter":"|","textQualifier":"NONE","escapeChar":"","headerLineNo":1,"rowDelimiter":0,"consecutiveDelimiter":false,"multiDelimitersAsAnd":false,"codePage":""},"customFuncCfg":{"@type":"customFuncConfig","id":-1,"connections":[],"inputMap":[],"outputFields":[]},"targetRefsV2":{},"targetUpdateColumns":["PARTYID"],"fieldOrderList":[],"extendedObject":{"@type":"extendedObject","singleMode":true,"filters":[],"sortFields":[]},"runtimeAttrs":{"Forward Rejected Rows":"YES"},"isRESTModernSource":true,"commandType":0,"isFileList":false,"handleSpecialChars":false,"handleDecimalRoundOff":false,"frsAsset":false,"dynamicFileName":false,"excludeDynamicFileNameField":false,"currentlyProcessedFileName":false,"retainFieldMetadata":false,"objectName":"T_OSC_TEMP_ORG_RES","objectLabel":"T_OSC_TEMP_ORG_RES","useExactSrcNames":false,"userUpdated":true,"fetchMode":"ORIGINAL","tgtObjectAttributes":{},"runtimeParameterData":{"@type":"mtTaskRuntimeParameterData","isConnectionRuntimeParameter":false,"isObjectRuntimeParameter":false},"overridableProperties":[],"overriddenFields":[]},{"@type":"mtTaskParameter","id":14492766,"name":"$T_OSC_TEMP_ORG_RES_PrimarySSE$","type":"TARGET","label":"T_OSC_TEMP_ORG_RES_PrimarySSE","uiProperties":{"cnxtype":"Oracle","connectionParameterized":"true","paramName":"Target","paramLabel":"","paramType-mapping":"Connection","logcnx":"Target","default":"T_OSC_TEMP_ORG_RES","objectParameterized":"false","visible":"false","flags":"SUPPORTS_MULTI_SCHEMA","defaultTargetUpdateColumns":"PARTYID","supportApplyDDLChanges":"false","originalPath":"T_OSC_TEMP_ORG_RES_PrimarySSE"},"targetConnectionId":"@1WJdDPsrEsGgfVqMmD3JYu","targetObject":"T_OSC_TEMP_ORG_RES","targetObjectLabel":"T_OSC_TEMP_ORG_RES","newFlatFile":false,"newObject":false,"showBusinessNames":true,"naturalOrder":true,"truncateTarget":false,"bulkApiDBTarget":false,"operationType":"Rowbased","tgtFFAttrs":{"@type":"flatFileAttrs","id":12247130,"delimiter":"|","textQualifier":"NONE","escapeChar":"","headerLineNo":1,"rowDelimiter":0,"consecutiveDelimiter":false,"multiDelimitersAsAnd":false,"codePage":""},"customFuncCfg":{"@type":"customFuncConfig","id":-1,"connections":[],"inputMap":[],"outputFields":[]},"targetRefsV2":{},"targetUpdateColumns":["PARTYID"],"fieldOrderList":[],"extendedObject":{"@type":"extendedObject","singleMode":true,"filters":[],"sortFields":[]},"runtimeAttrs":{"Forward Rejected Rows":"YES"},"isRESTModernSource":true,"commandType":0,"isFileList":false,"handleSpecialChars":false,"handleDecimalRoundOff":false,"frsAsset":false,"dynamicFileName":false,"excludeDynamicFileNameField":false,"currentlyProcessedFileName":false,"retainFieldMetadata":false,"objectName":"T_OSC_TEMP_ORG_RES","objectLabel":"T_OSC_TEMP_ORG_RES","useExactSrcNames":false,"userUpdated":true,"fetchMode":"ORIGINAL","tgtObjectAttributes":{},"runtimeParameterData":{"@type":"mtTaskRuntimeParameterData","isConnectionRuntimeParameter":false,"isObjectRuntimeParameter":false},"overridableProperties":[],"overriddenFields":[]},{"@type":"mtTaskParameter","id":14492767,"name":"$T_OSC_TEMP_ORG_RES_PrimaryUSRepId$","type":"TARGET","label":"T_OSC_TEMP_ORG_RES_PrimaryUSRepId","uiProperties":{"cnxtype":"Oracle","connectionParameterized":"true","paramName":"Target","paramLabel":"","paramType-mapping":"Connection","logcnx":"Target","default":"T_OSC_TEMP_ORG_RES","objectParameterized":"false","visible":"false","flags":"SUPPORTS_MULTI_SCHEMA","defaultTargetUpdateColumns":"PARTYID","supportApplyDDLChanges":"false","originalPath":"T_OSC_TEMP_ORG_RES_PrimaryUSRepId"},"targetConnectionId":"@1WJdDPsrEsGgfVqMmD3JYu","targetObject":"T_OSC_TEMP_ORG_RES","targetObjectLabel":"T_OSC_TEMP_ORG_RES","newFlatFile":false,"newObject":false,"showBusinessNames":true,"naturalOrder":true,"truncateTarget":false,"bulkApiDBTarget":false,"operationType":"Rowbased","tgtFFAttrs":{"@type":"flatFileAttrs","id":12247131,"delimiter":"|","textQualifier":"NONE","escapeChar":"","headerLineNo":1,"rowDelimiter":0,"consecutiveDelimiter":false,"multiDelimitersAsAnd":false,"codePage":""},"customFuncCfg":{"@type":"customFuncConfig","id":-1,"connections":[],"inputMap":[],"outputFields":[]},"targetRefsV2":{},"targetUpdateColumns":["PARTYID"],"fieldOrderList":[],"extendedObject":{"@type":"extendedObject","singleMode":true,"filters":[],"sortFields":[]},"runtimeAttrs":{"Forward Rejected Rows":"YES"},"isRESTModernSource":true,"commandType":0,"isFileList":false,"handleSpecialChars":false,"handleDecimalRoundOff":false,"frsAsset":false,"dynamicFileName":false,"excludeDynamicFileNameField":false,"currentlyProcessedFileName":false,"retainFieldMetadata":false,"objectName":"T_OSC_TEMP_ORG_RES","objectLabel":"T_OSC_TEMP_ORG_RES","useExactSrcNames":false,"userUpdated":true,"fetchMode":"ORIGINAL","tgtObjectAttributes":{},"runtimeParameterData":{"@type":"mtTaskRuntimeParameterData","isConnectionRuntimeParameter":false,"isObjectRuntimeParameter":false},"overridableProperties":[],"overriddenFields":[]},{"@type":"mtTaskParameter","id":14492768,"name":"$T_OSC_TEMP_ORG_RES_SecondaryInvitroRepId$","type":"TARGET","label":"T_OSC_TEMP_ORG_RES_SecondaryInvitroRepId","uiProperties":{"cnxtype":"Oracle","connectionParameterized":"true","paramName":"Target","paramLabel":"","paramType-mapping":"Connection","logcnx":"Target","default":"T_OSC_TEMP_ORG_RES","objectParameterized":"false","visible":"false","flags":"SUPPORTS_MULTI_SCHEMA","defaultTargetUpdateColumns":"PARTYID","supportApplyDDLChanges":"false","originalPath":"T_OSC_TEMP_ORG_RES_SecondaryInvitroRepId"},"targetConnectionId":"@1WJdDPsrEsGgfVqMmD3JYu","targetObject":"T_OSC_TEMP_ORG_RES","targetObjectLabel":"T_OSC_TEMP_ORG_RES","newFlatFile":false,"newObject":false,"showBusinessNames":true,"naturalOrder":true,"truncateTarget":false,"bulkApiDBTarget":false,"operationType":"Rowbased","tgtFFAttrs":{"@type":"flatFileAttrs","id":12247132,"delimiter":"|","textQualifier":"NONE","escapeChar":"","headerLineNo":1,"rowDelimiter":0,"consecutiveDelimiter":false,"multiDelimitersAsAnd":false,"codePage":""},"customFuncCfg":{"@type":"customFuncConfig","id":-1,"connections":[],"inputMap":[],"outputFields":[]},"targetRefsV2":{},"targetUpdateColumns":["PARTYID"],"fieldOrderList":[],"extendedObject":{"@type":"extendedObject","singleMode":true,"filters":[],"sortFields":[]},"runtimeAttrs":{"Forward Rejected Rows":"YES"},"isRESTModernSource":true,"commandType":0,"isFileList":false,"handleSpecialChars":false,"handleDecimalRoundOff":false,"frsAsset":false,"dynamicFileName":false,"excludeDynamicFileNameField":false,"currentlyProcessedFileName":false,"retainFieldMetadata":false,"objectName":"T_OSC_TEMP_ORG_RES","objectLabel":"T_OSC_TEMP_ORG_RES","useExactSrcNames":false,"userUpdated":true,"fetchMode":"ORIGINAL","tgtObjectAttributes":{},"runtimeParameterData":{"@type":"mtTaskRuntimeParameterData","isConnectionRuntimeParameter":false,"isObjectRuntimeParameter":false},"overridableProperties":[],"overriddenFields":[]},{"@type":"mtTaskParameter","id":14492769,"name":"$T_OSC_TEMP_ORG_RES_SecondaryInvivoRepId$","type":"TARGET","label":"T_OSC_TEMP_ORG_RES_SecondaryInvivoRepId","uiProperties":{"cnxtype":"Oracle","connectionParameterized":"true","paramName":"Target","paramLabel":"","paramType-mapping":"Connection","logcnx":"Target","default":"T_OSC_TEMP_ORG_RES","objectParameterized":"false","visible":"false","flags":"SUPPORTS_MULTI_SCHEMA","defaultTargetUpdateColumns":"PARTYID","supportApplyDDLChanges":"false","originalPath":"T_OSC_TEMP_ORG_RES_SecondaryInvivoRepId"},"targetConnectionId":"@1WJdDPsrEsGgfVqMmD3JYu","targetObject":"T_OSC_TEMP_ORG_RES","targetObjectLabel":"T_OSC_TEMP_ORG_RES","newFlatFile":false,"newObject":false,"showBusinessNames":true,"naturalOrder":true,"truncateTarget":false,"bulkApiDBTarget":false,"operationType":"Rowbased","tgtFFAttrs":{"@type":"flatFileAttrs","id":12247133,"delimiter":"|","textQualifier":"NONE","escapeChar":"","headerLineNo":1,"rowDelimiter":0,"consecutiveDelimiter":false,"multiDelimitersAsAnd":false,"codePage":""},"customFuncCfg":{"@type":"customFuncConfig","id":-1,"connections":[],"inputMap":[],"outputFields":[]},"targetRefsV2":{},"targetUpdateColumns":["PARTYID"],"fieldOrderList":[],"extendedObject":{"@type":"extendedObject","singleMode":true,"filters":[],"sortFields":[]},"runtimeAttrs":{"Forward Rejected Rows":"YES"},"isRESTModernSource":true,"commandType":0,"isFileList":false,"handleSpecialChars":false,"handleDecimalRoundOff":false,"frsAsset":false,"dynamicFileName":false,"excludeDynamicFileNameField":false,"currentlyProcessedFileName":false,"retainFieldMetadata":false,"objectName":"T_OSC_TEMP_ORG_RES","objectLabel":"T_OSC_TEMP_ORG_RES","useExactSrcNames":false,"userUpdated":true,"fetchMode":"ORIGINAL","tgtObjectAttributes":{},"runtimeParameterData":{"@type":"mtTaskRuntimeParameterData","isConnectionRuntimeParameter":false,"isObjectRuntimeParameter":false},"overridableProperties":[],"overriddenFields":[]},{"@type":"mtTaskParameter","id":14492770,"name":"$LKP_T_OSC_RESOURCE$","type":"LOOKUP","label":"LKP_T_OSC_RESOURCE","uiProperties":{"cnxtype":"Oracle","connectionParameterized":"true","paramName":"Source","paramLabel":"","paramType-mapping":"Connection","logcnx":"Source","isCachedLookup":"true","multipleMatchPolicy":"Use Any Value","default":"T_OSC_RESOURCE","objectParameterized":"false","visible":"false","flags":"SUPPORTS_MULTI_SCHEMA","originalPath":"LKP_T_OSC_RESOURCE"},"lookupConnectionId":"@1WJdDPsrEsGgfVqMmD3JYu","lookupObject":"T_OSC_RESOURCE","lookupObjectLabel":"","newFlatFile":false,"newObject":false,"showBusinessNames":true,"naturalOrder":true,"truncateTarget":false,"bulkApiDBTarget":false,"lkpFFAttrs":{"@type":"flatFileAttrs","id":12247134,"delimiter":"|","textQualifier":"NONE","escapeChar":"","headerLineNo":1,"firstDataRow":2,"rowDelimiter":0,"consecutiveDelimiter":false,"multiDelimitersAsAnd":false,"firstDataRowAsHeader":false,"codePage":"","customRowDelimiter":"","headerAndDataDelimiter":0},"customFuncCfg":{"@type":"customFuncConfig","id":-1,"connections":[],"inputMap":[],"outputFields":[]},"targetRefsV2":{},"targetUpdateColumns":[],"fieldOrderList":[],"runtimeAttrs":{"Lookup source is static":"false","Case Sensitive String Comparison":"false","Lookup Data Cache Size":"AUTO","Output Old Value On Update":"false","Lookup Source Filter":"","Pre-build lookup cache":"AUTO","Synchronize dynamic cache":"false","Null ordering":"Null Is Highest Value","Thousand Separator":"None","Cache File Name Prefix":"","Lookup Index Cache Size":"AUTO","Optional":"true","Lookup cache persistent":"false","Update Dynamic Cache Condition":"TRUE","Decimal Separator":".","Re-cache from lookup source":"false","Insert Else Update":"false","Lookup caching enabled":"true","Tracing Level":"Normal","Datetime Format":"","Subsecond Precision":"6","Sorted Input":"false","Lookup cache directory name":"$PMCacheDir","Dynamic Lookup Cache":"false"},"isRESTModernSource":true,"commandType":0,"isFileList":false,"handleSpecialChars":false,"handleDecimalRoundOff":false,"frsAsset":false,"dynamicFileName":false,"excludeDynamicFileNameField":false,"currentlyProcessedFileName":false,"retainFieldMetadata":false,"objectName":"T_OSC_RESOURCE","objectLabel":"","useExactSrcNames":false,"userUpdated":true,"fetchMode":"ORIGINAL","tgtObjectAttributes":{},"runtimeParameterData":{"@type":"mtTaskRuntimeParameterData","isConnectionRuntimeParameter":false,"isObjectRuntimeParameter":false},"overridableProperties":[],"overriddenFields":[]}],"sequences":[],"inOutParameters":[],"connRuntimeAttrs":[]}]