[{"@type":"mappingTemplate","id":"@1","name":"m_OSC_Delete_OpportunityTeam_InactiveUsers","description":"Mapping pushed from PC to ICS : m_OSC_Delete_OpportunityTeam_InactiveUsers","autoExpireObject":false,"bundleVersion":"0","assetFrsGuid":"57AgK1eybOcgnROnrIsp2b","templateId":"@2","deployTime":1752054527000,"hasParameters":true,"valid":true,"fixedConnection":false,"hasParametersDeployed":true,"fixedConnectionDeployed":false,"isSchemaValidationEnabled":false,"tasks":1,"allowMaxFieldLength":false,"specialCharacterSupport":false,"references":[]}]