[{"@type":"mappingTemplate","id":"@1","name":"m_OSC_Create_Opty_Exp_Contracts_Global","description":"Mapping pushed from PC to ICS : m_OSC_Create_Opty_Exp_Contracts_Global","autoExpireObject":false,"bundleVersion":"0","assetFrsGuid":"0a0RbsCbgqUhP6b9xRjF2F","templateId":"@2","deployTime":1752054472000,"hasParameters":true,"valid":true,"fixedConnection":false,"hasParametersDeployed":true,"fixedConnectionDeployed":false,"isSchemaValidationEnabled":false,"tasks":1,"allowMaxFieldLength":false,"specialCharacterSupport":false,"references":[]}]