[{"@type":"mtTask","id":"@1","name":"s_m_OSC_TM_TerritoryToAccountNewRulesCheck","description":"Session pushed from PC to ICS : s_m_OSC_TM_TerritoryToAccountNewRulesCheck","autoExpireObject":false,"runtimeEnvironmentId":"@4XHzTDjn3M2cETJn1ZRVcd","maxLogs":10,"verbose":false,"mappingId":"@3UyNq3ua8oJjB3cwErVsMM","frsGuid":"56gFv5P68uLcEp8tdTwm8f","shortDescription":"Session pushed from PC to ICS : s_m_OSC_TM_Territo...","sessionPropertiesList":[{"name":"Allow Temporary Sequence for Pushdown","value":"NO","recommended":false},{"name":"Allow Temporary View for Pushdown","value":"NO","recommended":false},{"name":"Custom Properties","value":"UseFixedWidthConfigMetadata=yes","recommended":false},{"name":"Data Column Delimiter","value":"|","recommended":false},{"name":"Error Log File Name","value":"PMError.log","recommended":false},{"name":"Pushdown Optimization","value":"None","recommended":false},{"name":"Session Log File directory","value":"D:\\CRM\\SessLogs\\","recommended":false}],"hidden":false,"enableCrossSchemaPushdown":false,"enableParallelRun":false,"autoTunedApplied":false,"autoTunedAppliedType":"NONE","parameterFileName":"","parameterFileDir":"","schemaMode":"async","valid":true,"schemaValidationErrorCount":-1,"serverlessProperties":{},"taskProperties":[{"@type":"taskProperty","name":"parameterFileDir","currentValue":"","type":"STRING","label":"label.parameterFileDir","required":false},{"@type":"taskProperty","name":"parameterFileName","currentValue":"","type":"STRING","label":"label.parameterFileName","required":false},{"@type":"taskProperty","name":"outboundMessageUrlQueueTime","currentValue":"","type":"NUMBER","label":"label.outboundMessageUrlQueueTime","required":false},{"@type":"taskProperty","name":"outboundMessageUrlToken","currentValue":"","type":"STRING","label":"label.outboundMessageUrlToken","required":false}],"optimizationPlan":"NONE","isMidstreamPreview":false,"allowMaxFieldLength":false,"specialCharacterSupport":true,"useUserDefinedOrder":false,"parameters":[{"@type":"mtTaskParameter","id":14492625,"name":"$SQ_T_OSC_REP_ASGN_RULE$","type":"SOURCE","label":"SQ_T_OSC_REP_ASGN_RULE","uiProperties":{"cnxtype":"Oracle","connectionParameterized":"true","paramName":"SQ_T_OSC_REP_ASGN_RULESrcParameter","paramLabel":"","paramType-mapping":"Connection","logcnx":"SQ_T_OSC_REP_ASGN_RULESrcParameter","isSelectDistinct":"false","objectParameterized":"false","visible":"false","isCustomQueryRetainMetaData":"true","flags":"SUPPORTS_MULTI_SCHEMA","originalPath":"SQ_T_OSC_REP_ASGN_RULE"},"sourceConnectionId":"@0Jc0mSYEs3QgEw3dghX2aW","sourceObject":"DUMMY_SQ_T_OSC_REP_ASGN_RULE","newFlatFile":false,"newObject":false,"showBusinessNames":true,"naturalOrder":true,"truncateTarget":false,"bulkApiDBTarget":false,"srcFFAttrs":{"@type":"flatFileAttrs","id":12246995,"delimiter":"|","textQualifier":"NONE","escapeChar":"","headerLineNo":1,"firstDataRow":2,"rowDelimiter":0,"consecutiveDelimiter":false,"multiDelimitersAsAnd":false,"firstDataRowAsHeader":false,"codePage":"","customRowDelimiter":"","headerAndDataDelimiter":0},"customFuncCfg":{"@type":"customFuncConfig","id":-1,"connections":[],"inputMap":[],"outputFields":[]},"targetRefsV2":{},"targetUpdateColumns":[],"fieldOrderList":[],"runtimeAttrs":{"Sql Override":"SELECT \r\nRECORDNUMBER, \r\nLASTUPDATEDATE \r\nFROM\r\nOSC.T_OSC_REP_ASGN_RULE\r\nWHERE \r\n--LASTUPDATEDATE > TO_DATE('$$PROCESS_DATE','YYYY-MM-DD HH24:MI:SS') - 3 AND\r\ncountrycode = 'GB' AND\r\n(ACTIVE IS NULL OR ACTIVE = 'Y')"},"isRESTModernSource":true,"customQuery":"SELECT \r\nRECORDNUMBER, \r\nLASTUPDATEDATE \r\nFROM\r\nOSC.T_OSC_REP_ASGN_RULE\r\nWHERE \r\nLASTUPDATEDATE > TO_DATE('$$PROCESS_DATE','YYYY-MM-DD HH24:MI:SS') - 1 AND\r\n(ACTIVE IS NULL OR ACTIVE = 'Y')","commandType":0,"isFileList":false,"handleSpecialChars":false,"handleDecimalRoundOff":false,"frsAsset":false,"dynamicFileName":false,"excludeDynamicFileNameField":false,"currentlyProcessedFileName":false,"retainFieldMetadata":false,"objectName":"DUMMY_SQ_T_OSC_REP_ASGN_RULE","useExactSrcNames":false,"userUpdated":true,"fetchMode":"ORIGINAL","tgtObjectAttributes":{},"runtimeParameterData":{"@type":"mtTaskRuntimeParameterData","isConnectionRuntimeParameter":false,"isObjectRuntimeParameter":false},"overridableProperties":[],"overriddenFields":[]},{"@type":"mtTaskParameter","id":14492626,"name":"$ff_tgt_osc_file$","type":"TARGET","label":"ff_tgt_osc_file","uiProperties":{"cnxtype":"CSVFile","connectionParameterized":"true","paramName":"ff_tgt_osc_fileTgtParameter","paramLabel":"","paramType-mapping":"Connection","logcnx":"ff_tgt_osc_fileTgtParameter","default":"TMNewRulesUpdated.csv","objectParameterized":"false","visible":"false","defaultTargetUpdateColumns":"","supportApplyDDLChanges":"false","originalPath":"ff_tgt_osc_file"},"targetConnectionId":"@3b5fUeogNFDgfN22G4mky2","targetObject":"TMNewRulesUpdated.csv","targetObjectLabel":"TMNewRulesUpdated.csv","newFlatFile":false,"newObject":true,"showBusinessNames":true,"naturalOrder":true,"newObjectName":"TMNewRulesUpdated.csv","truncateTarget":false,"bulkApiDBTarget":false,"operationType":"Insert","tgtFFAttrs":{"@type":"flatFileAttrs","id":12246996,"delimiter":",","textQualifier":"NONE","escapeChar":"","headerLineNo":1,"rowDelimiter":0,"consecutiveDelimiter":false,"multiDelimitersAsAnd":false,"codePage":""},"customFuncCfg":{"@type":"customFuncConfig","id":-1,"connections":[],"inputMap":[],"outputFields":[]},"targetRefsV2":{},"targetUpdateColumns":[],"fieldOrderList":[],"extendedObject":{"@type":"extendedObject","object":{"@type":"mObject","name":"TMNewRulesUpdated.csv","label":"TMNewRulesUpdated.csv","metadataUpdated":false,"relations":[],"children":[]},"singleMode":true,"objects":[{"@type":"mObject","name":"TMNewRulesUpdated.csv","label":"TMNewRulesUpdated.csv","metadataUpdated":false,"relations":[],"children":[]}],"filters":[],"sortFields":[]},"runtimeAttrs":{},"isRESTModernSource":true,"commandType":0,"isFileList":false,"handleSpecialChars":false,"handleDecimalRoundOff":false,"frsAsset":false,"dynamicFileName":false,"excludeDynamicFileNameField":false,"currentlyProcessedFileName":false,"retainFieldMetadata":false,"objectName":"TMNewRulesUpdated.csv","objectLabel":"TMNewRulesUpdated.csv","useExactSrcNames":false,"userUpdated":true,"fetchMode":"ORIGINAL","tgtObjectAttributes":{},"runtimeParameterData":{"@type":"mtTaskRuntimeParameterData","isConnectionRuntimeParameter":false,"isObjectRuntimeParameter":false},"overridableProperties":[],"overriddenFields":[]}],"sequences":[],"inOutParameters":[{"@type":"mtTaskInOutParameter","id":"-1","name":"PROCESS_DATE","description":"","initialValue":"2021-08-18 12:00:00","datatype":"STRING","precision":"19","scale":"0","retentionPolicy":"ON_SUCCESS_OR_WARNING","aggregationType":"MAX","currentValue":"2021-08-18 12:00:00"}],"connRuntimeAttrs":[]}]