[{"@type":"mappingTemplate","id":"@1","name":"m_OSC_UpdateOpportunityWithIDNDetails","description":"Mapping pushed from PC to ICS : m_OSC_UpdateOpportunityWithIDNDetails","autoExpireObject":false,"bundleVersion":"0","assetFrsGuid":"lMj1OZy6cAbgFlSgoYMJGR","templateId":"@2","deployTime":1752054610000,"hasParameters":true,"valid":true,"fixedConnection":false,"hasParametersDeployed":true,"fixedConnectionDeployed":false,"isSchemaValidationEnabled":false,"tasks":1,"allowMaxFieldLength":false,"specialCharacterSupport":false,"references":[]}]