[{"@type":"mtTask","id":"@1","name":"s_m_OSC_UpdateOpportunityInVivoSalesArea","description":"Session pushed from PC to ICS : s_m_OSC_UpdateOpportunityInVivoSalesArea","autoExpireObject":false,"runtimeEnvironmentId":"@4XHzTDjn3M2cETJn1ZRVcd","maxLogs":10,"verbose":false,"mappingId":"@7pXeDG36HDtfiI2OrvMDIi","frsGuid":"6ph0LcS56cPhyJTzNe6bes","shortDescription":"Session pushed from PC to ICS : s_m_OSC_UpdateOppo...","sessionPropertiesList":[{"name":"Allow Temporary Sequence for Pushdown","value":"NO","recommended":false},{"name":"Allow Temporary View for Pushdown","value":"NO","recommended":false},{"name":"Custom Properties","value":"UseFixedWidthConfigMetadata=yes","recommended":false},{"name":"Data Column Delimiter","value":"|","recommended":false},{"name":"Error Log File Name","value":"PMError.log","recommended":false},{"name":"Pushdown Optimization","value":"None","recommended":false}],"hidden":false,"enableCrossSchemaPushdown":false,"enableParallelRun":false,"autoTunedApplied":false,"autoTunedAppliedType":"NONE","parameterFileName":"","parameterFileDir":"","schemaMode":"async","valid":true,"schemaValidationErrorCount":-1,"serverlessProperties":{},"taskProperties":[{"@type":"taskProperty","name":"parameterFileDir","currentValue":"","type":"STRING","label":"label.parameterFileDir","required":false},{"@type":"taskProperty","name":"parameterFileName","currentValue":"","type":"STRING","label":"label.parameterFileName","required":false},{"@type":"taskProperty","name":"outboundMessageUrlQueueTime","currentValue":"","type":"NUMBER","label":"label.outboundMessageUrlQueueTime","required":false},{"@type":"taskProperty","name":"outboundMessageUrlToken","currentValue":"","type":"STRING","label":"label.outboundMessageUrlToken","required":false}],"optimizationPlan":"NONE","isMidstreamPreview":false,"allowMaxFieldLength":false,"specialCharacterSupport":true,"useUserDefinedOrder":false,"parameters":[{"@type":"mtTaskParameter","id":14492497,"name":"$SQ_T_OSC_OPTY_STATUS$","type":"SOURCE","label":"SQ_T_OSC_OPTY_STATUS","uiProperties":{"cnxtype":"Oracle","connectionParameterized":"true","paramName":"SQ_T_OSC_OPTY_STATUSSrcParameter","paramLabel":"","paramType-mapping":"Connection","logcnx":"SQ_T_OSC_OPTY_STATUSSrcParameter","isSelectDistinct":"false","objectParameterized":"false","visible":"false","isCustomQueryRetainMetaData":"true","flags":"SUPPORTS_MULTI_SCHEMA","originalPath":"SQ_T_OSC_OPTY_STATUS"},"sourceConnectionId":"@1WJdDPsrEsGgfVqMmD3JYu","sourceObject":"DUMMY_SQ_T_OSC_OPTY_STATUS","newFlatFile":false,"newObject":false,"showBusinessNames":true,"naturalOrder":true,"truncateTarget":false,"bulkApiDBTarget":false,"srcFFAttrs":{"@type":"flatFileAttrs","id":12246884,"delimiter":"|","textQualifier":"NONE","escapeChar":"","headerLineNo":1,"firstDataRow":2,"rowDelimiter":0,"consecutiveDelimiter":false,"multiDelimitersAsAnd":false,"firstDataRowAsHeader":false,"codePage":"","customRowDelimiter":"","headerAndDataDelimiter":0},"customFuncCfg":{"@type":"customFuncConfig","id":-1,"connections":[],"inputMap":[],"outputFields":[]},"targetRefsV2":{},"targetUpdateColumns":[],"fieldOrderList":[],"runtimeAttrs":{},"isRESTModernSource":true,"customQuery":"SELECT DISTINCT\r\na.optynumber optynumber, \r\nb.invivosalesarea invivosalesarea\r\nFROM\r\nosc.t_osc_opty_status a, \r\nosc.t_osc_org b\r\nWHERE\r\na.accountid = b.partyid and\r\na.status in ('OPEN','Signed') and \r\na.opportunitytype in ('InVivo','Services') and\r\n--b.countrycode = 'US' and\r\n(a.invivosalesarea is null or a.invivosalesarea != b.invivosalesarea) and \r\na.closedate < to_date('10/01/2050','MM/DD/YYYY') and b.invivosalesarea is not null and\r\n(b.channelindicator != 'Cross Zone' or b.channelindicator is null)","commandType":0,"isFileList":false,"handleSpecialChars":false,"handleDecimalRoundOff":false,"frsAsset":false,"dynamicFileName":false,"excludeDynamicFileNameField":false,"currentlyProcessedFileName":false,"retainFieldMetadata":false,"objectName":"DUMMY_SQ_T_OSC_OPTY_STATUS","useExactSrcNames":false,"userUpdated":true,"fetchMode":"ORIGINAL","tgtObjectAttributes":{},"runtimeParameterData":{"@type":"mtTaskRuntimeParameterData","isConnectionRuntimeParameter":false,"isObjectRuntimeParameter":false},"overridableProperties":[],"overriddenFields":[]},{"@type":"mtTaskParameter","id":14492498,"name":"$ff_tgt_osc_opty_invivosalesarea$","type":"TARGET","label":"ff_tgt_osc_opty_invivosalesarea","uiProperties":{"cnxtype":"CSVFile","connectionParameterized":"true","paramName":"ff_tgt_osc_opty_invivosalesareaTgtParameter","paramLabel":"","paramType-mapping":"Connection","logcnx":"ff_tgt_osc_opty_invivosalesareaTgtParameter","default":"OptyInvivoSalesAreaUpdate-Opportunities.csv","objectParameterized":"false","visible":"false","defaultTargetUpdateColumns":"","supportApplyDDLChanges":"false","originalPath":"ff_tgt_osc_opty_invivosalesarea"},"targetConnectionId":"@3mmYdjS0UHulG5fd91NWqT","targetObject":"OptyInvivoSalesAreaUpdate-Opportunities.csv","targetObjectLabel":"OptyInvivoSalesAreaUpdate-Opportunities.csv","newFlatFile":false,"newObject":true,"showBusinessNames":true,"naturalOrder":true,"newObjectName":"OptyInvivoSalesAreaUpdate-Opportunities.csv","truncateTarget":false,"bulkApiDBTarget":false,"operationType":"Insert","tgtFFAttrs":{"@type":"flatFileAttrs","id":12246885,"delimiter":"|","textQualifier":"NONE","escapeChar":"","headerLineNo":1,"rowDelimiter":0,"consecutiveDelimiter":false,"multiDelimitersAsAnd":false,"codePage":""},"customFuncCfg":{"@type":"customFuncConfig","id":-1,"connections":[],"inputMap":[],"outputFields":[]},"targetRefsV2":{},"targetUpdateColumns":[],"fieldOrderList":[],"extendedObject":{"@type":"extendedObject","object":{"@type":"mObject","name":"OptyInvivoSalesAreaUpdate-Opportunities.csv","label":"OptyInvivoSalesAreaUpdate-Opportunities.csv","metadataUpdated":false,"relations":[],"children":[]},"singleMode":true,"objects":[{"@type":"mObject","name":"OptyInvivoSalesAreaUpdate-Opportunities.csv","label":"OptyInvivoSalesAreaUpdate-Opportunities.csv","metadataUpdated":false,"relations":[],"children":[]}],"filters":[],"sortFields":[]},"runtimeAttrs":{},"isRESTModernSource":true,"commandType":0,"isFileList":false,"handleSpecialChars":false,"handleDecimalRoundOff":false,"frsAsset":false,"dynamicFileName":false,"excludeDynamicFileNameField":false,"currentlyProcessedFileName":false,"retainFieldMetadata":false,"objectName":"OptyInvivoSalesAreaUpdate-Opportunities.csv","objectLabel":"OptyInvivoSalesAreaUpdate-Opportunities.csv","useExactSrcNames":false,"userUpdated":true,"fetchMode":"ORIGINAL","tgtObjectAttributes":{},"runtimeParameterData":{"@type":"mtTaskRuntimeParameterData","isConnectionRuntimeParameter":false,"isObjectRuntimeParameter":false},"overridableProperties":[],"overriddenFields":[]}],"sequences":[],"inOutParameters":[],"connRuntimeAttrs":[]}]