[{"@type":"mappingTemplate","id":"@1","name":"ARCHIVE_m_OSC_CSEToOSC_WSOptyProcessed","description":"Mapping pushed from PC to ICS : ARCHIVE_m_OSC_CSEToOSC_WSOptyProcessed","autoExpireObject":false,"bundleVersion":"0","assetFrsGuid":"bRcyG0Cr76jlnijHtCJLmL","templateId":"@2","deployTime":1752054205000,"hasParameters":true,"valid":true,"fixedConnection":false,"hasParametersDeployed":true,"fixedConnectionDeployed":false,"isSchemaValidationEnabled":false,"tasks":1,"allowMaxFieldLength":false,"specialCharacterSupport":false,"references":[]}]