[{"@type":"mappingTemplate","id":"@1","name":"m_OSC_TM_TerritoryToAccountExportAccountReps","description":"Mapping pushed from PC to ICS : m_OSC_TM_TerritoryToAccountExportAccountReps","autoExpireObject":false,"bundleVersion":"0","assetFrsGuid":"05GsQ9zMKSebk9DyBOMAIo","templateId":"@2","deployTime":1752054306000,"hasParameters":true,"valid":true,"fixedConnection":false,"hasParametersDeployed":true,"fixedConnectionDeployed":false,"isSchemaValidationEnabled":false,"tasks":1,"allowMaxFieldLength":false,"specialCharacterSupport":false,"references":[]}]