[{"@type":"mappingTemplate","id":"@1","name":"m_OSC_UpdateAccountUltimateBI","description":"Mapping pushed from PC to ICS : m_OSC_UpdateAccountUltimateBI","autoExpireObject":false,"bundleVersion":"0","assetFrsGuid":"66mDD7KEVGMgQLBGXwjyai","templateId":"@2","deployTime":1752054457000,"hasParameters":true,"valid":true,"fixedConnection":false,"hasParametersDeployed":true,"fixedConnectionDeployed":false,"isSchemaValidationEnabled":false,"tasks":1,"allowMaxFieldLength":false,"specialCharacterSupport":false,"references":[]}]