[{"@type":"mappingTemplate","id":"@1","name":"m_OSC_TM_TerritoryToAccountUpdateLegacyPositionAccount","description":"Mapping pushed from PC to ICS : m_OSC_TM_TerritoryToAccountUpdateLegacyPositionAccount","autoExpireObject":false,"bundleVersion":"0","assetFrsGuid":"kHEJUXwcREyjlfWShp2rur","templateId":"@2","deployTime":1754374946000,"hasParameters":true,"valid":true,"fixedConnection":false,"hasParametersDeployed":true,"fixedConnectionDeployed":false,"isSchemaValidationEnabled":false,"tasks":1,"allowMaxFieldLength":false,"specialCharacterSupport":false,"references":[]}]