[{"@type":"mtTask","id":"@1","name":"s_m_OSC_TM_TerritoryToAccountTeamDelete","description":"Session pushed from PC to ICS : s_m_OSC_TM_TerritoryToAccountTeamDelete","autoExpireObject":false,"runtimeEnvironmentId":"@4XHzTDjn3M2cETJn1ZRVcd","maxLogs":10,"verbose":false,"mappingId":"@8bR5cjmTbysimEIttW8U4A","frsGuid":"ilWYirvyLUNeVu4NBqbraJ","shortDescription":"Session pushed from PC to ICS : s_m_OSC_TM_Territo...","sessionPropertiesList":[{"name":"Allow Temporary Sequence for Pushdown","value":"NO","recommended":false},{"name":"Allow Temporary View for Pushdown","value":"NO","recommended":false},{"name":"Custom Properties","value":"UseFixedWidthConfigMetadata=yes","recommended":false},{"name":"Data Column Delimiter","value":"|","recommended":false},{"name":"Error Log File Name","value":"PMError.log","recommended":false},{"name":"Pushdown Optimization","value":"None","recommended":false},{"name":"Session Log File directory","value":"D:\\CRM\\SessLogs\\","recommended":false}],"hidden":false,"enableCrossSchemaPushdown":false,"enableParallelRun":false,"autoTunedApplied":false,"autoTunedAppliedType":"NONE","parameterFileName":"","parameterFileDir":"","schemaMode":"async","valid":true,"schemaValidationErrorCount":-1,"serverlessProperties":{},"taskProperties":[{"@type":"taskProperty","name":"parameterFileDir","currentValue":"","type":"STRING","label":"label.parameterFileDir","required":false},{"@type":"taskProperty","name":"parameterFileName","currentValue":"","type":"STRING","label":"label.parameterFileName","required":false},{"@type":"taskProperty","name":"outboundMessageUrlQueueTime","currentValue":"","type":"NUMBER","label":"label.outboundMessageUrlQueueTime","required":false},{"@type":"taskProperty","name":"outboundMessageUrlToken","currentValue":"","type":"STRING","label":"label.outboundMessageUrlToken","required":false}],"optimizationPlan":"NONE","isMidstreamPreview":false,"allowMaxFieldLength":false,"specialCharacterSupport":true,"useUserDefinedOrder":false,"parameters":[{"@type":"mtTaskParameter","id":14492922,"name":"$SQ_T_OSC_ACCNT_RESOURCE$","type":"SOURCE","label":"SQ_T_OSC_ACCNT_RESOURCE","uiProperties":{"cnxtype":"Oracle","connectionParameterized":"true","paramName":"Source","paramLabel":"","paramType-mapping":"Connection","logcnx":"Source","isSelectDistinct":"false","objectParameterized":"false","visible":"false","isCustomQueryRetainMetaData":"true","flags":"SUPPORTS_MULTI_SCHEMA","originalPath":"SQ_T_OSC_ACCNT_RESOURCE"},"sourceConnectionId":"@1WJdDPsrEsGgfVqMmD3JYu","sourceObject":"DUMMY_SQ_T_OSC_ACCNT_RESOURCE","newFlatFile":false,"newObject":false,"showBusinessNames":true,"naturalOrder":true,"truncateTarget":false,"bulkApiDBTarget":false,"srcFFAttrs":{"@type":"flatFileAttrs","id":12247264,"delimiter":"|","textQualifier":"NONE","escapeChar":"","headerLineNo":1,"firstDataRow":2,"rowDelimiter":0,"consecutiveDelimiter":false,"multiDelimitersAsAnd":false,"firstDataRowAsHeader":false,"codePage":"","customRowDelimiter":"","headerAndDataDelimiter":0},"customFuncCfg":{"@type":"customFuncConfig","id":-1,"connections":[],"inputMap":[],"outputFields":[]},"targetRefsV2":{},"targetUpdateColumns":[],"fieldOrderList":[],"runtimeAttrs":{},"isRESTModernSource":true,"customQuery":"SELECT DISTINCT\r\nb.salesaccountid as salesaccountid, \r\na.resource_id as resourceid\r\nFROM \r\nosc.t_osc_accnt_resource a, \r\nosc.t_osc_org b, \r\nosc.t_osc_resource c, \r\nosc.t_osc_accnt_addr d, \r\nosc.t_osc_addr e\r\nWHERE \r\na.sales_account_id = b.salesaccountid and \r\n--b.countrycode = 'US' and \r\na.last_updated_by = c.username and \r\n(c.partyid in (select val from osc.t_osc_lst_of_val where type = 'RESOURCE_ID') or \r\na.addedfromterritoryflag = 'Y') and\r\n(a.origin not in (select val from osc.t_osc_lst_of_val where type = 'ORIGIN') or a.origin is null) and\r\nb.partyid = d.partyid and \r\nd.locationid = e.locationid and\r\n(e.state <> 'IT' or e.state is null) and \r\nb.oscregistryid not in (select val from osc.t_osc_lst_of_val where type = 'ACCOUNT_ID')\r\nand (a.orares_function in (select val from osc.t_osc_lst_of_val where type = 'ORARES_FUNCTION') OR a.orares_function like 'PSE%')\r\nMINUS\r\nSELECT DISTINCT\r\nc.salesaccountid as salesaccountid, \r\nto_char(a.resourceid) as resourceid\r\nFROM \r\nosc.t_osc_terr_resource a, \r\nosc.t_osc_accnt_terr b, \r\nosc.t_osc_org c, \r\nosc.t_osc_accnt_addr d, \r\nosc.t_osc_addr e\r\nWHERE \r\na.territoryid = b.territoryid and \r\nb.salesaccountid = c.partyid and \r\n--c.countrycode = 'US' and \r\na.territoryid not in (select val from osc.t_osc_lst_of_val where type = 'TERRITORY_ID')\r\nand c.partyid = d.partyid and \r\nd.locationid = e.locationid and \r\n(e.state <> 'IT' or e.state is null) and \r\nc.oscregistryid not in (select val from osc.t_osc_lst_of_val where type = 'ACCOUNT_ID')\r\nand (a.functioncode in (select val from osc.t_osc_lst_of_val where type = 'ORARES_FUNCTION') OR a.functioncode like 'PSE%')","commandType":0,"isFileList":false,"handleSpecialChars":false,"handleDecimalRoundOff":false,"frsAsset":false,"dynamicFileName":false,"excludeDynamicFileNameField":false,"currentlyProcessedFileName":false,"retainFieldMetadata":false,"objectName":"DUMMY_SQ_T_OSC_ACCNT_RESOURCE","useExactSrcNames":false,"userUpdated":true,"fetchMode":"ORIGINAL","tgtObjectAttributes":{},"runtimeParameterData":{"@type":"mtTaskRuntimeParameterData","isConnectionRuntimeParameter":false,"isObjectRuntimeParameter":false},"overridableProperties":[],"overriddenFields":[]},{"@type":"mtTaskParameter","id":14492923,"name":"$ff_tgt_osc_tm_accountteam$","type":"TARGET","label":"ff_tgt_osc_tm_accountteam","uiProperties":{"cnxtype":"CSVFile","connectionParameterized":"true","paramName":"ff_tgt_osc_tm_accountteamTgtParameter","paramLabel":"","paramType-mapping":"Connection","logcnx":"ff_tgt_osc_tm_accountteamTgtParameter","default":"TMDeleteFromSalesTeam-Account.csv","objectParameterized":"false","visible":"false","defaultTargetUpdateColumns":"","supportApplyDDLChanges":"false","originalPath":"ff_tgt_osc_tm_accountteam"},"targetConnectionId":"@3b5fUeogNFDgfN22G4mky2","targetObject":"TMDeleteFromSalesTeam-Account.csv","targetObjectLabel":"TMDeleteFromSalesTeam-Account.csv","newFlatFile":false,"newObject":true,"showBusinessNames":true,"naturalOrder":true,"newObjectName":"TMDeleteFromSalesTeam-Account.csv","truncateTarget":false,"bulkApiDBTarget":false,"operationType":"Insert","tgtFFAttrs":{"@type":"flatFileAttrs","id":12247265,"delimiter":",","textQualifier":"NONE","escapeChar":"","headerLineNo":1,"rowDelimiter":0,"consecutiveDelimiter":false,"multiDelimitersAsAnd":false,"codePage":""},"customFuncCfg":{"@type":"customFuncConfig","id":-1,"connections":[],"inputMap":[],"outputFields":[]},"targetRefsV2":{},"targetUpdateColumns":[],"fieldOrderList":[],"extendedObject":{"@type":"extendedObject","object":{"@type":"mObject","name":"TMDeleteFromSalesTeam-Account.csv","label":"TMDeleteFromSalesTeam-Account.csv","metadataUpdated":false,"relations":[],"children":[]},"singleMode":true,"objects":[{"@type":"mObject","name":"TMDeleteFromSalesTeam-Account.csv","label":"TMDeleteFromSalesTeam-Account.csv","metadataUpdated":false,"relations":[],"children":[]}],"filters":[],"sortFields":[]},"runtimeAttrs":{},"isRESTModernSource":true,"commandType":0,"isFileList":false,"handleSpecialChars":false,"handleDecimalRoundOff":false,"frsAsset":false,"dynamicFileName":false,"excludeDynamicFileNameField":false,"currentlyProcessedFileName":false,"retainFieldMetadata":false,"objectName":"TMDeleteFromSalesTeam-Account.csv","objectLabel":"TMDeleteFromSalesTeam-Account.csv","useExactSrcNames":false,"userUpdated":true,"fetchMode":"ORIGINAL","tgtObjectAttributes":{},"runtimeParameterData":{"@type":"mtTaskRuntimeParameterData","isConnectionRuntimeParameter":false,"isObjectRuntimeParameter":false},"overridableProperties":[],"overriddenFields":[]}],"sequences":[],"inOutParameters":[],"connRuntimeAttrs":[]}]