[{"@type":"mtTask","id":"@1","name":"s_m_OSC_VBEZ_AccountTeamExtract","description":"Session pushed from PC to ICS : s_m_OSC_VBEZ_AccountTeamExtract","autoExpireObject":false,"runtimeEnvironmentId":"@4XHzTDjn3M2cETJn1ZRVcd","maxLogs":10,"verbose":false,"mappingId":"@3xyTuy71BpOhgFWzr8k2Ar","frsGuid":"15vY8tEF6uRlFGvMeSEcuc","shortDescription":"Session pushed from PC to ICS : s_m_OSC_VBEZ_Accou...","sessionPropertiesList":[{"name":"Allow Temporary Sequence for Pushdown","value":"NO","recommended":false},{"name":"Allow Temporary View for Pushdown","value":"NO","recommended":false},{"name":"Custom Properties","value":"UseFixedWidthConfigMetadata=yes","recommended":false},{"name":"Data Column Delimiter","value":"|","recommended":false},{"name":"Error Log File Name","value":"PMError.log","recommended":false},{"name":"Pushdown Optimization","value":"None","recommended":false},{"name":"Session Log File directory","value":"D:\\CRM\\SessLogs\\","recommended":false}],"hidden":false,"enableCrossSchemaPushdown":false,"enableParallelRun":false,"autoTunedApplied":false,"autoTunedAppliedType":"NONE","parameterFileName":"","parameterFileDir":"","schemaMode":"async","valid":true,"schemaValidationErrorCount":-1,"serverlessProperties":{},"taskProperties":[{"@type":"taskProperty","name":"parameterFileDir","currentValue":"","type":"STRING","label":"label.parameterFileDir","required":false},{"@type":"taskProperty","name":"parameterFileName","currentValue":"","type":"STRING","label":"label.parameterFileName","required":false},{"@type":"taskProperty","name":"outboundMessageUrlQueueTime","currentValue":"","type":"NUMBER","label":"label.outboundMessageUrlQueueTime","required":false},{"@type":"taskProperty","name":"outboundMessageUrlToken","currentValue":"","type":"STRING","label":"label.outboundMessageUrlToken","required":false}],"optimizationPlan":"NONE","isMidstreamPreview":false,"allowMaxFieldLength":false,"specialCharacterSupport":true,"useUserDefinedOrder":false,"parameters":[{"@type":"mtTaskParameter","id":14492870,"name":"$SQ_T_OSC_ORG$","type":"SOURCE","label":"SQ_T_OSC_ORG","uiProperties":{"cnxtype":"Oracle","connectionParameterized":"true","paramName":"Source","paramLabel":"","paramType-mapping":"Connection","logcnx":"Source","isSelectDistinct":"false","objectParameterized":"false","visible":"false","isCustomQueryRetainMetaData":"true","flags":"SUPPORTS_MULTI_SCHEMA","originalPath":"SQ_T_OSC_ORG"},"sourceConnectionId":"@1WJdDPsrEsGgfVqMmD3JYu","sourceObject":"DUMMY_SQ_T_OSC_ORG","newFlatFile":false,"newObject":false,"showBusinessNames":true,"naturalOrder":true,"truncateTarget":false,"bulkApiDBTarget":false,"srcFFAttrs":{"@type":"flatFileAttrs","id":12247227,"delimiter":"|","textQualifier":"NONE","escapeChar":"","headerLineNo":1,"firstDataRow":2,"rowDelimiter":0,"consecutiveDelimiter":false,"multiDelimitersAsAnd":false,"firstDataRowAsHeader":false,"codePage":"","customRowDelimiter":"","headerAndDataDelimiter":0},"customFuncCfg":{"@type":"customFuncConfig","id":-1,"connections":[],"inputMap":[],"outputFields":[]},"targetRefsV2":{},"targetUpdateColumns":[],"fieldOrderList":[],"runtimeAttrs":{},"isRESTModernSource":true,"customQuery":"SELECT org.sapidinvivo as accountid, org.countrycode as countrycode, res.username as gid, res.positiontype as positiontype, 'InVitro' as businessarea, 'Primary In Vitro (DX) Rep' as description, org.sapaccountgroup as sapaccountgroup, org.lastupdateddate_c as lastupdateddate_c\r\nFROM osc.t_osc_org org, osc.t_osc_resource res\r\nWHERE org.primaryinvitrorepid = res.resourceprofileid AND org.lastupdateddate_c >= to_date('$$PROCESS_DATE','MM/DD/YYYY HH24:MI:SS') - 1 AND blockingstatus in ('Verified and Active','Blocked')\r\nUNION ALL\r\nSELECT org.sapidinvivo as accountid, org.countrycode as countrycode, res.username as gid, res.positiontype as positiontype, 'InVitro' as businessarea, 'Secondary In Vitro Rep' as description, org.sapaccountgroup as sapaccountgroup, org.lastupdateddate_c as lastupdateddate_c\r\nFROM osc.t_osc_org org, osc.t_osc_resource res\r\nWHERE org.secondaryinvitrorepid = res.resourceprofileid AND org.lastupdateddate_c >= to_date('$$PROCESS_DATE','MM/DD/YYYY HH24:MI:SS') - 1 AND blockingstatus in ('Verified and Active','Blocked')\r\nUNION ALL\r\nSELECT org.sapidinvivo as accountid, org.countrycode as countrycode, res.username as gid, res.positiontype as positiontype, 'InVivo' as businessarea, 'Primary In Vivo(IM) Rep' as description, org.sapaccountgroup as sapaccountgroup, org.lastupdateddate_c as lastupdateddate_c\r\nFROM osc.t_osc_org org, osc.t_osc_resource res\r\nWHERE org.primaryinvivorepid = res.resourceprofileid AND org.lastupdateddate_c >= to_date('$$PROCESS_DATE','MM/DD/YYYY HH24:MI:SS') - 1 AND blockingstatus in ('Verified and Active','Blocked')\r\nUNION ALL\r\nSELECT org.sapidinvivo as accountid, org.countrycode as countrycode, res.username as gid, res.positiontype as positiontype, 'InVivo' as businessarea, 'Secondary In Vivo Rep' as description, org.sapaccountgroup as sapaccountgroup, org.lastupdateddate_c as lastupdateddate_c\r\nFROM osc.t_osc_org org, osc.t_osc_resource res\r\nWHERE org.secondaryinvivorepid = res.resourceprofileid AND org.lastupdateddate_c >= to_date('$$PROCESS_DATE','MM/DD/YYYY HH24:MI:SS') - 1 AND blockingstatus in ('Verified and Active','Blocked')\r\nUNION ALL\r\nSELECT org.sapidinvivo as accountid, org.countrycode as countrycode, res.username as gid, res.positiontype as positiontype, 'InVivo' as businessarea, 'Primary US Rep' as description, org.sapaccountgroup as sapaccountgroup, org.lastupdateddate_c as lastupdateddate_c\r\nFROM osc.t_osc_org org, osc.t_osc_resource res\r\nWHERE org.primaryusrepid = res.resourceprofileid AND org.lastupdateddate_c >= to_date('$$PROCESS_DATE','MM/DD/YYYY HH24:MI:SS') - 1 AND blockingstatus in ('Verified and Active','Blocked')\r\nUNION ALL\r\nSELECT org.sapidinvivo as accountid, org.countrycode as countrycode, res.username as gid, res.positiontype as positiontype, 'InVitro' as businessarea, 'Primary POC Rep' as description, org.sapaccountgroup as sapaccountgroup, org.lastupdateddate_c as lastupdateddate_c\r\nFROM osc.t_osc_org org, osc.t_osc_resource res\r\nWHERE org.primarypocrepid = res.resourceprofileid AND org.lastupdateddate_c >= to_date('$$PROCESS_DATE','MM/DD/YYYY HH24:MI:SS') - 1 AND blockingstatus in ('Verified and Active','Blocked')\r\nUNION ALL\r\nSELECT org.sapidinvivo as accountid, org.countrycode as countrycode, res.username as gid, res.positiontype as positiontype, 'InVitro' as businessarea, 'Business Partner In Vitro' as description, org.sapaccountgroup as sapaccountgroup, org.lastupdateddate_c as lastupdateddate_c\r\nFROM osc.t_osc_org org, osc.t_osc_resource res\r\nWHERE org.businesspartnerinvitroid = res.resourceprofileid  AND org.lastupdateddate_c >= to_date('$$PROCESS_DATE','MM/DD/YYYY HH24:MI:SS') - 1 AND blockingstatus in ('Verified and Active','Blocked')\r\nUNION ALL\r\nSELECT org.sapidinvivo as accountid, org.countrycode as countrycode, res.username as gid, res.positiontype as positiontype, 'InVivo' as businessarea, 'Business Partner In Vivo' as description, org.sapaccountgroup as sapaccountgroup, org.lastupdateddate_c as lastupdateddate_c\r\nFROM osc.t_osc_org org, osc.t_osc_resource res\r\nWHERE org.businesspartnerinvivoid = res.resourceprofileid AND org.lastupdateddate_c >= to_date('$$PROCESS_DATE','MM/DD/YYYY HH24:MI:SS') - 1 AND blockingstatus in ('Verified and Active','Blocked')\r\nUNION ALL\r\nSELECT org.sapidinvivo as accountid, org.countrycode as countrycode, res.username as gid, res.positiontype as positiontype, 'InVivo' as businessarea, 'Primary SSE' as description, org.sapaccountgroup as sapaccountgroup, org.lastupdateddate_c as lastupdateddate_c\r\nFROM osc.t_osc_org org, osc.t_osc_resource res\r\nWHERE org.primarysse = res.resourceprofileid AND org.lastupdateddate_c >= to_date('$$PROCESS_DATE','MM/DD/YYYY HH24:MI:SS') - 1 AND blockingstatus in ('Verified and Active','Blocked')","commandType":0,"isFileList":false,"handleSpecialChars":false,"handleDecimalRoundOff":false,"frsAsset":false,"dynamicFileName":false,"excludeDynamicFileNameField":false,"currentlyProcessedFileName":false,"retainFieldMetadata":false,"objectName":"DUMMY_SQ_T_OSC_ORG","useExactSrcNames":false,"userUpdated":true,"fetchMode":"ORIGINAL","tgtObjectAttributes":{},"runtimeParameterData":{"@type":"mtTaskRuntimeParameterData","isConnectionRuntimeParameter":false,"isObjectRuntimeParameter":false},"overridableProperties":[],"overriddenFields":[]},{"@type":"mtTaskParameter","id":14492871,"name":"$ff_tgt_osc_vbez_accountteam_primaryinvivorep$","type":"TARGET","label":"ff_tgt_osc_vbez_accountteam_primaryinvivorep","uiProperties":{"cnxtype":"CSVFile","connectionParameterized":"true","paramName":"ff_tgt_osc_vbez_accountteam_primaryinvivorepTgtParameter","paramLabel":"","paramType-mapping":"Connection","logcnx":"ff_tgt_osc_vbez_accountteam_primaryinvivorepTgtParameter","default":"Employee_ID_Mgmt_OTC105_.txt","objectParameterized":"false","visible":"false","defaultTargetUpdateColumns":"","supportApplyDDLChanges":"false","originalPath":"ff_tgt_osc_vbez_accountteam_primaryinvivorep"},"targetConnectionId":"@8PClJLvf2pjfSXL9P99zOh","targetObject":"Employee_ID_Mgmt_OTC105_.txt","targetObjectLabel":"Employee_ID_Mgmt_OTC105_.txt","newFlatFile":false,"newObject":true,"showBusinessNames":true,"naturalOrder":true,"newObjectName":"Employee_ID_Mgmt_OTC105_.txt","truncateTarget":false,"bulkApiDBTarget":false,"operationType":"Insert","tgtFFAttrs":{"@type":"flatFileAttrs","id":12247228,"delimiter":",","textQualifier":"\"","escapeChar":"","headerLineNo":1,"rowDelimiter":0,"consecutiveDelimiter":false,"multiDelimitersAsAnd":true,"codePage":"","fwConfigId":"@34kP4hD64BthNFH4Uqwcko"},"customFuncCfg":{"@type":"customFuncConfig","id":-1,"connections":[],"inputMap":[],"outputFields":[]},"targetRefsV2":{},"targetUpdateColumns":[],"fieldOrderList":[],"extendedObject":{"@type":"extendedObject","object":{"@type":"mObject","name":"Employee_ID_Mgmt_OTC105_.txt","label":"Employee_ID_Mgmt_OTC105_.txt","metadataUpdated":false,"relations":[],"children":[]},"singleMode":true,"objects":[{"@type":"mObject","name":"Employee_ID_Mgmt_OTC105_.txt","label":"Employee_ID_Mgmt_OTC105_.txt","metadataUpdated":false,"relations":[],"children":[]}],"filters":[],"sortFields":[]},"runtimeAttrs":{},"isRESTModernSource":true,"commandType":0,"isFileList":false,"handleSpecialChars":false,"handleDecimalRoundOff":true,"frsAsset":false,"dynamicFileName":false,"excludeDynamicFileNameField":false,"currentlyProcessedFileName":false,"retainFieldMetadata":false,"objectName":"Employee_ID_Mgmt_OTC105_.txt","objectLabel":"Employee_ID_Mgmt_OTC105_.txt","useExactSrcNames":false,"userUpdated":true,"fetchMode":"ORIGINAL","tgtObjectAttributes":{},"runtimeParameterData":{"@type":"mtTaskRuntimeParameterData","isConnectionRuntimeParameter":false,"isObjectRuntimeParameter":false},"overridableProperties":[],"overriddenFields":[]}],"sequences":[],"inOutParameters":[{"@type":"mtTaskInOutParameter","id":"-1","name":"PROCESS_DATE","description":"","initialValue":"03/24/2025 12:00:00","datatype":"STRING","precision":"19","scale":"0","retentionPolicy":"ON_SUCCESS_OR_WARNING","aggregationType":"MAX","currentValue":"03/24/2025 12:00:00"}],"connRuntimeAttrs":[]}]