[{"@type":"mappingTemplate","id":"@1","name":"m_OSC_TM_TerritoryToAccountSetAccountReps","description":"Mapping pushed from PC to ICS : m_OSC_TM_TerritoryToAccountSetAccountReps","autoExpireObject":false,"bundleVersion":"0","assetFrsGuid":"2TsThPQIeafjPu8Q8N5hQy","templateId":"@2","deployTime":1752054390000,"hasParameters":true,"valid":true,"fixedConnection":false,"hasParametersDeployed":true,"fixedConnectionDeployed":false,"isSchemaValidationEnabled":false,"tasks":1,"allowMaxFieldLength":false,"specialCharacterSupport":false,"references":[]}]