[{"@type":"mappingTemplate","id":"@1","name":"m_OSC_Delete_AssignmentRuleCandidate_RuleCount","description":"Mapping pushed from PC to ICS : m_OSC_Delete_AssignmentRuleCandidate_RuleCount","autoExpireObject":false,"bundleVersion":"0","assetFrsGuid":"0i3IejVxmcBh1Fntf7dDoX","templateId":"@2","deployTime":1752054254000,"hasParameters":true,"valid":true,"fixedConnection":false,"hasParametersDeployed":true,"fixedConnectionDeployed":false,"isSchemaValidationEnabled":false,"tasks":1,"allowMaxFieldLength":false,"specialCharacterSupport":false,"references":[]}]