[{"@type":"mappingTemplate","id":"@1","name":"ARCHIVE_m_OSC_Conversion_SiebelChangedRecordsAccount","description":"Mapping pushed from PC to ICS : ARCHIVE_m_OSC_Conversion_SiebelChangedRecordsAccount","autoExpireObject":false,"bundleVersion":"0","assetFrsGuid":"1U4EVZDXD5qfU3UmIddzaW","templateId":"@2","deployTime":1752054729000,"hasParameters":true,"valid":true,"fixedConnection":false,"hasParametersDeployed":true,"fixedConnectionDeployed":false,"isSchemaValidationEnabled":false,"tasks":1,"allowMaxFieldLength":false,"specialCharacterSupport":false,"references":[]}]