[{"@type":"mappingTemplate","id":"@1","name":"m_OSC_Delete_Product_GroupItem","description":"Mapping pushed from PC to ICS : m_OSC_Delete_Product_GroupItem","autoExpireObject":false,"bundleVersion":"0","assetFrsGuid":"6O6ylARb984ihPEtO82wkW","templateId":"@2","deployTime":1752054533000,"hasParameters":true,"valid":true,"fixedConnection":false,"hasParametersDeployed":true,"fixedConnectionDeployed":false,"isSchemaValidationEnabled":false,"tasks":1,"allowMaxFieldLength":false,"specialCharacterSupport":false,"references":[]}]