[{"@type":"mappingTemplate","id":"@1","name":"ARCHIVE_m_OSC_OSCToSiebel_OLISyncKeyProcessed","description":"Mapping pushed from PC to ICS : ARCHIVE_m_OSC_OSCToSiebel_OLISyncKeyProcessed","autoExpireObject":false,"bundleVersion":"0","assetFrsGuid":"5ZEYa88xecngK6WvAlcIYl","templateId":"@2","deployTime":1752054150000,"hasParameters":true,"valid":true,"fixedConnection":false,"hasParametersDeployed":true,"fixedConnectionDeployed":false,"isSchemaValidationEnabled":false,"tasks":1,"allowMaxFieldLength":false,"specialCharacterSupport":false,"references":[]}]