[{"@type":"mtTask","id":"@1","name":"s_m_OSC_Asset_IBRRecommendations","description":"Session pushed from PC to ICS : s_m_OSC_Asset_IBRRecommendations","autoExpireObject":false,"runtimeEnvironmentId":"@4XHzTDjn3M2cETJn1ZRVcd","maxLogs":10,"verbose":false,"mappingId":"@5GzPEV8LBQ2e6EmD6nrSQn","frsGuid":"cbWDEkg8c0TcvPynKGXTCm","shortDescription":"Session pushed from PC to ICS : s_m_OSC_Asset_IBRR...","sessionPropertiesList":[{"name":"Allow Temporary Sequence for Pushdown","value":"NO","recommended":false},{"name":"Allow Temporary View for Pushdown","value":"NO","recommended":false},{"name":"Custom Properties","value":"UseFixedWidthConfigMetadata=yes","recommended":false},{"name":"Data Column Delimiter","value":"|","recommended":false},{"name":"Error Log File Name","value":"PMError.log","recommended":false},{"name":"Pushdown Optimization","value":"None","recommended":false},{"name":"Session Log File directory","value":"D:\\CRM\\SessLogs\\","recommended":false}],"hidden":false,"enableCrossSchemaPushdown":false,"enableParallelRun":false,"autoTunedApplied":false,"autoTunedAppliedType":"NONE","parameterFileName":"","parameterFileDir":"","schemaMode":"async","valid":true,"schemaValidationErrorCount":-1,"serverlessProperties":{},"taskProperties":[{"@type":"taskProperty","name":"parameterFileDir","currentValue":"","type":"STRING","label":"label.parameterFileDir","required":false},{"@type":"taskProperty","name":"parameterFileName","currentValue":"","type":"STRING","label":"label.parameterFileName","required":false},{"@type":"taskProperty","name":"outboundMessageUrlQueueTime","currentValue":"","type":"NUMBER","label":"label.outboundMessageUrlQueueTime","required":false},{"@type":"taskProperty","name":"outboundMessageUrlToken","currentValue":"","type":"STRING","label":"label.outboundMessageUrlToken","required":false}],"optimizationPlan":"NONE","isMidstreamPreview":false,"allowMaxFieldLength":false,"specialCharacterSupport":true,"useUserDefinedOrder":false,"parameters":[{"@type":"mtTaskParameter","id":14492675,"name":"$SQ_T_OSC_ASSET_IBR$","type":"SOURCE","label":"SQ_T_OSC_ASSET_IBR","uiProperties":{"cnxtype":"Oracle","connectionParameterized":"true","paramName":"SQ_T_OSC_ASSET_IBRSrcParameter","paramLabel":"","paramType-mapping":"Connection","logcnx":"SQ_T_OSC_ASSET_IBRSrcParameter","isSelectDistinct":"false","objectParameterized":"false","visible":"false","isCustomQueryRetainMetaData":"true","flags":"SUPPORTS_MULTI_SCHEMA","originalPath":"SQ_T_OSC_ASSET_IBR"},"sourceConnectionId":"@1WJdDPsrEsGgfVqMmD3JYu","sourceObject":"DUMMY_SQ_T_OSC_ASSET_IBR","newFlatFile":false,"newObject":false,"showBusinessNames":true,"naturalOrder":true,"truncateTarget":false,"bulkApiDBTarget":false,"srcFFAttrs":{"@type":"flatFileAttrs","id":12247040,"delimiter":"|","textQualifier":"NONE","escapeChar":"","headerLineNo":1,"firstDataRow":2,"rowDelimiter":0,"consecutiveDelimiter":false,"multiDelimitersAsAnd":false,"firstDataRowAsHeader":false,"codePage":"","customRowDelimiter":"","headerAndDataDelimiter":0},"customFuncCfg":{"@type":"customFuncConfig","id":-1,"connections":[],"inputMap":[],"outputFields":[]},"targetRefsV2":{},"targetUpdateColumns":[],"fieldOrderList":[],"runtimeAttrs":{},"isRESTModernSource":true,"customQuery":"SELECT \r\na.ASSETID, \r\nb.RECOMMENDED_PORTFOLIO_TYPE, \r\nb.FUNCTIONAL_LOCATION, \r\nb.MARKETING_LINK, \r\nb.MARKETING_LINK_LABEL, \r\nb.PREREQUISITE_1, \r\nb.PREREQUISITE_2, \r\nb.PREREQUISITE_3, \r\nb.RECOMMENDATION_PRIORITY, \r\nb.TYPICAL_RECOMMENDED_PORTFOLIO, \r\nb.RECOMMENDED_OVERVIEW,\r\nb.SERVICE_PROFITABILITY_CATEGORY, \r\nb.SYSTEM_PRIORITIZED_FLAG, \r\na.ASSETNUMBER, \r\na.PREFERREDRECOMMENDATION, \r\na.RECOMMENDATIONOVERVIEW, \r\na.SALESACTIONPRIORITYFLAG, \r\na.SERVICEPROFITABILITY, \r\nc.RECORDNUMBER as RECORDNUMBER,\r\nc.RECORDNAME as RECORDNAME,\r\nc.RECOMMENDEDPORTFOLIOTYPE as RECOMMENDEDPORTFOLIOTYPE, \r\nc.FUNCTIONALLOCATION as FUNCTIONALLOCATION, \r\nc.MARKETINGLINK as MARKETINGLINK, \r\nc.MARKETINGLINKLABEL as MARKETINGLINKLABEL, \r\nc.PREREQUISITE1 as PREREQUISITE1, \r\nc.PREREQUISITE2 as PREREQUISITE2, \r\nc.PREREQUISITE3 as PREREQUISITE3, \r\nc.RECOMMENDATIONPRIORITY as RECOMMENDATIONPRIORITY, \r\nc.TYPICALRECOMMENDEDPORTFOLIO as TYPICALRECOMMENDEDPORTFOLIO \r\nFROM\r\nosc.T_OSC_TEMP_ASSET_IBR b\r\nINNER JOIN osc.T_OSC_ASSET a ON a.ASSETID = b.ASSET_ID\r\nLEFT OUTER JOIN osc.T_OSC_ASSET_IBR c ON c.RECORDNAME = b.ASSET_IBR_ID","commandType":0,"isFileList":false,"handleSpecialChars":false,"handleDecimalRoundOff":false,"frsAsset":false,"dynamicFileName":false,"excludeDynamicFileNameField":false,"currentlyProcessedFileName":false,"retainFieldMetadata":false,"objectName":"DUMMY_SQ_T_OSC_ASSET_IBR","useExactSrcNames":false,"userUpdated":true,"fetchMode":"ORIGINAL","tgtObjectAttributes":{},"runtimeParameterData":{"@type":"mtTaskRuntimeParameterData","isConnectionRuntimeParameter":false,"isObjectRuntimeParameter":false},"overridableProperties":[],"overriddenFields":[]},{"@type":"mtTaskParameter","id":14492676,"name":"$ff_tgt_osc_ibr_assetupdate$","type":"TARGET","label":"ff_tgt_osc_ibr_assetupdate","uiProperties":{"cnxtype":"CSVFile","connectionParameterized":"true","paramName":"ff_tgt_osc_ibr_assetupdateTgtParameter","paramLabel":"","paramType-mapping":"Connection","logcnx":"ff_tgt_osc_ibr_assetupdateTgtParameter","default":"AssetIBR-Assets.csv","objectParameterized":"false","visible":"false","defaultTargetUpdateColumns":"","supportApplyDDLChanges":"false","originalPath":"ff_tgt_osc_ibr_assetupdate"},"targetConnectionId":"@4VJIqlS1V0vbADmURMsdIl","targetObject":"AssetIBR-Assets.csv","targetObjectLabel":"AssetIBR-Assets.csv","newFlatFile":false,"newObject":true,"showBusinessNames":true,"naturalOrder":true,"newObjectName":"AssetIBR-Assets.csv","truncateTarget":false,"bulkApiDBTarget":false,"operationType":"Insert","tgtFFAttrs":{"@type":"flatFileAttrs","id":12247041,"delimiter":"|","textQualifier":"NONE","escapeChar":"","headerLineNo":1,"rowDelimiter":0,"consecutiveDelimiter":false,"multiDelimitersAsAnd":false,"codePage":""},"customFuncCfg":{"@type":"customFuncConfig","id":-1,"connections":[],"inputMap":[],"outputFields":[]},"targetRefsV2":{},"targetUpdateColumns":[],"fieldOrderList":[],"extendedObject":{"@type":"extendedObject","object":{"@type":"mObject","name":"AssetIBR-Assets.csv","label":"AssetIBR-Assets.csv","metadataUpdated":false,"relations":[],"children":[]},"singleMode":true,"objects":[{"@type":"mObject","name":"AssetIBR-Assets.csv","label":"AssetIBR-Assets.csv","metadataUpdated":false,"relations":[],"children":[]}],"filters":[],"sortFields":[]},"runtimeAttrs":{},"isRESTModernSource":true,"commandType":0,"isFileList":false,"handleSpecialChars":false,"handleDecimalRoundOff":false,"frsAsset":false,"dynamicFileName":false,"excludeDynamicFileNameField":false,"currentlyProcessedFileName":false,"retainFieldMetadata":false,"objectName":"AssetIBR-Assets.csv","objectLabel":"AssetIBR-Assets.csv","useExactSrcNames":false,"userUpdated":true,"fetchMode":"ORIGINAL","tgtObjectAttributes":{},"runtimeParameterData":{"@type":"mtTaskRuntimeParameterData","isConnectionRuntimeParameter":false,"isObjectRuntimeParameter":false},"overridableProperties":[],"overriddenFields":[]},{"@type":"mtTaskParameter","id":14492677,"name":"$ff_tgt_osc_ibr_recommendations$","type":"TARGET","label":"ff_tgt_osc_ibr_recommendations","uiProperties":{"cnxtype":"CSVFile","connectionParameterized":"true","paramName":"ff_tgt_osc_ibr_recommendationsTgtParameter","paramLabel":"","paramType-mapping":"Connection","logcnx":"ff_tgt_osc_ibr_recommendationsTgtParameter","default":"IBR-Assets.csv","objectParameterized":"false","visible":"false","defaultTargetUpdateColumns":"","supportApplyDDLChanges":"false","originalPath":"ff_tgt_osc_ibr_recommendations"},"targetConnectionId":"@4VJIqlS1V0vbADmURMsdIl","targetObject":"IBR-Assets.csv","targetObjectLabel":"IBR-Assets.csv","newFlatFile":false,"newObject":true,"showBusinessNames":true,"naturalOrder":true,"newObjectName":"IBR-Assets.csv","truncateTarget":false,"bulkApiDBTarget":false,"operationType":"Insert","tgtFFAttrs":{"@type":"flatFileAttrs","id":12247042,"delimiter":"|","textQualifier":"NONE","escapeChar":"","headerLineNo":1,"rowDelimiter":0,"consecutiveDelimiter":false,"multiDelimitersAsAnd":false,"codePage":""},"customFuncCfg":{"@type":"customFuncConfig","id":-1,"connections":[],"inputMap":[],"outputFields":[]},"targetRefsV2":{},"targetUpdateColumns":[],"fieldOrderList":[],"extendedObject":{"@type":"extendedObject","object":{"@type":"mObject","name":"IBR-Assets.csv","label":"IBR-Assets.csv","metadataUpdated":false,"relations":[],"children":[]},"singleMode":true,"objects":[{"@type":"mObject","name":"IBR-Assets.csv","label":"IBR-Assets.csv","metadataUpdated":false,"relations":[],"children":[]}],"filters":[],"sortFields":[]},"runtimeAttrs":{},"isRESTModernSource":true,"commandType":0,"isFileList":false,"handleSpecialChars":false,"handleDecimalRoundOff":false,"frsAsset":false,"dynamicFileName":false,"excludeDynamicFileNameField":false,"currentlyProcessedFileName":false,"retainFieldMetadata":false,"objectName":"IBR-Assets.csv","objectLabel":"IBR-Assets.csv","useExactSrcNames":false,"userUpdated":true,"fetchMode":"ORIGINAL","tgtObjectAttributes":{},"runtimeParameterData":{"@type":"mtTaskRuntimeParameterData","isConnectionRuntimeParameter":false,"isObjectRuntimeParameter":false},"overridableProperties":[],"overriddenFields":[]}],"sequences":[],"inOutParameters":[],"connRuntimeAttrs":[]}]