[{"@type":"mappingTemplate","id":"@1","name":"Mapping2_demo","description":"mapping2_description","autoExpireObject":false,"bundleVersion":"0","assetFrsGuid":"iahnd6RuZy5d0RQV63HpGe","templateId":"@3","hasParameters":false,"valid":false,"fixedConnection":false,"hasParametersDeployed":false,"fixedConnectionDeployed":false,"isSchemaValidationEnabled":false,"tasks":0,"mappingPreviewFileRecordId":"@2","documentType":"MAPPING","allowMaxFieldLength":false,"specialCharacterSupport":false,"references":[]}]