[{"@type":"mappingTemplate","id":"@1","name":"m_OSC_UpdateOpportunityInVivoSalesArea","description":"Mapping pushed from PC to ICS : m_OSC_UpdateOpportunityInVivoSalesArea","autoExpireObject":false,"bundleVersion":"0","assetFrsGuid":"7pXeDG36HDtfiI2OrvMDIi","templateId":"@2","deployTime":1752054199000,"hasParameters":true,"valid":true,"fixedConnection":false,"hasParametersDeployed":true,"fixedConnectionDeployed":false,"isSchemaValidationEnabled":false,"tasks":1,"allowMaxFieldLength":false,"specialCharacterSupport":false,"references":[]}]