[{"@type":"mappingTemplate","id":"@1","name":"m_OSC_UpdateProjectLocalAttribute","description":"Mapping pushed from PC to ICS : m_OSC_UpdateProjectLocalAttribute","autoExpireObject":false,"bundleVersion":"0","assetFrsGuid":"9F3f6a26Ty8cs9sRT4sZkW","templateId":"@2","deployTime":1752054128000,"hasParameters":true,"valid":true,"fixedConnection":false,"hasParametersDeployed":true,"fixedConnectionDeployed":false,"isSchemaValidationEnabled":false,"tasks":1,"allowMaxFieldLength":false,"specialCharacterSupport":false,"references":[]}]