[{"@type":"mappingTemplate","id":"@1","name":"m_OSC_TM_Delegation","description":"Mapping pushed from PC to ICS : m_OSC_TM_Delegation","autoExpireObject":false,"bundleVersion":"0","assetFrsGuid":"9TzqOiZAtJFeUhYTEhOhAU","templateId":"@2","deployTime":1752054415000,"hasParameters":true,"valid":true,"fixedConnection":false,"hasParametersDeployed":true,"fixedConnectionDeployed":false,"isSchemaValidationEnabled":false,"tasks":1,"allowMaxFieldLength":false,"specialCharacterSupport":false,"references":[]}]