[{"@type":"mappingTemplate","id":"@1","name":"m_OSC_TM_TerritoryToAccountUpdateLegacyPositionOpty","description":"Mapping pushed from PC to ICS : m_OSC_TM_TerritoryToAccountUpdateLegacyPositionOpty","autoExpireObject":false,"bundleVersion":"0","assetFrsGuid":"9zWXJigkp9xdI3jwT0Bb6I","templateId":"@2","deployTime":1754374936000,"hasParameters":true,"valid":true,"fixedConnection":false,"hasParametersDeployed":true,"fixedConnectionDeployed":false,"isSchemaValidationEnabled":false,"tasks":1,"allowMaxFieldLength":false,"specialCharacterSupport":false,"references":[]}]