[{"@type":"mappingTemplate","id":"@1","name":"ARCHIVE_m_OSC_CSEToOSC_Opportunity","description":"Mapping pushed from PC to ICS : ARCHIVE_m_OSC_CSEToOSC_Opportunity","autoExpireObject":false,"bundleVersion":"0","assetFrsGuid":"5klna5C8vgbdu2H4vPNg8g","templateId":"@2","deployTime":1752054452000,"hasParameters":true,"valid":true,"fixedConnection":false,"hasParametersDeployed":true,"fixedConnectionDeployed":false,"isSchemaValidationEnabled":false,"tasks":1,"allowMaxFieldLength":false,"specialCharacterSupport":false,"references":[]}]