[{"@type":"mtTask","id":"@1","name":"s_m_OSC_TM_AccountRulesBasedAssignmentExport","description":"Session pushed from PC to ICS : s_m_OSC_TM_AccountRulesBasedAssignmentExport","autoExpireObject":false,"runtimeEnvironmentId":"@4XHzTDjn3M2cETJn1ZRVcd","maxLogs":10,"verbose":false,"mappingId":"@e627S1SN3CPl1m6xjwpggg","frsGuid":"5nyo3eLRL1aj30zYHnFvAZ","shortDescription":"Session pushed from PC to ICS : s_m_OSC_TM_Account...","sessionPropertiesList":[{"name":"Allow Temporary Sequence for Pushdown","value":"NO","recommended":false},{"name":"Allow Temporary View for Pushdown","value":"NO","recommended":false},{"name":"Custom Properties","value":"UseFixedWidthConfigMetadata=yes","recommended":false},{"name":"Data Column Delimiter","value":"|","recommended":false},{"name":"Error Log File Name","value":"PMError.log","recommended":false},{"name":"Pushdown Optimization","value":"None","recommended":false}],"hidden":false,"enableCrossSchemaPushdown":false,"enableParallelRun":false,"autoTunedApplied":false,"autoTunedAppliedType":"NONE","parameterFileName":"","parameterFileDir":"","schemaMode":"async","valid":true,"schemaValidationErrorCount":-1,"serverlessProperties":{},"taskProperties":[{"@type":"taskProperty","name":"parameterFileDir","currentValue":"","type":"STRING","label":"label.parameterFileDir","required":false},{"@type":"taskProperty","name":"parameterFileName","currentValue":"","type":"STRING","label":"label.parameterFileName","required":false},{"@type":"taskProperty","name":"outboundMessageUrlQueueTime","currentValue":"","type":"NUMBER","label":"label.outboundMessageUrlQueueTime","required":false},{"@type":"taskProperty","name":"outboundMessageUrlToken","currentValue":"","type":"STRING","label":"label.outboundMessageUrlToken","required":false}],"optimizationPlan":"NONE","isMidstreamPreview":false,"allowMaxFieldLength":false,"specialCharacterSupport":true,"useUserDefinedOrder":false,"parameters":[{"@type":"mtTaskParameter","id":14492940,"name":"$SQ_T_OSC_TEMP_ARBA_ACCNT$","type":"SOURCE","label":"SQ_T_OSC_TEMP_ARBA_ACCNT","uiProperties":{"cnxtype":"Oracle","connectionParameterized":"true","paramName":"Source","paramLabel":"","paramType-mapping":"Connection","logcnx":"Source","isSelectDistinct":"false","objectParameterized":"false","visible":"false","isCustomQueryRetainMetaData":"true","flags":"SUPPORTS_MULTI_SCHEMA","originalPath":"SQ_T_OSC_TEMP_ARBA_ACCNT"},"sourceConnectionId":"@1WJdDPsrEsGgfVqMmD3JYu","sourceObject":"DUMMY_SQ_T_OSC_TEMP_ARBA_ACCNT","newFlatFile":false,"newObject":false,"showBusinessNames":true,"naturalOrder":true,"truncateTarget":false,"bulkApiDBTarget":false,"srcFFAttrs":{"@type":"flatFileAttrs","id":12247282,"delimiter":"|","textQualifier":"NONE","escapeChar":"","headerLineNo":1,"firstDataRow":2,"rowDelimiter":0,"consecutiveDelimiter":false,"multiDelimitersAsAnd":false,"firstDataRowAsHeader":false,"codePage":"","customRowDelimiter":"","headerAndDataDelimiter":0},"customFuncCfg":{"@type":"customFuncConfig","id":-1,"connections":[],"inputMap":[],"outputFields":[]},"targetRefsV2":{},"targetUpdateColumns":[],"fieldOrderList":[],"runtimeAttrs":{},"isRESTModernSource":true,"customQuery":"SELECT T_OSC_TEMP_ARBA_ACCNT.SALES_ACCOUNT_ID, T_OSC_ARBA_RESOURCE.FUNCTIONPOSITIONTYPE, a.PARTYID, a.LEGACYPOSITIONNAME \r\nFROM (select distinct partyid, legacypositionname, resourceprofileid from OSC.T_OSC_RESOURCE) a, OSC.T_OSC_ARBA_RESOURCE, OSC.T_OSC_TEMP_ARBA_ACCNT \r\nWHERE  a.RESOURCEPROFILEID = T_OSC_ARBA_RESOURCE.RESOURCEID  AND\r\nT_OSC_ARBA_RESOURCE.ACCOUNTRULEBASEDASSIGNMENTID = T_OSC_TEMP_ARBA_ACCNT.ACCOUNT_RULE_ID","commandType":0,"isFileList":false,"handleSpecialChars":false,"handleDecimalRoundOff":false,"frsAsset":false,"dynamicFileName":false,"excludeDynamicFileNameField":false,"currentlyProcessedFileName":false,"retainFieldMetadata":false,"objectName":"DUMMY_SQ_T_OSC_TEMP_ARBA_ACCNT","useExactSrcNames":false,"userUpdated":true,"fetchMode":"ORIGINAL","tgtObjectAttributes":{},"runtimeParameterData":{"@type":"mtTaskRuntimeParameterData","isConnectionRuntimeParameter":false,"isObjectRuntimeParameter":false},"overridableProperties":[],"overriddenFields":[]},{"@type":"mtTaskParameter","id":14492941,"name":"$T_OSC_ARBA_ACCNT$","type":"TARGET","label":"T_OSC_ARBA_ACCNT","uiProperties":{"cnxtype":"Oracle","connectionParameterized":"true","paramName":"Target","paramLabel":"","paramType-mapping":"Connection","logcnx":"Target","default":"T_OSC_ARBA_ACCNT","objectParameterized":"false","visible":"false","flags":"SUPPORTS_MULTI_SCHEMA","defaultTargetUpdateColumns":"","supportApplyDDLChanges":"false","originalPath":"T_OSC_ARBA_ACCNT"},"targetConnectionId":"@1WJdDPsrEsGgfVqMmD3JYu","targetObject":"T_OSC_ARBA_ACCNT","targetObjectLabel":"T_OSC_ARBA_ACCNT","newFlatFile":false,"newObject":false,"showBusinessNames":true,"naturalOrder":true,"truncateTarget":false,"bulkApiDBTarget":false,"operationType":"Insert","tgtFFAttrs":{"@type":"flatFileAttrs","id":12247283,"delimiter":"|","textQualifier":"NONE","escapeChar":"","headerLineNo":1,"rowDelimiter":0,"consecutiveDelimiter":false,"multiDelimitersAsAnd":false,"codePage":""},"customFuncCfg":{"@type":"customFuncConfig","id":-1,"connections":[],"inputMap":[],"outputFields":[]},"targetRefsV2":{},"targetUpdateColumns":[],"fieldOrderList":[],"extendedObject":{"@type":"extendedObject","singleMode":true,"filters":[],"sortFields":[]},"runtimeAttrs":{"INSERT":"YES"},"isRESTModernSource":true,"commandType":0,"isFileList":false,"handleSpecialChars":false,"handleDecimalRoundOff":false,"frsAsset":false,"dynamicFileName":false,"excludeDynamicFileNameField":false,"currentlyProcessedFileName":false,"retainFieldMetadata":false,"objectName":"T_OSC_ARBA_ACCNT","objectLabel":"T_OSC_ARBA_ACCNT","useExactSrcNames":false,"userUpdated":true,"fetchMode":"ORIGINAL","tgtObjectAttributes":{},"runtimeParameterData":{"@type":"mtTaskRuntimeParameterData","isConnectionRuntimeParameter":false,"isObjectRuntimeParameter":false},"overridableProperties":[],"overriddenFields":[]},{"@type":"mtTaskParameter","id":14492942,"name":"$ff_tgt_osc_tm_accountteam$","type":"TARGET","label":"ff_tgt_osc_tm_accountteam","uiProperties":{"cnxtype":"CSVFile","connectionParameterized":"true","paramName":"ff_tgt_osc_tm_accountteamTgtParameter","paramLabel":"","paramType-mapping":"Connection","logcnx":"ff_tgt_osc_tm_accountteamTgtParameter","default":"TMAddToSalesTeam-Account.csv","objectParameterized":"false","visible":"false","defaultTargetUpdateColumns":"","supportApplyDDLChanges":"false","originalPath":"ff_tgt_osc_tm_accountteam"},"targetConnectionId":"@3b5fUeogNFDgfN22G4mky2","targetObject":"TMAddToSalesTeam-Account.csv","targetObjectLabel":"TMAddToSalesTeam-Account.csv","newFlatFile":false,"newObject":true,"showBusinessNames":true,"naturalOrder":true,"newObjectName":"TMAddToSalesTeam-Account.csv","truncateTarget":false,"bulkApiDBTarget":false,"operationType":"Insert","tgtFFAttrs":{"@type":"flatFileAttrs","id":12247284,"delimiter":",","textQualifier":"NONE","escapeChar":"","headerLineNo":1,"rowDelimiter":0,"consecutiveDelimiter":false,"multiDelimitersAsAnd":false,"codePage":""},"customFuncCfg":{"@type":"customFuncConfig","id":-1,"connections":[],"inputMap":[],"outputFields":[]},"targetRefsV2":{},"targetUpdateColumns":[],"fieldOrderList":[],"extendedObject":{"@type":"extendedObject","object":{"@type":"mObject","name":"TMAddToSalesTeam-Account.csv","label":"TMAddToSalesTeam-Account.csv","metadataUpdated":false,"relations":[],"children":[]},"singleMode":true,"objects":[{"@type":"mObject","name":"TMAddToSalesTeam-Account.csv","label":"TMAddToSalesTeam-Account.csv","metadataUpdated":false,"relations":[],"children":[]}],"filters":[],"sortFields":[]},"runtimeAttrs":{},"isRESTModernSource":true,"commandType":0,"isFileList":false,"handleSpecialChars":false,"handleDecimalRoundOff":false,"frsAsset":false,"dynamicFileName":false,"excludeDynamicFileNameField":false,"currentlyProcessedFileName":false,"retainFieldMetadata":false,"objectName":"TMAddToSalesTeam-Account.csv","objectLabel":"TMAddToSalesTeam-Account.csv","useExactSrcNames":false,"userUpdated":true,"fetchMode":"ORIGINAL","tgtObjectAttributes":{},"runtimeParameterData":{"@type":"mtTaskRuntimeParameterData","isConnectionRuntimeParameter":false,"isObjectRuntimeParameter":false},"overridableProperties":[],"overriddenFields":[]},{"@type":"mtTaskParameter","id":14492943,"name":"$LKP_T_OSC_ARBA_ACCNT$","type":"LOOKUP","label":"LKP_T_OSC_ARBA_ACCNT","uiProperties":{"cnxtype":"Oracle","connectionParameterized":"true","paramName":"Source","paramLabel":"","paramType-mapping":"Connection","logcnx":"Source","isCachedLookup":"true","multipleMatchPolicy":"Use First Value","default":"T_OSC_ARBA_ACCNT","objectParameterized":"false","visible":"false","flags":"SUPPORTS_MULTI_SCHEMA","originalPath":"LKP_T_OSC_ARBA_ACCNT"},"lookupConnectionId":"@1WJdDPsrEsGgfVqMmD3JYu","lookupObject":"T_OSC_ARBA_ACCNT","lookupObjectLabel":"","newFlatFile":false,"newObject":false,"showBusinessNames":true,"naturalOrder":true,"truncateTarget":false,"bulkApiDBTarget":false,"lkpFFAttrs":{"@type":"flatFileAttrs","id":12247285,"delimiter":"|","textQualifier":"NONE","escapeChar":"","headerLineNo":1,"firstDataRow":2,"rowDelimiter":0,"consecutiveDelimiter":false,"multiDelimitersAsAnd":false,"firstDataRowAsHeader":false,"codePage":"","customRowDelimiter":"","headerAndDataDelimiter":0},"customFuncCfg":{"@type":"customFuncConfig","id":-1,"connections":[],"inputMap":[],"outputFields":[]},"targetRefsV2":{},"targetUpdateColumns":[],"fieldOrderList":[],"runtimeAttrs":{"Lookup source is static":"false","Case Sensitive String Comparison":"false","Lookup Data Cache Size":"AUTO","Output Old Value On Update":"false","Lookup Source Filter":"","Pre-build lookup cache":"AUTO","Synchronize dynamic cache":"false","Null ordering":"Null Is Highest Value","Thousand Separator":"None","Cache File Name Prefix":"","Lookup Index Cache Size":"AUTO","Optional":"true","Lookup cache persistent":"false","Update Dynamic Cache Condition":"TRUE","Decimal Separator":".","Re-cache from lookup source":"false","Insert Else Update":"false","Lookup caching enabled":"true","Tracing Level":"Normal","Datetime Format":"","Subsecond Precision":"6","Sorted Input":"false","Lookup cache directory name":"$PMCacheDir","Dynamic Lookup Cache":"false"},"isRESTModernSource":true,"commandType":0,"isFileList":false,"handleSpecialChars":false,"handleDecimalRoundOff":false,"frsAsset":false,"dynamicFileName":false,"excludeDynamicFileNameField":false,"currentlyProcessedFileName":false,"retainFieldMetadata":false,"objectName":"T_OSC_ARBA_ACCNT","objectLabel":"","useExactSrcNames":false,"userUpdated":true,"fetchMode":"ORIGINAL","tgtObjectAttributes":{},"runtimeParameterData":{"@type":"mtTaskRuntimeParameterData","isConnectionRuntimeParameter":false,"isObjectRuntimeParameter":false},"overridableProperties":[],"overriddenFields":[]}],"sequences":[],"inOutParameters":[],"connRuntimeAttrs":[]}]