[{"@type":"mappingTemplate","id":"@1","name":"m_OSC_UpdateResourceStatus","description":"Mapping pushed from PC to ICS : m_OSC_UpdateResourceStatus","autoExpireObject":false,"bundleVersion":"0","assetFrsGuid":"41ZvhX5JyAykRqx8dfwKa7","templateId":"@2","deployTime":1752054210000,"hasParameters":true,"valid":true,"fixedConnection":false,"hasParametersDeployed":true,"fixedConnectionDeployed":false,"isSchemaValidationEnabled":false,"tasks":1,"allowMaxFieldLength":false,"specialCharacterSupport":false,"references":[]}]