[{"@type":"mappingTemplate","id":"@1","name":"ARCHIVE_m_OSC_ABP_TerritoryToAccountTeamInsert","description":"Mapping pushed from PC to ICS : ARCHIVE_m_OSC_ABP_TerritoryToAccountTeamInsert","autoExpireObject":false,"bundleVersion":"0","assetFrsGuid":"eeYfdQ0mFyIfHctc4pJ6O8","templateId":"@2","deployTime":1752054665000,"hasParameters":true,"valid":true,"fixedConnection":false,"hasParametersDeployed":true,"fixedConnectionDeployed":false,"isSchemaValidationEnabled":false,"tasks":1,"allowMaxFieldLength":false,"specialCharacterSupport":false,"references":[]}]