[{"@type":"mappingTemplate","id":"@1","name":"m_OSC_UpdateOLISalesProductLine","description":"Mapping pushed from PC to ICS : m_OSC_UpdateOLISalesProductLine","autoExpireObject":false,"bundleVersion":"0","assetFrsGuid":"aANpvihQv4yicF4ZGI3qER","templateId":"@2","deployTime":1752054139000,"hasParameters":true,"valid":true,"fixedConnection":false,"hasParametersDeployed":true,"fixedConnectionDeployed":false,"isSchemaValidationEnabled":false,"tasks":1,"allowMaxFieldLength":false,"specialCharacterSupport":false,"references":[]}]