[{"@type":"mappingTemplate","id":"@1","name":"ARCHIVE_m_OSC_Conversion_SiebelChangedRecordsCopyFile","description":"Mapping pushed from PC to ICS : ARCHIVE_m_OSC_Conversion_SiebelChangedRecordsCopyFile","autoExpireObject":false,"bundleVersion":"0","assetFrsGuid":"6G4dr8RYsGFcwJ4PPAtisl","templateId":"@2","deployTime":1752054316000,"hasParameters":true,"valid":true,"fixedConnection":false,"hasParametersDeployed":true,"fixedConnectionDeployed":false,"isSchemaValidationEnabled":false,"tasks":3,"allowMaxFieldLength":false,"specialCharacterSupport":false,"references":[]}]