[{"@type":"mappingTemplate","id":"@1","name":"ARCHIVE_m_OSC_OSCToSiebel_ErrorLogTableCleanUp","description":"Mapping pushed from PC to ICS : ARCHIVE_m_OSC_OSCToSiebel_ErrorLogTableCleanUp","autoExpireObject":false,"bundleVersion":"0","assetFrsGuid":"1gz1bpa5CyYfyLOy5deuwy","templateId":"@2","deployTime":1752054379000,"hasParameters":true,"valid":true,"fixedConnection":false,"hasParametersDeployed":true,"fixedConnectionDeployed":false,"isSchemaValidationEnabled":false,"tasks":1,"allowMaxFieldLength":false,"specialCharacterSupport":false,"references":[]}]