[{"@type":"mappingTemplate","id":"@1","name":"m_OSC_TM_TerritoryToAccountNewRulesCheck","description":"Mapping pushed from PC to ICS : m_OSC_TM_TerritoryToAccountNewRulesCheck","autoExpireObject":false,"bundleVersion":"0","assetFrsGuid":"3UyNq3ua8oJjB3cwErVsMM","templateId":"@2","deployTime":1752054369000,"hasParameters":true,"valid":true,"fixedConnection":false,"hasParametersDeployed":true,"fixedConnectionDeployed":false,"isSchemaValidationEnabled":false,"tasks":1,"allowMaxFieldLength":false,"specialCharacterSupport":false,"references":[]}]