[{"@type":"mappingTemplate","id":"@1","name":"ARCHIVE_m_OSC_Conversion_DX_SyncOpportunityOLIUploadOpptys","description":"Mapping pushed from PC to ICS : ARCHIVE_m_OSC_Conversion_DX_SyncOpportunityOLIUploadOpptys","autoExpireObject":false,"bundleVersion":"0","assetFrsGuid":"aaRjviHnueNiZ8yS6irbuM","templateId":"@2","deployTime":1752054110000,"hasParameters":true,"valid":true,"fixedConnection":false,"hasParametersDeployed":true,"fixedConnectionDeployed":false,"isSchemaValidationEnabled":false,"tasks":1,"allowMaxFieldLength":false,"specialCharacterSupport":false,"references":[]}]