[{"@type":"mappingTemplate","id":"@1","name":"m_OSC_UpdateProjectStatus","description":"Mapping pushed from PC to ICS : m_OSC_UpdateProjectStatus","autoExpireObject":false,"bundleVersion":"0","assetFrsGuid":"bZrAzBKDOaElgq1dXOIjOH","templateId":"@2","deployTime":1752054384000,"hasParameters":true,"valid":true,"fixedConnection":false,"hasParametersDeployed":true,"fixedConnectionDeployed":false,"isSchemaValidationEnabled":false,"tasks":1,"allowMaxFieldLength":false,"specialCharacterSupport":false,"references":[]}]