[{"@type":"mappingTemplate","id":"@1","name":"ARCHIVE_m_OSC_OSCToSiebel_OptyDataCleanUp","description":"Mapping pushed from PC to ICS : ARCHIVE_m_OSC_OSCToSiebel_OptyDataCleanUp","autoExpireObject":false,"bundleVersion":"0","assetFrsGuid":"44kNyOosSrCeAs5BaMB2Kj","templateId":"@2","deployTime":1752054437000,"hasParameters":true,"valid":true,"fixedConnection":false,"hasParametersDeployed":true,"fixedConnectionDeployed":false,"isSchemaValidationEnabled":false,"tasks":1,"allowMaxFieldLength":false,"specialCharacterSupport":false,"references":[]}]