[{"@type":"mappingTemplate","id":"@1","name":"ARCHIVE_m_OSC_OSCToSiebel_OLITableCleanUp","description":"Mapping pushed from PC to ICS : ARCHIVE_m_OSC_OSCToSiebel_OLITableCleanUp","autoExpireObject":false,"bundleVersion":"0","assetFrsGuid":"aF3NC5nlWaZgIICg2nql86","templateId":"@2","deployTime":1752054325000,"hasParameters":true,"valid":true,"fixedConnection":false,"hasParametersDeployed":true,"fixedConnectionDeployed":false,"isSchemaValidationEnabled":false,"tasks":1,"allowMaxFieldLength":false,"specialCharacterSupport":false,"references":[]}]