[{"@type":"mappingTemplate","id":"@1","name":"ARCHIVE_m_OSC_OSCToSiebel_Opportunity","description":"Mapping pushed from PC to ICS : ARCHIVE_m_OSC_OSCToSiebel_Opportunity","autoExpireObject":false,"bundleVersion":"0","assetFrsGuid":"2jFGztbquryfK7Jyfv0hqy","templateId":"@2","deployTime":1752054238000,"hasParameters":true,"valid":true,"fixedConnection":false,"hasParametersDeployed":true,"fixedConnectionDeployed":false,"isSchemaValidationEnabled":false,"tasks":1,"allowMaxFieldLength":false,"specialCharacterSupport":false,"references":[]}]