[{"@type":"mappingTemplate","id":"@1","name":"m_OSC_Create_OLI_Exp_Contracts_Global","description":"Mapping pushed from PC to ICS : m_OSC_Create_OLI_Exp_Contracts_Global","autoExpireObject":false,"bundleVersion":"0","assetFrsGuid":"2EatzrrNGp5eoBmPbbemwr","templateId":"@2","deployTime":1752054488000,"hasParameters":true,"valid":true,"fixedConnection":false,"hasParametersDeployed":true,"fixedConnectionDeployed":false,"isSchemaValidationEnabled":false,"tasks":1,"allowMaxFieldLength":false,"specialCharacterSupport":false,"references":[]}]