[{"@type":"mappingTemplate","id":"@1","name":"m_OSC_TM_TerritoryToAccountUpdateLegacyPositionLead","description":"Mapping pushed from PC to ICS : m_OSC_TM_TerritoryToAccountUpdateLegacyPositionLead","autoExpireObject":false,"bundleVersion":"0","assetFrsGuid":"9pkEjvNDNBFcZm5OtFiiqs","templateId":"@2","deployTime":1754374943000,"hasParameters":true,"valid":true,"fixedConnection":false,"hasParametersDeployed":true,"fixedConnectionDeployed":false,"isSchemaValidationEnabled":false,"tasks":1,"allowMaxFieldLength":false,"specialCharacterSupport":false,"references":[]}]