[{"@type":"mappingTemplate","id":"@1","name":"m_OSC_UpdateResourceJobRoles","description":"Mapping pushed from PC to ICS : m_OSC_UpdateResourceJobRoles","autoExpireObject":false,"bundleVersion":"0","assetFrsGuid":"bZzMlx8XHqLlWkQuXNCJg1","templateId":"@2","deployTime":1752054259000,"hasParameters":true,"valid":true,"fixedConnection":false,"hasParametersDeployed":true,"fixedConnectionDeployed":false,"isSchemaValidationEnabled":false,"tasks":1,"allowMaxFieldLength":false,"specialCharacterSupport":false,"references":[]}]