[{"@type":"mappingTemplate","id":"@1","name":"ARCHIVE_m_OSC_OSCToSiebel_OLIAlternate","description":"Mapping pushed from PC to ICS : ARCHIVE_m_OSC_OSCToSiebel_OLIAlternate","autoExpireObject":false,"bundleVersion":"0","assetFrsGuid":"2aUCcqr5WKEfryulWwQlKm","templateId":"@2","deployTime":1752054483000,"hasParameters":true,"valid":true,"fixedConnection":false,"hasParametersDeployed":true,"fixedConnectionDeployed":false,"isSchemaValidationEnabled":false,"tasks":1,"allowMaxFieldLength":false,"specialCharacterSupport":false,"references":[]}]