[{"@type":"mappingTemplate","id":"@1","name":"ARCHIVE_m_OSC_Conversion_DX_SyncOpportunityOLIProcessBatch","description":"Mapping pushed from PC to ICS : ARCHIVE_m_OSC_Conversion_DX_SyncOpportunityOLIProcessBatch","autoExpireObject":false,"bundleVersion":"0","assetFrsGuid":"3v4yl0vu2ZniueGlwS3nCA","templateId":"@2","deployTime":1752054265000,"hasParameters":true,"valid":true,"fixedConnection":false,"hasParametersDeployed":true,"fixedConnectionDeployed":false,"isSchemaValidationEnabled":false,"tasks":1,"allowMaxFieldLength":false,"specialCharacterSupport":false,"references":[]}]