[{"@type":"mappingTemplate","id":"@1","name":"m_OSC_UpdateAccountCreditInformationP58","description":"Mapping pushed from PC to ICS : m_OSC_UpdateAccountCreditInformationP58","autoExpireObject":false,"bundleVersion":"0","assetFrsGuid":"8Myu7zfMUJWkJYs5Cmek2K","templateId":"@2","deployTime":1752054184000,"hasParameters":true,"valid":true,"fixedConnection":false,"hasParametersDeployed":true,"fixedConnectionDeployed":false,"isSchemaValidationEnabled":false,"tasks":1,"allowMaxFieldLength":false,"specialCharacterSupport":false,"references":[]}]