[{"@type":"mappingTemplate","id":"@1","name":"m_OSC_Create_Opty_AutoCreate","description":"Mapping pushed from PC to ICS : m_OSC_Create_Opty_AutoCreate","autoExpireObject":false,"bundleVersion":"0","assetFrsGuid":"aLLuAoHJ8J6jTM4FEC5jYO","templateId":"@2","deployTime":1752054569000,"hasParameters":true,"valid":true,"fixedConnection":false,"hasParametersDeployed":true,"fixedConnectionDeployed":false,"isSchemaValidationEnabled":false,"tasks":1,"allowMaxFieldLength":false,"specialCharacterSupport":false,"references":[]}]