[{"@type":"mtTask","id":"@1","name":"s_m_OSC_UpdateOLIPricingDate","description":"Session pushed from PC to ICS : s_m_OSC_UpdateOLIPricingDate","autoExpireObject":false,"runtimeEnvironmentId":"@4XHzTDjn3M2cETJn1ZRVcd","maxLogs":10,"verbose":false,"mappingId":"@5qa9flM4AKkf4R0YobEBwV","frsGuid":"2HwRKdY9oMZjqFQisumned","shortDescription":"Session pushed from PC to ICS : s_m_OSC_UpdateOLIP...","sessionPropertiesList":[{"name":"Allow Temporary Sequence for Pushdown","value":"NO","recommended":false},{"name":"Allow Temporary View for Pushdown","value":"NO","recommended":false},{"name":"Custom Properties","value":"UseFixedWidthConfigMetadata=yes","recommended":false},{"name":"Data Column Delimiter","value":"|","recommended":false},{"name":"Error Log File Name","value":"PMError.log","recommended":false},{"name":"Pushdown Optimization","value":"None","recommended":false}],"hidden":false,"enableCrossSchemaPushdown":false,"enableParallelRun":false,"autoTunedApplied":false,"autoTunedAppliedType":"NONE","parameterFileName":"","parameterFileDir":"","schemaMode":"async","valid":true,"schemaValidationErrorCount":-1,"serverlessProperties":{},"taskProperties":[{"@type":"taskProperty","name":"parameterFileDir","currentValue":"","type":"STRING","label":"label.parameterFileDir","required":false},{"@type":"taskProperty","name":"parameterFileName","currentValue":"","type":"STRING","label":"label.parameterFileName","required":false},{"@type":"taskProperty","name":"outboundMessageUrlQueueTime","currentValue":"","type":"NUMBER","label":"label.outboundMessageUrlQueueTime","required":false},{"@type":"taskProperty","name":"outboundMessageUrlToken","currentValue":"","type":"STRING","label":"label.outboundMessageUrlToken","required":false}],"optimizationPlan":"NONE","isMidstreamPreview":false,"allowMaxFieldLength":false,"specialCharacterSupport":true,"useUserDefinedOrder":false,"parameters":[{"@type":"mtTaskParameter","id":14492604,"name":"$SQ_Pricing_Overview_Systems$","type":"SOURCE","label":"SQ_Pricing_Overview_Systems","uiProperties":{"cnxtype":"ODBC","connectionParameterized":"true","paramName":"SQ_Pricing_Overview_SystemsSrcParameter","paramLabel":"","paramType-mapping":"Connection","logcnx":"SQ_Pricing_Overview_SystemsSrcParameter","isSelectDistinct":"false","objectParameterized":"false","visible":"false","isCustomQueryRetainMetaData":"true","originalPath":"SQ_Pricing_Overview_Systems"},"sourceConnectionId":"@izoe4zZh1GFkZMqDpYyQYN","sourceObject":"DUMMY_SQ_Pricing_Overview_Systems","newFlatFile":false,"newObject":false,"showBusinessNames":true,"naturalOrder":true,"truncateTarget":false,"bulkApiDBTarget":false,"srcFFAttrs":{"@type":"flatFileAttrs","id":12246974,"delimiter":"|","textQualifier":"NONE","escapeChar":"","headerLineNo":1,"firstDataRow":2,"rowDelimiter":0,"consecutiveDelimiter":false,"multiDelimitersAsAnd":false,"firstDataRowAsHeader":false,"codePage":"","customRowDelimiter":"","headerAndDataDelimiter":0},"customFuncCfg":{"@type":"customFuncConfig","id":-1,"connections":[],"inputMap":[],"outputFields":[]},"targetRefsV2":{},"targetUpdateColumns":[],"fieldOrderList":[],"runtimeAttrs":{},"isRESTModernSource":true,"customQuery":"SELECT  \r\n\"pricing_date\" as pricing_date,\r\n\"oli_number\" as oli_number,\r\n\"opportunity_id\" as opportunity_id\r\nFROM \r\nACCESSLAYER.AC_CRMCLOUD_APP_VBCSOSCIMAGINGFORECASTINGAPPLICATION_P.SV_DM_CRMCLOUD_PRICING_DATA","commandType":0,"isFileList":false,"handleSpecialChars":false,"handleDecimalRoundOff":false,"frsAsset":false,"dynamicFileName":false,"excludeDynamicFileNameField":false,"currentlyProcessedFileName":false,"retainFieldMetadata":false,"objectName":"DUMMY_SQ_Pricing_Overview_Systems","useExactSrcNames":false,"userUpdated":true,"fetchMode":"ORIGINAL","tgtObjectAttributes":{},"runtimeParameterData":{"@type":"mtTaskRuntimeParameterData","isConnectionRuntimeParameter":false,"isObjectRuntimeParameter":false},"overridableProperties":[],"overriddenFields":[]},{"@type":"mtTaskParameter","id":14492605,"name":"$ff_tgt_pricing_date$","type":"TARGET","label":"ff_tgt_pricing_date","uiProperties":{"cnxtype":"CSVFile","connectionParameterized":"true","paramName":"ff_tgt_pricing_dateTgtParameter","paramLabel":"","paramType-mapping":"Connection","logcnx":"ff_tgt_pricing_dateTgtParameter","default":"OLIPricingDateUpdate-Opportunities.csv","objectParameterized":"false","visible":"false","defaultTargetUpdateColumns":"","supportApplyDDLChanges":"false","originalPath":"ff_tgt_pricing_date"},"targetConnectionId":"@3mmYdjS0UHulG5fd91NWqT","targetObject":"OLIPricingDateUpdate-Opportunities.csv","targetObjectLabel":"OLIPricingDateUpdate-Opportunities.csv","newFlatFile":false,"newObject":true,"showBusinessNames":true,"naturalOrder":true,"newObjectName":"OLIPricingDateUpdate-Opportunities.csv","truncateTarget":false,"bulkApiDBTarget":false,"operationType":"Insert","tgtFFAttrs":{"@type":"flatFileAttrs","id":12246975,"delimiter":",","textQualifier":"NONE","escapeChar":"","headerLineNo":1,"rowDelimiter":0,"consecutiveDelimiter":false,"multiDelimitersAsAnd":false,"codePage":""},"customFuncCfg":{"@type":"customFuncConfig","id":-1,"connections":[],"inputMap":[],"outputFields":[]},"targetRefsV2":{},"targetUpdateColumns":[],"fieldOrderList":[],"extendedObject":{"@type":"extendedObject","object":{"@type":"mObject","name":"OLIPricingDateUpdate-Opportunities.csv","label":"OLIPricingDateUpdate-Opportunities.csv","metadataUpdated":false,"relations":[],"children":[]},"singleMode":true,"objects":[{"@type":"mObject","name":"OLIPricingDateUpdate-Opportunities.csv","label":"OLIPricingDateUpdate-Opportunities.csv","metadataUpdated":false,"relations":[],"children":[]}],"filters":[],"sortFields":[]},"runtimeAttrs":{},"isRESTModernSource":true,"commandType":0,"isFileList":false,"handleSpecialChars":false,"handleDecimalRoundOff":false,"frsAsset":false,"dynamicFileName":false,"excludeDynamicFileNameField":false,"currentlyProcessedFileName":false,"retainFieldMetadata":false,"objectName":"OLIPricingDateUpdate-Opportunities.csv","objectLabel":"OLIPricingDateUpdate-Opportunities.csv","useExactSrcNames":false,"userUpdated":true,"fetchMode":"ORIGINAL","tgtObjectAttributes":{},"runtimeParameterData":{"@type":"mtTaskRuntimeParameterData","isConnectionRuntimeParameter":false,"isObjectRuntimeParameter":false},"overridableProperties":[],"overriddenFields":[]},{"@type":"mtTaskParameter","id":14492606,"name":"$LKP_T_OSC_OPTY_REV_STATUS$","type":"LOOKUP","label":"LKP_T_OSC_OPTY_REV_STATUS","uiProperties":{"cnxtype":"Oracle","connDefault":"DWPRD_UTF8","connectionParameterized":"true","paramName":"LKP_T_OSC_OPTY_REV_STATUSLookupParameter","paramLabel":"","paramType-mapping":"Connection","logcnx":"LKP_T_OSC_OPTY_REV_STATUSLookupParameter","isCachedLookup":"true","multipleMatchPolicy":"Use Any Value","default":"T_OSC_OPTY_REV_STATUS","objectParameterized":"false","visible":"false","flags":"SUPPORTS_MULTI_SCHEMA","originalPath":"LKP_T_OSC_OPTY_REV_STATUS"},"lookupConnectionId":"@1WJdDPsrEsGgfVqMmD3JYu","lookupObject":"T_OSC_OPTY_REV_STATUS","lookupObjectLabel":"","newFlatFile":false,"newObject":false,"showBusinessNames":true,"naturalOrder":true,"truncateTarget":false,"bulkApiDBTarget":false,"lkpFFAttrs":{"@type":"flatFileAttrs","id":12246976,"delimiter":"|","textQualifier":"NONE","escapeChar":"","headerLineNo":1,"firstDataRow":2,"rowDelimiter":0,"consecutiveDelimiter":false,"multiDelimitersAsAnd":false,"firstDataRowAsHeader":false,"codePage":"","customRowDelimiter":"","headerAndDataDelimiter":0},"customFuncCfg":{"@type":"customFuncConfig","id":-1,"connections":[],"inputMap":[],"outputFields":[]},"targetRefsV2":{},"targetUpdateColumns":[],"fieldOrderList":[],"runtimeAttrs":{"Lookup source is static":"false","Case Sensitive String Comparison":"false","Lookup Data Cache Size":"AUTO","Output Old Value On Update":"false","Lookup Source Filter":"","Pre-build lookup cache":"AUTO","Synchronize dynamic cache":"false","Null ordering":"Null Is Highest Value","Thousand Separator":"None","Cache File Name Prefix":"","Lookup Index Cache Size":"AUTO","Optional":"true","Lookup cache persistent":"false","Update Dynamic Cache Condition":"TRUE","Decimal Separator":".","Re-cache from lookup source":"false","Insert Else Update":"false","Lookup caching enabled":"true","Tracing Level":"Normal","Datetime Format":"","Subsecond Precision":"6","Sorted Input":"false","Lookup cache directory name":"$PMCacheDir","Dynamic Lookup Cache":"false"},"isRESTModernSource":true,"commandType":0,"isFileList":false,"handleSpecialChars":false,"handleDecimalRoundOff":false,"frsAsset":false,"dynamicFileName":false,"excludeDynamicFileNameField":false,"currentlyProcessedFileName":false,"retainFieldMetadata":false,"objectName":"T_OSC_OPTY_REV_STATUS","objectLabel":"","useExactSrcNames":false,"userUpdated":true,"fetchMode":"ORIGINAL","tgtObjectAttributes":{},"runtimeParameterData":{"@type":"mtTaskRuntimeParameterData","isConnectionRuntimeParameter":false,"isObjectRuntimeParameter":false},"overridableProperties":[],"overriddenFields":[]}],"sequences":[],"inOutParameters":[],"connRuntimeAttrs":[]}]