[{"@type":"mtTask","id":"@1","name":"s_m_OSC_Delete_LeadTeam_InactiveUsers","description":"Session pushed from PC to ICS : s_m_OSC_Delete_LeadTeam_InactiveUsers","autoExpireObject":false,"runtimeEnvironmentId":"@4XHzTDjn3M2cETJn1ZRVcd","maxLogs":10,"verbose":false,"mappingId":"@1unmkP3urghfOIT2RDiEIA","frsGuid":"b1HwmiR1AkIli6gILoDxIu","shortDescription":"Session pushed from PC to ICS : s_m_OSC_Delete_Lea...","sessionPropertiesList":[{"name":"Allow Temporary Sequence for Pushdown","value":"NO","recommended":false},{"name":"Allow Temporary View for Pushdown","value":"NO","recommended":false},{"name":"Custom Properties","value":"UseFixedWidthConfigMetadata=yes","recommended":false},{"name":"Data Column Delimiter","value":"|","recommended":false},{"name":"Error Log File Name","value":"PMError.log","recommended":false},{"name":"Pushdown Optimization","value":"None","recommended":false},{"name":"Session Log File directory","value":"D:\\CRM\\SessLogs\\","recommended":false}],"hidden":false,"enableCrossSchemaPushdown":false,"enableParallelRun":false,"autoTunedApplied":false,"autoTunedAppliedType":"NONE","parameterFileName":"","parameterFileDir":"","schemaMode":"async","valid":true,"schemaValidationErrorCount":-1,"serverlessProperties":{},"taskProperties":[{"@type":"taskProperty","name":"parameterFileDir","currentValue":"","type":"STRING","label":"label.parameterFileDir","required":false},{"@type":"taskProperty","name":"parameterFileName","currentValue":"","type":"STRING","label":"label.parameterFileName","required":false},{"@type":"taskProperty","name":"outboundMessageUrlQueueTime","currentValue":"","type":"NUMBER","label":"label.outboundMessageUrlQueueTime","required":false},{"@type":"taskProperty","name":"outboundMessageUrlToken","currentValue":"","type":"STRING","label":"label.outboundMessageUrlToken","required":false}],"optimizationPlan":"NONE","isMidstreamPreview":false,"allowMaxFieldLength":false,"specialCharacterSupport":true,"useUserDefinedOrder":false,"parameters":[{"@type":"mtTaskParameter","id":14492877,"name":"$SQ_T_OSC_LEAD_RESOURCE$","type":"EXTENDED_SOURCE","label":"SQ_T_OSC_LEAD_RESOURCE","uiProperties":{"cnxtype":"ODBC","connectionParameterized":"true","paramName":"Source","paramLabel":"","paramType-mapping":"Connection","logcnx":"Source","isSelectDistinct":"false","isMsrcFilterParameterized":"true","isMsrcSortParameterized":"false","msrcFilterDefault":"T_OSC_RESOURCE.STATUS IS NOT NULL AND\r\nT_OSC_RESOURCE.STATUS = 'Inactive' AND\r\nT_OSC_LEAD.STATUS_C in ('Active','Linked','Postponed')","msrcFilterParamDesc":"","isFFRetainMetaData":"true","objectParameterized":"false","isCustomQueryRetainMetaData":"true","originalPath":"SQ_T_OSC_LEAD_RESOURCE"},"sourceConnectionId":"@1WJdDPsrEsGgfVqMmD3JYu","newFlatFile":false,"newObject":false,"showBusinessNames":true,"naturalOrder":true,"truncateTarget":false,"bulkApiDBTarget":false,"srcFFAttrs":{"@type":"flatFileAttrs","id":12247232,"delimiter":"|","textQualifier":"NONE","escapeChar":"","headerLineNo":1,"firstDataRow":2,"rowDelimiter":0,"consecutiveDelimiter":false,"multiDelimitersAsAnd":false,"firstDataRowAsHeader":false,"codePage":"","customRowDelimiter":"","headerAndDataDelimiter":0},"customFuncCfg":{"@type":"customFuncConfig","id":-1,"connections":[],"inputMap":[],"outputFields":[]},"targetRefsV2":{},"targetUpdateColumns":[],"fieldOrderList":[],"extendedObject":{"@type":"extendedObject","object":{"@type":"mObject","name":"T_OSC_RESOURCE","label":"T_OSC_RESOURCE","metadataUpdated":false,"dbSchema":"","relations":[],"children":[]},"userDefinedJoin":"T_OSC_LEAD_RESOURCE.RESOURCEID = T_OSC_RESOURCE.PARTYID AND\r\nT_OSC_LEAD.LEADID = T_OSC_LEAD_RESOURCE.LEADID","advancedFilterExpression":"T_OSC_RESOURCE.STATUS IS NOT NULL AND\r\nT_OSC_RESOURCE.STATUS = 'Inactive' AND\r\nT_OSC_LEAD.STATUS_C in ('Active','Linked','Postponed')","singleMode":false,"objects":[{"@type":"mObject","name":"T_OSC_RESOURCE","label":"T_OSC_RESOURCE","metadataUpdated":false,"dbSchema":"","relations":[],"children":[]},{"@type":"mObject","name":"T_OSC_LEAD","label":"T_OSC_LEAD","metadataUpdated":false,"dbSchema":"","relations":[],"children":[]},{"@type":"mObject","name":"T_OSC_LEAD_RESOURCE","label":"T_OSC_LEAD_RESOURCE","metadataUpdated":false,"dbSchema":"","relations":[],"children":[]}],"filters":[],"sortFields":[]},"runtimeAttrs":{},"isRESTModernSource":true,"commandType":0,"isFileList":false,"handleSpecialChars":false,"handleDecimalRoundOff":false,"frsAsset":false,"dynamicFileName":false,"excludeDynamicFileNameField":false,"currentlyProcessedFileName":false,"retainFieldMetadata":false,"useExactSrcNames":false,"userUpdated":true,"fetchMode":"ORIGINAL","tgtObjectAttributes":{},"runtimeParameterData":{"@type":"mtTaskRuntimeParameterData","isConnectionRuntimeParameter":false,"isObjectRuntimeParameter":false},"overridableProperties":[],"overriddenFields":[]},{"@type":"mtTaskParameter","id":14492878,"name":"$ff_tgt_osc_lead_ownerupdate$","type":"TARGET","label":"ff_tgt_osc_lead_ownerupdate","uiProperties":{"cnxtype":"CSVFile","connectionParameterized":"true","paramName":"ff_tgt_osc_lead_ownerupdateTgtParameter","paramLabel":"","paramType-mapping":"Connection","logcnx":"ff_tgt_osc_lead_ownerupdateTgtParameter","default":"TMLeadOwnerUpdate-Leads.csv","objectParameterized":"false","visible":"false","defaultTargetUpdateColumns":"","supportApplyDDLChanges":"false","originalPath":"ff_tgt_osc_lead_ownerupdate"},"targetConnectionId":"@3b5fUeogNFDgfN22G4mky2","targetObject":"TMLeadOwnerUpdate-Leads.csv","targetObjectLabel":"TMLeadOwnerUpdate-Leads.csv","newFlatFile":false,"newObject":true,"showBusinessNames":true,"naturalOrder":true,"newObjectName":"TMLeadOwnerUpdate-Leads.csv","truncateTarget":false,"bulkApiDBTarget":false,"operationType":"Insert","tgtFFAttrs":{"@type":"flatFileAttrs","id":12247233,"delimiter":",","textQualifier":"NONE","escapeChar":"","headerLineNo":1,"rowDelimiter":0,"consecutiveDelimiter":false,"multiDelimitersAsAnd":false,"codePage":""},"customFuncCfg":{"@type":"customFuncConfig","id":-1,"connections":[],"inputMap":[],"outputFields":[]},"targetRefsV2":{},"targetUpdateColumns":[],"fieldOrderList":[],"extendedObject":{"@type":"extendedObject","object":{"@type":"mObject","name":"TMLeadOwnerUpdate-Leads.csv","label":"TMLeadOwnerUpdate-Leads.csv","metadataUpdated":false,"relations":[],"children":[]},"singleMode":true,"objects":[{"@type":"mObject","name":"TMLeadOwnerUpdate-Leads.csv","label":"TMLeadOwnerUpdate-Leads.csv","metadataUpdated":false,"relations":[],"children":[]}],"filters":[],"sortFields":[]},"runtimeAttrs":{},"isRESTModernSource":true,"commandType":0,"isFileList":false,"handleSpecialChars":false,"handleDecimalRoundOff":false,"frsAsset":false,"dynamicFileName":false,"excludeDynamicFileNameField":false,"currentlyProcessedFileName":false,"retainFieldMetadata":false,"objectName":"TMLeadOwnerUpdate-Leads.csv","objectLabel":"TMLeadOwnerUpdate-Leads.csv","useExactSrcNames":false,"userUpdated":true,"fetchMode":"ORIGINAL","tgtObjectAttributes":{},"runtimeParameterData":{"@type":"mtTaskRuntimeParameterData","isConnectionRuntimeParameter":false,"isObjectRuntimeParameter":false},"overridableProperties":[],"overriddenFields":[]},{"@type":"mtTaskParameter","id":14492879,"name":"$ff_tgt_osc_tm_leadteam$","type":"TARGET","label":"ff_tgt_osc_tm_leadteam","uiProperties":{"cnxtype":"CSVFile","connectionParameterized":"true","paramName":"ff_tgt_osc_tm_leadteamTgtParameter","paramLabel":"","paramType-mapping":"Connection","logcnx":"ff_tgt_osc_tm_leadteamTgtParameter","default":"TMDeleteFromSalesTeam-Leads.csv","objectParameterized":"false","visible":"false","defaultTargetUpdateColumns":"","supportApplyDDLChanges":"false","originalPath":"ff_tgt_osc_tm_leadteam"},"targetConnectionId":"@3b5fUeogNFDgfN22G4mky2","targetObject":"TMDeleteFromSalesTeam-Leads.csv","targetObjectLabel":"TMDeleteFromSalesTeam-Leads.csv","newFlatFile":false,"newObject":true,"showBusinessNames":true,"naturalOrder":true,"newObjectName":"TMDeleteFromSalesTeam-Leads.csv","truncateTarget":false,"bulkApiDBTarget":false,"operationType":"Insert","tgtFFAttrs":{"@type":"flatFileAttrs","id":12247234,"delimiter":",","textQualifier":"NONE","escapeChar":"","headerLineNo":1,"rowDelimiter":0,"consecutiveDelimiter":false,"multiDelimitersAsAnd":false,"codePage":""},"customFuncCfg":{"@type":"customFuncConfig","id":-1,"connections":[],"inputMap":[],"outputFields":[]},"targetRefsV2":{},"targetUpdateColumns":[],"fieldOrderList":[],"extendedObject":{"@type":"extendedObject","object":{"@type":"mObject","name":"TMDeleteFromSalesTeam-Leads.csv","label":"TMDeleteFromSalesTeam-Leads.csv","metadataUpdated":false,"relations":[],"children":[]},"singleMode":true,"objects":[{"@type":"mObject","name":"TMDeleteFromSalesTeam-Leads.csv","label":"TMDeleteFromSalesTeam-Leads.csv","metadataUpdated":false,"relations":[],"children":[]}],"filters":[],"sortFields":[]},"runtimeAttrs":{},"isRESTModernSource":true,"commandType":0,"isFileList":false,"handleSpecialChars":false,"handleDecimalRoundOff":false,"frsAsset":false,"dynamicFileName":false,"excludeDynamicFileNameField":false,"currentlyProcessedFileName":false,"retainFieldMetadata":false,"objectName":"TMDeleteFromSalesTeam-Leads.csv","objectLabel":"TMDeleteFromSalesTeam-Leads.csv","useExactSrcNames":false,"userUpdated":true,"fetchMode":"ORIGINAL","tgtObjectAttributes":{},"runtimeParameterData":{"@type":"mtTaskRuntimeParameterData","isConnectionRuntimeParameter":false,"isObjectRuntimeParameter":false},"overridableProperties":[],"overriddenFields":[]},{"@type":"mtTaskParameter","id":14492880,"name":"$ff_tgt_osc_tm_leadteam_InsertTeamMember$","type":"TARGET","label":"ff_tgt_osc_tm_leadteam_InsertTeamMember","uiProperties":{"cnxtype":"CSVFile","connectionParameterized":"true","paramName":"ff_tgt_osc_tm_leadteam_InsertTeamMemberTgtParameter","paramLabel":"","paramType-mapping":"Connection","logcnx":"ff_tgt_osc_tm_leadteam_InsertTeamMemberTgtParameter","default":"TMAddToSalesTeam-Leads.csv","objectParameterized":"false","visible":"false","defaultTargetUpdateColumns":"","supportApplyDDLChanges":"false","originalPath":"ff_tgt_osc_tm_leadteam_InsertTeamMember"},"targetConnectionId":"@3b5fUeogNFDgfN22G4mky2","targetObject":"TMAddToSalesTeam-Leads.csv","targetObjectLabel":"TMAddToSalesTeam-Leads.csv","newFlatFile":false,"newObject":true,"showBusinessNames":true,"naturalOrder":true,"newObjectName":"TMAddToSalesTeam-Leads.csv","truncateTarget":false,"bulkApiDBTarget":false,"operationType":"Insert","tgtFFAttrs":{"@type":"flatFileAttrs","id":12247235,"delimiter":",","textQualifier":"NONE","escapeChar":"","headerLineNo":1,"rowDelimiter":0,"consecutiveDelimiter":false,"multiDelimitersAsAnd":false,"codePage":""},"customFuncCfg":{"@type":"customFuncConfig","id":-1,"connections":[],"inputMap":[],"outputFields":[]},"targetRefsV2":{},"targetUpdateColumns":[],"fieldOrderList":[],"extendedObject":{"@type":"extendedObject","object":{"@type":"mObject","name":"TMAddToSalesTeam-Leads.csv","label":"TMAddToSalesTeam-Leads.csv","metadataUpdated":false,"relations":[],"children":[]},"singleMode":true,"objects":[{"@type":"mObject","name":"TMAddToSalesTeam-Leads.csv","label":"TMAddToSalesTeam-Leads.csv","metadataUpdated":false,"relations":[],"children":[]}],"filters":[],"sortFields":[]},"runtimeAttrs":{},"isRESTModernSource":true,"commandType":0,"isFileList":false,"handleSpecialChars":false,"handleDecimalRoundOff":false,"frsAsset":false,"dynamicFileName":false,"excludeDynamicFileNameField":false,"currentlyProcessedFileName":false,"retainFieldMetadata":false,"objectName":"TMAddToSalesTeam-Leads.csv","objectLabel":"TMAddToSalesTeam-Leads.csv","useExactSrcNames":false,"userUpdated":true,"fetchMode":"ORIGINAL","tgtObjectAttributes":{},"runtimeParameterData":{"@type":"mtTaskRuntimeParameterData","isConnectionRuntimeParameter":false,"isObjectRuntimeParameter":false},"overridableProperties":[],"overriddenFields":[]},{"@type":"mtTaskParameter","id":14492881,"name":"$LKP_T_OSC_RESOURCE$","type":"LOOKUP","label":"LKP_T_OSC_RESOURCE","uiProperties":{"cnxtype":"ODBC","connectionParameterized":"true","paramName":"Source","paramLabel":"","paramType-mapping":"Connection","logcnx":"Source","isCachedLookup":"true","multipleMatchPolicy":"Use Any Value","default":"T_OSC_RESOURCE","objectParameterized":"true","objDesc":"","objectParamName":"param_T_OSC_RESOURCE","objectParamType-mapping":"DataObject","originalPath":"LKP_T_OSC_RESOURCE"},"lookupConnectionId":"@1WJdDPsrEsGgfVqMmD3JYu","lookupObject":"T_OSC_RESOURCE","lookupObjectLabel":"T_OSC_RESOURCE","newFlatFile":false,"newObject":false,"showBusinessNames":false,"naturalOrder":false,"truncateTarget":false,"bulkApiDBTarget":false,"customFuncCfg":{"@type":"customFuncConfig","id":-1,"connections":[],"inputMap":[],"outputFields":[]},"targetRefsV2":{},"targetUpdateColumns":[],"fieldOrderList":[],"runtimeAttrs":{"Lookup source is static":"false","Case Sensitive String Comparison":"false","Lookup Data Cache Size":"AUTO","Output Old Value On Update":"false","Lookup Source Filter":"","Pre-build lookup cache":"AUTO","Synchronize dynamic cache":"false","Null ordering":"Null Is Highest Value","Thousand Separator":"None","Cache File Name Prefix":"","Lookup Index Cache Size":"AUTO","Optional":"true","Lookup cache persistent":"false","Update Dynamic Cache Condition":"TRUE","Decimal Separator":".","Re-cache from lookup source":"false","Insert Else Update":"false","Lookup caching enabled":"true","Tracing Level":"Normal","Datetime Format":"","Subsecond Precision":"6","Sorted Input":"false","Lookup cache directory name":"$PMCacheDir","Dynamic Lookup Cache":"false"},"isRESTModernSource":true,"commandType":0,"isFileList":false,"handleSpecialChars":false,"handleDecimalRoundOff":false,"frsAsset":false,"dynamicFileName":false,"excludeDynamicFileNameField":false,"currentlyProcessedFileName":false,"retainFieldMetadata":false,"objectName":"T_OSC_RESOURCE","objectLabel":"T_OSC_RESOURCE","useExactSrcNames":false,"userUpdated":true,"fetchMode":"ORIGINAL","tgtObjectAttributes":{},"runtimeParameterData":{"@type":"mtTaskRuntimeParameterData","isConnectionRuntimeParameter":false,"isObjectRuntimeParameter":true,"connectionParameterName":"LKP_T_OSC_RESOURCE","objectParameterName":"param_T_OSC_RESOURCE","objectDefaultValue":"T_OSC_RESOURCE"},"overridableProperties":[],"overriddenFields":[]},{"@type":"mtTaskParameter","id":14492882,"name":"$lkp_condition_LKP_T_OSC_RESOURCE$","type":"STRING","text":"PARTYID = IN_PARTYID","label":"lkp_condition_LKP_T_OSC_RESOURCE","uiProperties":{"paramName":"lkp_condition_LKP_T_OSC_RESOURCE","paramLabel":"","paramType-mapping":"Expression","default":"PARTYID = IN_PARTYID","paramtype":"Expression","originalPath":"LKP_T_OSC_RESOURCE"},"newFlatFile":false,"newObject":false,"showBusinessNames":false,"naturalOrder":false,"truncateTarget":false,"bulkApiDBTarget":false,"customFuncCfg":{"@type":"customFuncConfig","id":-1,"connections":[],"inputMap":[],"outputFields":[]},"targetRefsV2":{},"targetUpdateColumns":[],"fieldOrderList":[],"runtimeAttrs":{},"isRESTModernSource":true,"commandType":0,"isFileList":false,"handleSpecialChars":false,"handleDecimalRoundOff":false,"frsAsset":false,"dynamicFileName":false,"excludeDynamicFileNameField":false,"currentlyProcessedFileName":false,"retainFieldMetadata":false,"useExactSrcNames":false,"userUpdated":true,"fetchMode":"ORIGINAL","tgtObjectAttributes":{},"runtimeParameterData":{"@type":"mtTaskRuntimeParameterData","isConnectionRuntimeParameter":false,"isObjectRuntimeParameter":false},"overridableProperties":[],"overriddenFields":[]}],"sequences":[],"inOutParameters":[],"connRuntimeAttrs":[]}]