[{"@type":"mappingTemplate","id":"@1","name":"ARCHIVE_m_OSC_OSCToSiebel_WSOptyUpdProcessed","description":"Mapping pushed from PC to ICS : ARCHIVE_m_OSC_OSCToSiebel_WSOptyUpdProcessed","autoExpireObject":false,"bundleVersion":"0","assetFrsGuid":"3xMnUEmeRB9i55UrsfZViU","templateId":"@2","deployTime":1752054590000,"hasParameters":true,"valid":true,"fixedConnection":false,"hasParametersDeployed":true,"fixedConnectionDeployed":false,"isSchemaValidationEnabled":false,"tasks":1,"allowMaxFieldLength":false,"specialCharacterSupport":false,"references":[]}]