[{"@type":"mappingTemplate","id":"@1","name":"m_OSC_Load_Service_Contracts","description":"Mapping pushed from PC to ICS : m_OSC_Load_Service_Contracts","autoExpireObject":false,"bundleVersion":"0","assetFrsGuid":"eiIz1Z2zbWFduPkRuWbgCp","templateId":"@2","deployTime":1752054226000,"hasParameters":true,"valid":true,"fixedConnection":false,"hasParametersDeployed":true,"fixedConnectionDeployed":false,"isSchemaValidationEnabled":false,"tasks":1,"allowMaxFieldLength":false,"specialCharacterSupport":false,"references":[]}]