[{"@type":"mappingTemplate","id":"@1","name":"ARCHIVE_m_OSC_Conversion_SiebelChangedRecordsContact","description":"Mapping pushed from PC to ICS : ARCHIVE_m_OSC_Conversion_SiebelChangedRecordsContact","autoExpireObject":false,"bundleVersion":"0","assetFrsGuid":"4GNl44ct4isb5s7gBrfTMF","templateId":"@2","deployTime":1752054559000,"hasParameters":true,"valid":true,"fixedConnection":false,"hasParametersDeployed":true,"fixedConnectionDeployed":false,"isSchemaValidationEnabled":false,"tasks":1,"allowMaxFieldLength":false,"specialCharacterSupport":false,"references":[]}]