[{"@type":"mappingTemplate","id":"@1","name":"ARCHIVE_m_OSC_OSCToSiebel_OptyUpd","description":"Mapping pushed from PC to ICS : ARCHIVE_m_OSC_OSCToSiebel_OptyUpd","autoExpireObject":false,"bundleVersion":"0","assetFrsGuid":"k6wFdCjFRu4k5JWO9ntvUk","templateId":"@2","deployTime":1752054134000,"hasParameters":true,"valid":true,"fixedConnection":false,"hasParametersDeployed":true,"fixedConnectionDeployed":false,"isSchemaValidationEnabled":false,"tasks":1,"allowMaxFieldLength":false,"specialCharacterSupport":false,"references":[]}]