[{"@type":"mappingTemplate","id":"@1","name":"m_OSC_Delete_AssignmentRuleCandidate_InactiveUsers","description":"Mapping pushed from PC to ICS : m_OSC_Delete_AssignmentRuleCandidate_InactiveUsers","autoExpireObject":false,"bundleVersion":"0","assetFrsGuid":"94hDHbT5p09kH8oET8mGqg","templateId":"@2","deployTime":1752054300000,"hasParameters":true,"valid":true,"fixedConnection":false,"hasParametersDeployed":true,"fixedConnectionDeployed":false,"isSchemaValidationEnabled":false,"tasks":1,"allowMaxFieldLength":false,"specialCharacterSupport":false,"references":[]}]