[{"@type":"mtTask","id":"@1","name":"s_m_OSC_Conversion_DX_SyncOpportunityOLIExport","description":"Session pushed from PC to ICS : s_m_OSC_Conversion_DX_SyncOpportunityOLIExport","autoExpireObject":false,"runtimeEnvironmentId":"@4XHzTDjn3M2cETJn1ZRVcd","maxLogs":10,"verbose":false,"mappingId":"@dlo9tqbTmKQfmz7rYQYVKj","frsGuid":"0qENUJeMmSrjU54K9NGjap","shortDescription":"Session pushed from PC to ICS : s_m_OSC_Conversion...","sessionPropertiesList":[{"name":"Allow Temporary Sequence for Pushdown","value":"NO","recommended":false},{"name":"Allow Temporary View for Pushdown","value":"NO","recommended":false},{"name":"Custom Properties","value":"UseFixedWidthConfigMetadata=yes","recommended":false},{"name":"Data Column Delimiter","value":"|","recommended":false},{"name":"Error Log File Name","value":"PMError.log","recommended":false},{"name":"Pushdown Optimization","value":"None","recommended":false},{"name":"Session Log File directory","value":"D:\\CRM\\SessLogs\\","recommended":false}],"hidden":false,"enableCrossSchemaPushdown":false,"enableParallelRun":false,"autoTunedApplied":false,"autoTunedAppliedType":"NONE","parameterFileName":"","parameterFileDir":"","schemaMode":"async","valid":true,"schemaValidationErrorCount":-1,"serverlessProperties":{},"taskProperties":[{"@type":"taskProperty","name":"parameterFileDir","currentValue":"","type":"STRING","label":"label.parameterFileDir","required":false},{"@type":"taskProperty","name":"parameterFileName","currentValue":"","type":"STRING","label":"label.parameterFileName","required":false},{"@type":"taskProperty","name":"outboundMessageUrlQueueTime","currentValue":"","type":"NUMBER","label":"label.outboundMessageUrlQueueTime","required":false},{"@type":"taskProperty","name":"outboundMessageUrlToken","currentValue":"","type":"STRING","label":"label.outboundMessageUrlToken","required":false}],"optimizationPlan":"NONE","isMidstreamPreview":false,"allowMaxFieldLength":false,"specialCharacterSupport":true,"useUserDefinedOrder":false,"parameters":[{"@type":"mtTaskParameter","id":14492473,"name":"$SQ_T_OSC_TEMP_DX_OLI_CONV$","type":"SOURCE","label":"SQ_T_OSC_TEMP_DX_OLI_CONV","uiProperties":{"cnxtype":"Oracle","connectionParameterized":"true","paramName":"SQ_T_OSC_TEMP_DX_OLI_CONVSrcParameter","paramLabel":"","paramType-mapping":"Connection","logcnx":"SQ_T_OSC_TEMP_DX_OLI_CONVSrcParameter","isSelectDistinct":"false","objectParameterized":"false","visible":"false","isCustomQueryRetainMetaData":"true","flags":"SUPPORTS_MULTI_SCHEMA","originalPath":"SQ_T_OSC_TEMP_DX_OLI_CONV"},"sourceConnectionId":"@1WJdDPsrEsGgfVqMmD3JYu","sourceObject":"DUMMY_SQ_T_OSC_TEMP_DX_OLI_CONV","newFlatFile":false,"newObject":false,"showBusinessNames":true,"naturalOrder":true,"truncateTarget":false,"bulkApiDBTarget":false,"srcFFAttrs":{"@type":"flatFileAttrs","id":12246862,"delimiter":"|","textQualifier":"NONE","escapeChar":"","headerLineNo":1,"firstDataRow":2,"rowDelimiter":0,"consecutiveDelimiter":false,"multiDelimitersAsAnd":false,"firstDataRowAsHeader":false,"codePage":"","customRowDelimiter":"","headerAndDataDelimiter":0},"customFuncCfg":{"@type":"customFuncConfig","id":-1,"connections":[],"inputMap":[],"outputFields":[]},"targetRefsV2":{},"targetUpdateColumns":[],"fieldOrderList":[],"runtimeAttrs":{},"isRESTModernSource":true,"customQuery":"SELECT \r\nb.OpportunityId,\r\nb.FinanceType,\r\nb.CapitalFunnelValue, \r\nb.RecurringRevenueFunnelValue, \r\nb.ContractDurationMonths, \r\nb.PriorYearRevenueRunRate, \r\nb.SiemensProbability,\r\nb.IncumbentVendor,\r\nb.IncumbentVendorDCL_Id,\r\nb.DecisionDate, \r\nb.ExpectedInstallationDate, \r\nb.ExpectedShipmentDate, \r\nb.ExpectedTurnoverDate, \r\nb.Reason, \r\nb.WinningVendor,\r\nb.WinningVendorProduct_Id,\r\nb.IncludeInForecast, \r\nb.AssayDCL_Id,\r\nb.SalesProgramId, \r\nb.IncumbentVendorProduct1_Id,\r\nb.IncumbentVendorProductBI,\r\nb.WinningVendorProductBI,\r\nb.SalesProgramForBI,\r\nb.OLIView_Reason,\r\nb.OLIView_ExpectedDeliveryDate,\r\nb.OLIView_IncumbentVendorId,\r\nb.OLIView_SalesProgram,\r\nb.Assay,\r\nb.ReasonComments,\r\nb.FunnelValue,\r\na.OpportunityLineId, \r\nc.OptyLineNumber \r\nFROM\r\nosc.T_OSC_TEMP_DX_MATCH_CONV a,\r\nosc.T_OSC_TEMP_DX_OLI_CONV b, osc.T_OSC_TEMP_DX_OLI_CONV c,\r\nosc.T_OSC_TEMP_DX_CONV d\r\nWHERE\r\nb.OpportunityLineId = a.OpptyLineMatchId AND\r\nc.OpportunityLineId = a.OpportunityLineId AND\r\nb.OpportunityId = d.Osc_Opty_Id AND\r\nc.OpportunityId = d.Osc_Opty_Id AND\r\nd.Status = 'Active'","commandType":0,"isFileList":false,"handleSpecialChars":false,"handleDecimalRoundOff":false,"frsAsset":false,"dynamicFileName":false,"excludeDynamicFileNameField":false,"currentlyProcessedFileName":false,"retainFieldMetadata":false,"objectName":"DUMMY_SQ_T_OSC_TEMP_DX_OLI_CONV","useExactSrcNames":false,"userUpdated":true,"fetchMode":"ORIGINAL","tgtObjectAttributes":{},"runtimeParameterData":{"@type":"mtTaskRuntimeParameterData","isConnectionRuntimeParameter":false,"isObjectRuntimeParameter":false},"overridableProperties":[],"overriddenFields":[]},{"@type":"mtTaskParameter","id":14492474,"name":"$T_OSC_TEMP_DX_CONV1$","type":"TARGET","label":"T_OSC_TEMP_DX_CONV1","uiProperties":{"cnxtype":"Oracle","connectionParameterized":"true","paramName":"T_OSC_TEMP_DX_CONV1TgtParameter","paramLabel":"","paramType-mapping":"Connection","logcnx":"T_OSC_TEMP_DX_CONV1TgtParameter","default":"T_OSC_TEMP_DX_CONV","objectParameterized":"false","visible":"false","flags":"SUPPORTS_MULTI_SCHEMA","defaultTargetUpdateColumns":"OSC_OPTY_ID","supportApplyDDLChanges":"false","originalPath":"T_OSC_TEMP_DX_CONV1"},"targetConnectionId":"@1WJdDPsrEsGgfVqMmD3JYu","targetObject":"T_OSC_TEMP_DX_CONV","targetObjectLabel":"T_OSC_TEMP_DX_CONV","newFlatFile":false,"newObject":false,"showBusinessNames":true,"naturalOrder":true,"truncateTarget":false,"bulkApiDBTarget":false,"operationType":"Rowbased","tgtFFAttrs":{"@type":"flatFileAttrs","id":12246863,"delimiter":"|","textQualifier":"NONE","escapeChar":"","headerLineNo":1,"rowDelimiter":0,"consecutiveDelimiter":false,"multiDelimitersAsAnd":false,"codePage":""},"customFuncCfg":{"@type":"customFuncConfig","id":-1,"connections":[],"inputMap":[],"outputFields":[]},"targetRefsV2":{},"targetUpdateColumns":["OSC_OPTY_ID"],"fieldOrderList":[],"extendedObject":{"@type":"extendedObject","singleMode":true,"filters":[],"sortFields":[]},"runtimeAttrs":{"Forward Rejected Rows":"YES"},"isRESTModernSource":true,"commandType":0,"isFileList":false,"handleSpecialChars":false,"handleDecimalRoundOff":false,"frsAsset":false,"dynamicFileName":false,"excludeDynamicFileNameField":false,"currentlyProcessedFileName":false,"retainFieldMetadata":false,"objectName":"T_OSC_TEMP_DX_CONV","objectLabel":"T_OSC_TEMP_DX_CONV","useExactSrcNames":false,"userUpdated":true,"fetchMode":"ORIGINAL","tgtObjectAttributes":{},"runtimeParameterData":{"@type":"mtTaskRuntimeParameterData","isConnectionRuntimeParameter":false,"isObjectRuntimeParameter":false},"overridableProperties":[],"overriddenFields":[]},{"@type":"mtTaskParameter","id":14492475,"name":"$ff_tgt_osc_dx_oli$","type":"TARGET","label":"ff_tgt_osc_dx_oli","uiProperties":{"cnxtype":"CSVFile","connectionParameterized":"true","paramName":"ff_tgt_osc_dx_oliTgtParameter","paramLabel":"","paramType-mapping":"Connection","logcnx":"ff_tgt_osc_dx_oliTgtParameter","default":"DXConversionOLISync.csv","objectParameterized":"false","visible":"false","defaultTargetUpdateColumns":"","supportApplyDDLChanges":"false","originalPath":"ff_tgt_osc_dx_oli"},"targetConnectionId":"@66yyk2WBI9CbW98NMD1qWD","targetObject":"DXConversionOLISync.csv","targetObjectLabel":"DXConversionOLISync.csv","newFlatFile":false,"newObject":true,"showBusinessNames":true,"naturalOrder":true,"newObjectName":"DXConversionOLISync.csv","truncateTarget":false,"bulkApiDBTarget":false,"operationType":"Insert","tgtFFAttrs":{"@type":"flatFileAttrs","id":12246864,"delimiter":"|","textQualifier":"NONE","escapeChar":"","headerLineNo":1,"rowDelimiter":0,"consecutiveDelimiter":false,"multiDelimitersAsAnd":false,"codePage":""},"customFuncCfg":{"@type":"customFuncConfig","id":-1,"connections":[],"inputMap":[],"outputFields":[]},"targetRefsV2":{},"targetUpdateColumns":[],"fieldOrderList":[],"extendedObject":{"@type":"extendedObject","object":{"@type":"mObject","name":"DXConversionOLISync.csv","label":"DXConversionOLISync.csv","metadataUpdated":false,"relations":[],"children":[]},"singleMode":true,"objects":[{"@type":"mObject","name":"DXConversionOLISync.csv","label":"DXConversionOLISync.csv","metadataUpdated":false,"relations":[],"children":[]}],"filters":[],"sortFields":[]},"runtimeAttrs":{},"isRESTModernSource":true,"commandType":0,"isFileList":false,"handleSpecialChars":false,"handleDecimalRoundOff":false,"frsAsset":false,"dynamicFileName":false,"excludeDynamicFileNameField":false,"currentlyProcessedFileName":false,"retainFieldMetadata":false,"objectName":"DXConversionOLISync.csv","objectLabel":"DXConversionOLISync.csv","useExactSrcNames":false,"userUpdated":true,"fetchMode":"ORIGINAL","tgtObjectAttributes":{},"runtimeParameterData":{"@type":"mtTaskRuntimeParameterData","isConnectionRuntimeParameter":false,"isObjectRuntimeParameter":false},"overridableProperties":[],"overriddenFields":[]}],"sequences":[],"inOutParameters":[],"connRuntimeAttrs":[]}]