[{"@type":"mappingTemplate","id":"@1","name":"ARCHIVE_m_OSC_OSCToSiebel_OLI","description":"Mapping pushed from PC to ICS : ARCHIVE_m_OSC_OSCToSiebel_OLI","autoExpireObject":false,"bundleVersion":"0","assetFrsGuid":"8BCsY6s0FWugf9TOFrcAav","templateId":"@2","deployTime":1752054702000,"hasParameters":true,"valid":true,"fixedConnection":false,"hasParametersDeployed":true,"fixedConnectionDeployed":false,"isSchemaValidationEnabled":false,"tasks":1,"allowMaxFieldLength":false,"specialCharacterSupport":false,"references":[]}]