[{"@type":"mappingTemplate","id":"@1","name":"m_OSC_TM_AccountRulesBasedAssignmentExport","description":"Mapping pushed from PC to ICS : m_OSC_TM_AccountRulesBasedAssignmentExport","autoExpireObject":false,"bundleVersion":"0","assetFrsGuid":"e627S1SN3CPl1m6xjwpggg","templateId":"@2","deployTime":1752054671000,"hasParameters":true,"valid":true,"fixedConnection":false,"hasParametersDeployed":true,"fixedConnectionDeployed":false,"isSchemaValidationEnabled":false,"tasks":1,"allowMaxFieldLength":false,"specialCharacterSupport":false,"references":[]}]