[{"@type":"mappingTemplate","id":"@1","name":"ARCHIVE_m_OSC_OSCToSiebel_OptySyncKeyProcessed","description":"Mapping pushed from PC to ICS : ARCHIVE_m_OSC_OSCToSiebel_OptySyncKeyProcessed","autoExpireObject":false,"bundleVersion":"0","assetFrsGuid":"frkp3QxgpGjcblQ7EmprGW","templateId":"@2","deployTime":1752054275000,"hasParameters":true,"valid":true,"fixedConnection":false,"hasParametersDeployed":true,"fixedConnectionDeployed":false,"isSchemaValidationEnabled":false,"tasks":1,"allowMaxFieldLength":false,"specialCharacterSupport":false,"references":[]}]