[{"@type":"mappingTemplate","id":"@1","name":"ARCHIVE_m_OSC_OSCToSiebel_WSOLIProcessed","description":"Mapping pushed from PC to ICS : ARCHIVE_m_OSC_OSCToSiebel_WSOLIProcessed","autoExpireObject":false,"bundleVersion":"0","assetFrsGuid":"8ngNIXNH9kFbgEiBc4emK9","templateId":"@2","deployTime":1752054167000,"hasParameters":true,"valid":true,"fixedConnection":false,"hasParametersDeployed":true,"fixedConnectionDeployed":false,"isSchemaValidationEnabled":false,"tasks":2,"allowMaxFieldLength":false,"specialCharacterSupport":false,"references":[]}]