[{"@type":"mappingTemplate","id":"@1","name":"m_OSC_UpdateGoldsheetDate","description":"Mapping pushed from PC to ICS : m_OSC_UpdateGoldsheetDate","autoExpireObject":false,"bundleVersion":"0","assetFrsGuid":"kayR0dkAj4gf76bfwe49QQ","templateId":"@2","deployTime":1752054616000,"hasParameters":true,"valid":true,"fixedConnection":false,"hasParametersDeployed":true,"fixedConnectionDeployed":false,"isSchemaValidationEnabled":false,"tasks":1,"allowMaxFieldLength":false,"specialCharacterSupport":false,"references":[]}]