[{"@type":"mappingTemplate","id":"@1","name":"m_OSC_ODS_JobMonitoring_AccountLoads","description":"Mapping pushed from PC to ICS : m_OSC_ODS_JobMonitoring_AccountLoads","autoExpireObject":false,"bundleVersion":"0","assetFrsGuid":"7v5pW1om4aGlz4Luz79EqK","templateId":"@2","deployTime":1752054537000,"hasParameters":true,"valid":true,"fixedConnection":false,"hasParametersDeployed":true,"fixedConnectionDeployed":false,"isSchemaValidationEnabled":false,"tasks":1,"allowMaxFieldLength":false,"specialCharacterSupport":false,"references":[]}]