[{"@type":"mappingTemplate","id":"@1","name":"ARCHIVE_m_OSC_CSEToOSC_OLI","description":"Mapping pushed from PC to ICS : ARCHIVE_m_OSC_CSEToOSC_OLI","autoExpireObject":false,"bundleVersion":"0","assetFrsGuid":"bl2OFkR8YWqc2vWTT3pHSW","templateId":"@2","deployTime":1752054270000,"hasParameters":true,"valid":true,"fixedConnection":false,"hasParametersDeployed":true,"fixedConnectionDeployed":false,"isSchemaValidationEnabled":false,"tasks":1,"allowMaxFieldLength":false,"specialCharacterSupport":false,"references":[]}]