[{"@type":"mappingTemplate","id":"@1","name":"ARCHIVE_m_OSC_Conversion_DX_SyncOpportunityOLI","description":"Mapping pushed from PC to ICS : ARCHIVE_m_OSC_Conversion_DX_SyncOpportunityOLI","autoExpireObject":false,"bundleVersion":"0","assetFrsGuid":"1M05SsGSUo9l3ONkdAGpAV","templateId":"@2","deployTime":1752054291000,"hasParameters":true,"valid":true,"fixedConnection":false,"hasParametersDeployed":true,"fixedConnectionDeployed":false,"isSchemaValidationEnabled":false,"tasks":1,"allowMaxFieldLength":false,"specialCharacterSupport":false,"references":[]}]