[{"@type":"mappingTemplate","id":"@1","name":"m_OSC_UpdateAccountParentBI","description":"Mapping pushed from PC to ICS : m_OSC_UpdateAccountParentBI","autoExpireObject":false,"bundleVersion":"0","assetFrsGuid":"ikIadpO6PS8hULewyGXcEQ","templateId":"@2","deployTime":1752054709000,"hasParameters":true,"valid":true,"fixedConnection":false,"hasParametersDeployed":true,"fixedConnectionDeployed":false,"isSchemaValidationEnabled":false,"tasks":1,"allowMaxFieldLength":false,"specialCharacterSupport":false,"references":[]}]