[{"@type":"mappingTemplate","id":"@1","name":"ARCHIVE_m_OSC_SiebelToOSC_SiebelDataImport","description":"Mapping pushed from PC to ICS : ARCHIVE_m_OSC_SiebelToOSC_SiebelDataImport","autoExpireObject":false,"bundleVersion":"0","assetFrsGuid":"aiHXu5hm1NWfEO8v1mlsGe","templateId":"@2","deployTime":1752054548000,"hasParameters":true,"valid":true,"fixedConnection":false,"hasParametersDeployed":true,"fixedConnectionDeployed":false,"isSchemaValidationEnabled":false,"tasks":1,"allowMaxFieldLength":false,"specialCharacterSupport":false,"references":[]}]