[{"@type":"mappingTemplate","id":"@1","name":"m_OSC_Delete_LeadTeam_InactiveUsers","description":"Mapping pushed from PC to ICS : m_OSC_Delete_LeadTeam_InactiveUsers","autoExpireObject":false,"bundleVersion":"0","assetFrsGuid":"1unmkP3urghfOIT2RDiEIA","templateId":"@2","deployTime":1752054585000,"hasParameters":true,"valid":true,"fixedConnection":false,"hasParametersDeployed":true,"fixedConnectionDeployed":false,"isSchemaValidationEnabled":false,"tasks":1,"allowMaxFieldLength":false,"specialCharacterSupport":false,"references":[]}]