[{"@type":"mappingTemplate","id":"@1","name":"m_OSC_UpdateLeadOwnerVSA","description":"Mapping pushed from PC to ICS : m_OSC_UpdateLeadOwnerVSA","autoExpireObject":false,"bundleVersion":"0","assetFrsGuid":"jSz1rit9M6KjyPe5g3DXYW","templateId":"@2","deployTime":1752054511000,"hasParameters":true,"valid":true,"fixedConnection":false,"hasParametersDeployed":true,"fixedConnectionDeployed":false,"isSchemaValidationEnabled":false,"tasks":1,"allowMaxFieldLength":false,"specialCharacterSupport":false,"references":[]}]