[{"@type":"mappingTemplate","id":"@1","name":"ARCHIVE_m_OSC_OSCToSiebel_AccountUpdate","description":"Mapping pushed from PC to ICS : ARCHIVE_m_OSC_OSCToSiebel_AccountUpdate","autoExpireObject":false,"bundleVersion":"0","assetFrsGuid":"28jR1k5r44TipdlElpq88f","templateId":"@2","deployTime":1752054723000,"hasParameters":true,"valid":true,"fixedConnection":false,"hasParametersDeployed":true,"fixedConnectionDeployed":false,"isSchemaValidationEnabled":false,"tasks":1,"allowMaxFieldLength":false,"specialCharacterSupport":false,"references":[]}]