[{"@type":"mappingTemplate","id":"@1","name":"ARCHIVE_m_OSC_Conversion_SiebelAllRecords","description":"Mapping pushed from PC to ICS : ARCHIVE_m_OSC_Conversion_SiebelAllRecords","autoExpireObject":false,"bundleVersion":"0","assetFrsGuid":"aorXEHSoQ2dcsDMBdr4pSv","templateId":"@2","deployTime":1752054215000,"hasParameters":true,"valid":true,"fixedConnection":false,"hasParametersDeployed":true,"fixedConnectionDeployed":false,"isSchemaValidationEnabled":false,"tasks":1,"allowMaxFieldLength":false,"specialCharacterSupport":false,"references":[]}]