[{"@type":"mappingTemplate","id":"@1","name":"m_OSC_ODS_JobMonitoring_BatchLoads","description":"Mapping pushed from PC to ICS : m_OSC_ODS_JobMonitoring_BatchLoads","autoExpireObject":false,"bundleVersion":"0","assetFrsGuid":"aMjZx3dNp0vkESeB4gUwa5","templateId":"@2","deployTime":1752054173000,"hasParameters":true,"valid":true,"fixedConnection":false,"hasParametersDeployed":true,"fixedConnectionDeployed":false,"isSchemaValidationEnabled":false,"tasks":1,"allowMaxFieldLength":false,"specialCharacterSupport":false,"references":[]}]