[{"@type":"mtTask","id":"@1","name":"s_m_OSC_Load_Temp_Expiring_Contracts_Global","description":"Session pushed from PC to ICS : s_m_OSC_Load_Temp_Expiring_Contracts_Global","autoExpireObject":false,"runtimeEnvironmentId":"@4XHzTDjn3M2cETJn1ZRVcd","maxLogs":10,"verbose":false,"mappingId":"@247lObe7qB6eCDi6InU3kI","frsGuid":"jetmurVKpwGlAUvSfXtoEf","shortDescription":"Session pushed from PC to ICS : s_m_OSC_Load_Temp_...","sessionPropertiesList":[{"name":"Allow Temporary Sequence for Pushdown","value":"NO","recommended":false},{"name":"Allow Temporary View for Pushdown","value":"NO","recommended":false},{"name":"Custom Properties","value":"UseFixedWidthConfigMetadata=yes","recommended":false},{"name":"Data Column Delimiter","value":"|","recommended":false},{"name":"Error Log File Name","value":"PMError.log","recommended":false},{"name":"Pushdown Optimization","value":"None","recommended":false},{"name":"Session Log File directory","value":"D:\\CRM\\SessLogs\\","recommended":false}],"hidden":false,"enableCrossSchemaPushdown":false,"enableParallelRun":false,"autoTunedApplied":false,"autoTunedAppliedType":"NONE","parameterFileName":"","parameterFileDir":"","schemaMode":"async","valid":true,"schemaValidationErrorCount":-1,"serverlessProperties":{},"taskProperties":[{"@type":"taskProperty","name":"parameterFileDir","currentValue":"","type":"STRING","label":"label.parameterFileDir","required":false},{"@type":"taskProperty","name":"parameterFileName","currentValue":"","type":"STRING","label":"label.parameterFileName","required":false},{"@type":"taskProperty","name":"outboundMessageUrlQueueTime","currentValue":"","type":"NUMBER","label":"label.outboundMessageUrlQueueTime","required":false},{"@type":"taskProperty","name":"outboundMessageUrlToken","currentValue":"","type":"STRING","label":"label.outboundMessageUrlToken","required":false}],"optimizationPlan":"NONE","isMidstreamPreview":false,"allowMaxFieldLength":false,"specialCharacterSupport":true,"useUserDefinedOrder":false,"parameters":[{"@type":"mtTaskParameter","id":14492678,"name":"$SQ_T_OSC_ASSET_SVC_OPTY$","type":"SOURCE","label":"SQ_T_OSC_ASSET_SVC_OPTY","uiProperties":{"cnxtype":"Oracle","connectionParameterized":"true","paramName":"Target","paramLabel":"","paramType-mapping":"Connection","logcnx":"Target","isSelectDistinct":"false","objectParameterized":"false","visible":"false","isCustomQueryRetainMetaData":"true","flags":"SUPPORTS_MULTI_SCHEMA","originalPath":"SQ_T_OSC_ASSET_SVC_OPTY"},"sourceConnectionId":"@1WJdDPsrEsGgfVqMmD3JYu","sourceObject":"DUMMY_SQ_T_OSC_ASSET_SVC_OPTY","newFlatFile":false,"newObject":false,"showBusinessNames":true,"naturalOrder":true,"truncateTarget":false,"bulkApiDBTarget":false,"srcFFAttrs":{"@type":"flatFileAttrs","id":12247043,"delimiter":"|","textQualifier":"NONE","escapeChar":"","headerLineNo":1,"firstDataRow":2,"rowDelimiter":0,"consecutiveDelimiter":false,"multiDelimitersAsAnd":false,"firstDataRowAsHeader":false,"codePage":"","customRowDelimiter":"","headerAndDataDelimiter":0},"customFuncCfg":{"@type":"customFuncConfig","id":-1,"connections":[],"inputMap":[],"outputFields":[]},"targetRefsV2":{},"targetUpdateColumns":[],"fieldOrderList":[],"runtimeAttrs":{},"isRESTModernSource":true,"customQuery":"SELECT \r\na.assetid,\r\na.flnumber,\r\na.soldtoaccountcountry,\r\na.soldtoaccountpartyid,\r\na.businessline,\r\na.ibvendorname, \r\na.contractnumber, \r\na.contractstartdate,\r\na.contractenddate, \r\na.contractdescription, \r\na.contracttotalprice,\r\na.currencycode,\r\na.warrantyenddate,\r\na.enduseraccountid\r\nFROM\r\nosc.t_osc_asset_svc_opty a\r\nWHERE \r\n(instr(upper(a.contractdescription), 'DMLA') = 0 OR a.contractdescription is NULL) and a.soldtoaccountcountry in (select country_code from osc.t_osc_exp_cntry_map where active = 'Y') and\r\na.businessline in (select val from osc.t_osc_lst_of_val where type = 'AUTO_CREATE_SVC_BL' and active = 'Y')","commandType":0,"isFileList":false,"handleSpecialChars":false,"handleDecimalRoundOff":false,"frsAsset":false,"dynamicFileName":false,"excludeDynamicFileNameField":false,"currentlyProcessedFileName":false,"retainFieldMetadata":false,"objectName":"DUMMY_SQ_T_OSC_ASSET_SVC_OPTY","useExactSrcNames":false,"userUpdated":true,"fetchMode":"ORIGINAL","tgtObjectAttributes":{},"runtimeParameterData":{"@type":"mtTaskRuntimeParameterData","isConnectionRuntimeParameter":false,"isObjectRuntimeParameter":false},"overridableProperties":[],"overriddenFields":[]},{"@type":"mtTaskParameter","id":14492679,"name":"$T_OSC_TEMP_EXP_ASSET$","type":"TARGET","label":"T_OSC_TEMP_EXP_ASSET","uiProperties":{"cnxtype":"Oracle","connectionParameterized":"true","paramName":"Target","paramLabel":"","paramType-mapping":"Connection","logcnx":"Target","default":"T_OSC_TEMP_EXP_ASSET","objectParameterized":"false","visible":"false","flags":"SUPPORTS_MULTI_SCHEMA","defaultTargetUpdateColumns":"","supportApplyDDLChanges":"false","originalPath":"T_OSC_TEMP_EXP_ASSET"},"targetConnectionId":"@1WJdDPsrEsGgfVqMmD3JYu","targetObject":"T_OSC_TEMP_EXP_ASSET","targetObjectLabel":"T_OSC_TEMP_EXP_ASSET","newFlatFile":false,"newObject":false,"showBusinessNames":true,"naturalOrder":true,"truncateTarget":true,"bulkApiDBTarget":true,"operationType":"Insert","tgtFFAttrs":{"@type":"flatFileAttrs","id":12247044,"delimiter":"|","textQualifier":"NONE","escapeChar":"","headerLineNo":1,"rowDelimiter":0,"consecutiveDelimiter":false,"multiDelimitersAsAnd":false,"codePage":""},"customFuncCfg":{"@type":"customFuncConfig","id":-1,"connections":[],"inputMap":[],"outputFields":[]},"targetRefsV2":{},"targetUpdateColumns":[],"fieldOrderList":[],"extendedObject":{"@type":"extendedObject","singleMode":true,"filters":[],"sortFields":[]},"runtimeAttrs":{"INSERT":"YES"},"isRESTModernSource":true,"commandType":0,"isFileList":false,"handleSpecialChars":false,"handleDecimalRoundOff":false,"frsAsset":false,"dynamicFileName":false,"excludeDynamicFileNameField":false,"currentlyProcessedFileName":false,"retainFieldMetadata":false,"objectName":"T_OSC_TEMP_EXP_ASSET","objectLabel":"T_OSC_TEMP_EXP_ASSET","useExactSrcNames":false,"userUpdated":true,"fetchMode":"ORIGINAL","tgtObjectAttributes":{},"runtimeParameterData":{"@type":"mtTaskRuntimeParameterData","isConnectionRuntimeParameter":false,"isObjectRuntimeParameter":false},"overridableProperties":[],"overriddenFields":[]},{"@type":"mtTaskParameter","id":14492680,"name":"$LKP_T_OSC_ASSET_OPTY$","type":"LOOKUP","label":"LKP_T_OSC_ASSET_OPTY","uiProperties":{"cnxtype":"Oracle","connectionParameterized":"true","paramName":"Source","paramLabel":"","paramType-mapping":"Connection","logcnx":"Source","isCachedLookup":"true","multipleMatchPolicy":"Use Any Value","default":"T_OSC_ASSET_OPTY","objectParameterized":"false","visible":"false","flags":"SUPPORTS_MULTI_SCHEMA","originalPath":"LKP_T_OSC_ASSET_OPTY"},"lookupConnectionId":"@1WJdDPsrEsGgfVqMmD3JYu","lookupObject":"T_OSC_ASSET_OPTY","lookupObjectLabel":"","newFlatFile":false,"newObject":false,"showBusinessNames":true,"naturalOrder":true,"truncateTarget":false,"bulkApiDBTarget":false,"lkpFFAttrs":{"@type":"flatFileAttrs","id":12247045,"delimiter":"|","textQualifier":"NONE","escapeChar":"","headerLineNo":1,"firstDataRow":2,"rowDelimiter":0,"consecutiveDelimiter":false,"multiDelimitersAsAnd":false,"firstDataRowAsHeader":false,"codePage":"","customRowDelimiter":"","headerAndDataDelimiter":0},"customFuncCfg":{"@type":"customFuncConfig","id":-1,"connections":[],"inputMap":[],"outputFields":[]},"targetRefsV2":{},"targetUpdateColumns":[],"fieldOrderList":[],"runtimeAttrs":{"Lookup source is static":"false","Case Sensitive String Comparison":"false","Lookup Data Cache Size":"AUTO","Output Old Value On Update":"false","Lookup Source Filter":"","Pre-build lookup cache":"AUTO","Synchronize dynamic cache":"false","Null ordering":"Null Is Highest Value","Thousand Separator":"None","Cache File Name Prefix":"","Lookup Index Cache Size":"AUTO","Optional":"true","Lookup cache persistent":"false","Update Dynamic Cache Condition":"TRUE","Decimal Separator":".","Re-cache from lookup source":"false","Insert Else Update":"false","Lookup caching enabled":"true","Tracing Level":"Normal","Datetime Format":"","Subsecond Precision":"6","Sorted Input":"false","Lookup cache directory name":"$PMCacheDir","Dynamic Lookup Cache":"false"},"isRESTModernSource":true,"commandType":0,"isFileList":false,"handleSpecialChars":false,"handleDecimalRoundOff":false,"frsAsset":false,"dynamicFileName":false,"excludeDynamicFileNameField":false,"currentlyProcessedFileName":false,"retainFieldMetadata":false,"objectName":"T_OSC_ASSET_OPTY","objectLabel":"","useExactSrcNames":false,"userUpdated":true,"fetchMode":"ORIGINAL","tgtObjectAttributes":{},"runtimeParameterData":{"@type":"mtTaskRuntimeParameterData","isConnectionRuntimeParameter":false,"isObjectRuntimeParameter":false},"overridableProperties":[],"overriddenFields":[]},{"@type":"mtTaskParameter","id":14492681,"name":"$LKP_T_OSC_EXP_CNTRY_MAP$","type":"LOOKUP","label":"LKP_T_OSC_EXP_CNTRY_MAP","uiProperties":{"cnxtype":"Oracle","connectionParameterized":"true","paramName":"Source","paramLabel":"","paramType-mapping":"Connection","logcnx":"Source","isCachedLookup":"true","multipleMatchPolicy":"Use Any Value","objectParameterized":"false","visible":"false","flags":"SUPPORTS_MULTI_SCHEMA","originalPath":"LKP_T_OSC_EXP_CNTRY_MAP"},"lookupConnectionId":"@1WJdDPsrEsGgfVqMmD3JYu","lookupObject":"DUMMY_LKP_T_OSC_EXP_CNTRY_MAP","newFlatFile":false,"newObject":false,"showBusinessNames":true,"naturalOrder":true,"truncateTarget":false,"bulkApiDBTarget":false,"lkpFFAttrs":{"@type":"flatFileAttrs","id":12247046,"delimiter":"|","textQualifier":"NONE","escapeChar":"","headerLineNo":1,"firstDataRow":2,"rowDelimiter":0,"consecutiveDelimiter":false,"multiDelimitersAsAnd":false,"firstDataRowAsHeader":false,"codePage":"","customRowDelimiter":"","headerAndDataDelimiter":0},"customFuncCfg":{"@type":"customFuncConfig","id":-1,"connections":[],"inputMap":[],"outputFields":[]},"targetRefsV2":{},"targetUpdateColumns":[],"fieldOrderList":[],"runtimeAttrs":{"Lookup source is static":"false","Case Sensitive String Comparison":"false","Lookup Data Cache Size":"AUTO","Output Old Value On Update":"false","Lookup Source Filter":"","Pre-build lookup cache":"AUTO","Synchronize dynamic cache":"false","Null ordering":"Null Is Highest Value","Thousand Separator":"None","Cache File Name Prefix":"","Lookup Index Cache Size":"AUTO","Optional":"true","Lookup cache persistent":"false","Update Dynamic Cache Condition":"TRUE","Decimal Separator":".","Re-cache from lookup source":"false","Insert Else Update":"false","Lookup caching enabled":"true","Tracing Level":"Normal","Datetime Format":"","Subsecond Precision":"6","Sorted Input":"false","Lookup cache directory name":"$PMCacheDir","Dynamic Lookup Cache":"false"},"isRESTModernSource":true,"customQuery":"SELECT \r\nEXP_DAYS_GE_12 as EXP_DAYS_GE_12,\r\nEXP_DAYS_LE_12 as EXP_DAYS_LE_12, \r\nDFLT_SSE_GID as DFLT_SSE_GID,\r\nUSE_DFLT_SSE_FLG as USE_DFLT_SSE_FLG,\r\nCOUNTRY_CODE as COUNTRY_CODE\r\nFROM \r\nOSC.T_OSC_EXP_CNTRY_MAP\r\nWHERE\r\nACTIVE = 'Y'\r\n--","commandType":0,"isFileList":false,"handleSpecialChars":false,"handleDecimalRoundOff":false,"frsAsset":false,"dynamicFileName":false,"excludeDynamicFileNameField":false,"currentlyProcessedFileName":false,"retainFieldMetadata":false,"objectName":"DUMMY_LKP_T_OSC_EXP_CNTRY_MAP","useExactSrcNames":false,"userUpdated":true,"fetchMode":"ORIGINAL","tgtObjectAttributes":{},"runtimeParameterData":{"@type":"mtTaskRuntimeParameterData","isConnectionRuntimeParameter":false,"isObjectRuntimeParameter":false},"overridableProperties":[],"overriddenFields":[]},{"@type":"mtTaskParameter","id":14492682,"name":"$LKP_T_OSC_ORG$","type":"LOOKUP","label":"LKP_T_OSC_ORG","uiProperties":{"cnxtype":"Oracle","connectionParameterized":"true","paramName":"Source","paramLabel":"","paramType-mapping":"Connection","logcnx":"Source","isCachedLookup":"true","multipleMatchPolicy":"Use Any Value","objectParameterized":"false","visible":"false","flags":"SUPPORTS_MULTI_SCHEMA","originalPath":"LKP_T_OSC_ORG"},"lookupConnectionId":"@1WJdDPsrEsGgfVqMmD3JYu","lookupObject":"DUMMY_LKP_T_OSC_ORG","newFlatFile":false,"newObject":false,"showBusinessNames":true,"naturalOrder":true,"truncateTarget":false,"bulkApiDBTarget":false,"lkpFFAttrs":{"@type":"flatFileAttrs","id":12247047,"delimiter":"|","textQualifier":"NONE","escapeChar":"","headerLineNo":1,"firstDataRow":2,"rowDelimiter":0,"consecutiveDelimiter":false,"multiDelimitersAsAnd":false,"firstDataRowAsHeader":false,"codePage":"","customRowDelimiter":"","headerAndDataDelimiter":0},"customFuncCfg":{"@type":"customFuncConfig","id":-1,"connections":[],"inputMap":[],"outputFields":[]},"targetRefsV2":{},"targetUpdateColumns":[],"fieldOrderList":[],"runtimeAttrs":{"Lookup source is static":"false","Case Sensitive String Comparison":"false","Lookup Data Cache Size":"AUTO","Output Old Value On Update":"false","Lookup Source Filter":"","Pre-build lookup cache":"AUTO","Synchronize dynamic cache":"false","Null ordering":"Null Is Highest Value","Thousand Separator":"None","Cache File Name Prefix":"","Lookup Index Cache Size":"AUTO","Optional":"true","Lookup cache persistent":"false","Update Dynamic Cache Condition":"TRUE","Decimal Separator":".","Re-cache from lookup source":"false","Insert Else Update":"false","Lookup caching enabled":"true","Tracing Level":"Normal","Datetime Format":"","Subsecond Precision":"6","Sorted Input":"false","Lookup cache directory name":"$PMCacheDir","Dynamic Lookup Cache":"false"},"isRESTModernSource":true,"customQuery":"SELECT \r\nOSCREGISTRYID as OSCREGISTRYID, \r\nPARTYID as PARTYID \r\nFROM OSC.T_OSC_ORG\r\nWHERE BLOCKINGSTATUS = 'Verified and Active'\r\n--","commandType":0,"isFileList":false,"handleSpecialChars":false,"handleDecimalRoundOff":false,"frsAsset":false,"dynamicFileName":false,"excludeDynamicFileNameField":false,"currentlyProcessedFileName":false,"retainFieldMetadata":false,"objectName":"DUMMY_LKP_T_OSC_ORG","useExactSrcNames":false,"userUpdated":true,"fetchMode":"ORIGINAL","tgtObjectAttributes":{},"runtimeParameterData":{"@type":"mtTaskRuntimeParameterData","isConnectionRuntimeParameter":false,"isObjectRuntimeParameter":false},"overridableProperties":[],"overriddenFields":[]},{"@type":"mtTaskParameter","id":14492683,"name":"$LKP_T_OSC_RESOURCE$","type":"LOOKUP","label":"LKP_T_OSC_RESOURCE","uiProperties":{"cnxtype":"Oracle","connectionParameterized":"true","paramName":"Source","paramLabel":"","paramType-mapping":"Connection","logcnx":"Source","isCachedLookup":"true","multipleMatchPolicy":"Use Any Value","objectParameterized":"false","visible":"false","flags":"SUPPORTS_MULTI_SCHEMA","originalPath":"LKP_T_OSC_RESOURCE"},"lookupConnectionId":"@1WJdDPsrEsGgfVqMmD3JYu","lookupObject":"DUMMY_LKP_T_OSC_RESOURCE","newFlatFile":false,"newObject":false,"showBusinessNames":true,"naturalOrder":true,"truncateTarget":false,"bulkApiDBTarget":false,"lkpFFAttrs":{"@type":"flatFileAttrs","id":12247048,"delimiter":"|","textQualifier":"NONE","escapeChar":"","headerLineNo":1,"firstDataRow":2,"rowDelimiter":0,"consecutiveDelimiter":false,"multiDelimitersAsAnd":false,"firstDataRowAsHeader":false,"codePage":"","customRowDelimiter":"","headerAndDataDelimiter":0},"customFuncCfg":{"@type":"customFuncConfig","id":-1,"connections":[],"inputMap":[],"outputFields":[]},"targetRefsV2":{},"targetUpdateColumns":[],"fieldOrderList":[],"runtimeAttrs":{"Lookup source is static":"false","Case Sensitive String Comparison":"false","Lookup Data Cache Size":"AUTO","Output Old Value On Update":"false","Lookup Source Filter":"","Pre-build lookup cache":"AUTO","Synchronize dynamic cache":"false","Null ordering":"Null Is Highest Value","Thousand Separator":"None","Cache File Name Prefix":"","Lookup Index Cache Size":"AUTO","Optional":"true","Lookup cache persistent":"false","Update Dynamic Cache Condition":"TRUE","Decimal Separator":".","Re-cache from lookup source":"false","Insert Else Update":"false","Lookup caching enabled":"true","Tracing Level":"Normal","Datetime Format":"","Subsecond Precision":"6","Sorted Input":"false","Lookup cache directory name":"$PMCacheDir","Dynamic Lookup Cache":"false"},"isRESTModernSource":true,"customQuery":"SELECT \r\nPARTYID as PARTYID, \r\nPARTYNUMBER as PARTYNUMBER, \r\nUSERNAME as USERNAME \r\nFROM OSC.T_OSC_RESOURCE\r\nWHERE STATUS = 'Active'\r\n--","commandType":0,"isFileList":false,"handleSpecialChars":false,"handleDecimalRoundOff":false,"frsAsset":false,"dynamicFileName":false,"excludeDynamicFileNameField":false,"currentlyProcessedFileName":false,"retainFieldMetadata":false,"objectName":"DUMMY_LKP_T_OSC_RESOURCE","useExactSrcNames":false,"userUpdated":true,"fetchMode":"ORIGINAL","tgtObjectAttributes":{},"runtimeParameterData":{"@type":"mtTaskRuntimeParameterData","isConnectionRuntimeParameter":false,"isObjectRuntimeParameter":false},"overridableProperties":[],"overriddenFields":[]}],"sequences":[],"inOutParameters":[],"connRuntimeAttrs":[]}]