[{"@type":"mappingTemplate","id":"@1","name":"ARCHIVE_m_OSC_SiebelToOSC_Opportunity","description":"Mapping pushed from PC to ICS : ARCHIVE_m_OSC_SiebelToOSC_Opportunity","autoExpireObject":false,"bundleVersion":"0","assetFrsGuid":"6PTuFBlznc8jFPl6Z1JGs4","templateId":"@2","deployTime":1752054462000,"hasParameters":true,"valid":true,"fixedConnection":false,"hasParametersDeployed":true,"fixedConnectionDeployed":false,"isSchemaValidationEnabled":false,"tasks":1,"allowMaxFieldLength":false,"specialCharacterSupport":false,"references":[]}]