[{"@type":"mappingTemplate","id":"@1","name":"ARCHIVE_m_OSC_OSCToSiebel_OptyTableCleanUp","description":"Mapping pushed from PC to ICS : ARCHIVE_m_OSC_OSCToSiebel_OptyTableCleanUp","autoExpireObject":false,"bundleVersion":"0","assetFrsGuid":"gnFOyzrWKcZkv5fWiBe8In","templateId":"@2","deployTime":1752054687000,"hasParameters":true,"valid":true,"fixedConnection":false,"hasParametersDeployed":true,"fixedConnectionDeployed":false,"isSchemaValidationEnabled":false,"tasks":1,"allowMaxFieldLength":false,"specialCharacterSupport":false,"references":[]}]