[{"@type":"mappingTemplate","id":"@1","name":"m_OSC_Create_Opty_AutoCreateWSProcessed","description":"Mapping pushed from PC to ICS : m_OSC_Create_Opty_AutoCreateWSProcessed","autoExpireObject":false,"bundleVersion":"0","assetFrsGuid":"5J0rTNKKjYvgXa61moTCuS","templateId":"@2","deployTime":1752054365000,"hasParameters":true,"valid":true,"fixedConnection":false,"hasParametersDeployed":true,"fixedConnectionDeployed":false,"isSchemaValidationEnabled":false,"tasks":2,"allowMaxFieldLength":false,"specialCharacterSupport":false,"references":[]}]