[{"@type":"mtTask","id":"@1","name":"s_m_OSC_TM_TerritoryToAccountUpdateLegacyPositionLead","description":"Session pushed from PC to ICS : s_m_OSC_TM_TerritoryToAccountUpdateLegacyPositionLead","autoExpireObject":false,"runtimeEnvironmentId":"@4egFi0KUPZQeOh3ExBpF65","maxLogs":10,"verbose":false,"mappingId":"@9pkEjvNDNBFcZm5OtFiiqs","frsGuid":"h8acoZ1ogOAfU0YMWhrawm","shortDescription":"Session pushed from PC to ICS : s_m_OSC_TM_Territo...","sessionPropertiesList":[{"name":"Allow Temporary Sequence for Pushdown","value":"NO","recommended":false},{"name":"Allow Temporary View for Pushdown","value":"NO","recommended":false},{"name":"Data Column Delimiter","value":"|","recommended":false},{"name":"Error Log File Name","value":"PMError.log","recommended":false},{"name":"Pushdown Optimization","value":"None","recommended":false},{"name":"Session Log File directory","value":"D:\\CRM\\SessLogs\\","recommended":false},{"name":"Session Log File Name","value":"s_m_OSC_TM_TerritoryToAccountUpdateLegacyPositionLead_$$runId$$.log","recommended":false},{"name":"Treat source rows as","value":"Insert","recommended":false}],"hidden":false,"enableCrossSchemaPushdown":false,"enableParallelRun":false,"autoTunedApplied":false,"autoTunedAppliedType":"NONE","schemaMode":"async","valid":true,"schemaValidationErrorCount":-1,"serverlessProperties":{},"taskProperties":[{"@type":"taskProperty","name":"parameterFileDir","currentValue":"","type":"STRING","label":"label.parameterFileDir","required":false},{"@type":"taskProperty","name":"parameterFileName","currentValue":"","type":"STRING","label":"label.parameterFileName","required":false},{"@type":"taskProperty","name":"outboundMessageUrlQueueTime","currentValue":"","type":"NUMBER","label":"label.outboundMessageUrlQueueTime","required":false},{"@type":"taskProperty","name":"outboundMessageUrlToken","currentValue":"","type":"STRING","label":"label.outboundMessageUrlToken","required":false}],"optimizationPlan":"NONE","isMidstreamPreview":false,"allowMaxFieldLength":false,"specialCharacterSupport":true,"useUserDefinedOrder":false,"parameters":[{"@type":"mtTaskParameter","id":14584820,"name":"$SQ_T_OSC_RESOURCE$","type":"EXTENDED_SOURCE","label":"SQ_T_OSC_RESOURCE","uiProperties":{"cnxtype":"Oracle","connectionParameterized":"true","paramName":"SQ_T_OSC_RESOURCESrcParameter","paramLabel":"","paramType-mapping":"Connection","logcnx":"SQ_T_OSC_RESOURCESrcParameter","isSelectDistinct":"false","isMsrcFilterParameterized":"true","isMsrcSortParameterized":"false","msrcFilterDefault":"T_OSC_LEAD_RESOURCE.LEGACYPOSITIONNAME != T_OSC_RESOURCE.LEGACYPOSITIONNAME\r\nAND\r\nT_OSC_RESOURCE.LASTUPDATEDATE > TO_DATE($$PROCESSED_DATE, 'YYYY/MM/DD HH24:MI:SS')","msrcFilterParamDesc":"","isFFRetainMetaData":"true","objectParameterized":"false","isCustomQueryRetainMetaData":"true","flags":"SUPPORTS_MULTI_SCHEMA","originalPath":"SQ_T_OSC_RESOURCE"},"sourceConnectionId":"@1WJdDPsrEsGgfVqMmD3JYu","newFlatFile":false,"newObject":false,"showBusinessNames":true,"naturalOrder":true,"truncateTarget":false,"bulkApiDBTarget":false,"srcFFAttrs":{"@type":"flatFileAttrs","id":12316564,"delimiter":"|","textQualifier":"NONE","escapeChar":"","headerLineNo":1,"firstDataRow":2,"rowDelimiter":0,"consecutiveDelimiter":false,"multiDelimitersAsAnd":false,"firstDataRowAsHeader":false,"codePage":"","customRowDelimiter":"","headerAndDataDelimiter":0},"customFuncCfg":{"@type":"customFuncConfig","id":-1,"connections":[],"inputMap":[],"outputFields":[]},"targetRefsV2":{},"targetUpdateColumns":[],"fieldOrderList":[],"extendedObject":{"@type":"extendedObject","object":{"@type":"mObject","name":"T_OSC_RESOURCE","label":"T_OSC_RESOURCE","metadataUpdated":false,"dbSchema":"","relations":[],"children":[]},"userDefinedJoin":"T_OSC_LEAD_RESOURCE.RESOURCEID = T_OSC_RESOURCE.PARTYID","advancedFilterExpression":"T_OSC_LEAD_RESOURCE.LEGACYPOSITIONNAME != T_OSC_RESOURCE.LEGACYPOSITIONNAME\r\nAND\r\nT_OSC_RESOURCE.LASTUPDATEDATE > TO_DATE($$PROCESSED_DATE, 'YYYY/MM/DD HH24:MI:SS')","singleMode":false,"objects":[{"@type":"mObject","name":"T_OSC_RESOURCE","label":"T_OSC_RESOURCE","metadataUpdated":false,"dbSchema":"","relations":[],"children":[]},{"@type":"mObject","name":"T_OSC_LEAD_RESOURCE","label":"T_OSC_LEAD_RESOURCE","metadataUpdated":false,"dbSchema":"","relations":[],"children":[]}],"filters":[],"sortFields":[]},"runtimeAttrs":{},"isRESTModernSource":true,"commandType":0,"isFileList":false,"handleSpecialChars":false,"handleDecimalRoundOff":false,"frsAsset":false,"dynamicFileName":false,"excludeDynamicFileNameField":false,"currentlyProcessedFileName":false,"retainFieldMetadata":false,"useExactSrcNames":false,"userUpdated":true,"fetchMode":"ORIGINAL","tgtObjectAttributes":{},"runtimeParameterData":{"@type":"mtTaskRuntimeParameterData","isConnectionRuntimeParameter":false,"isObjectRuntimeParameter":false},"overridableProperties":[],"overriddenFields":[]},{"@type":"mtTaskParameter","id":14584821,"name":"$ff_tgt_osc_tm_leadteam$","type":"TARGET","label":"ff_tgt_osc_tm_leadteam","uiProperties":{"cnxtype":"CSVFile","connectionParameterized":"true","paramName":"ff_tgt_osc_tm_leadteamTgtParameter","paramLabel":"","paramType-mapping":"Connection","logcnx":"ff_tgt_osc_tm_leadteamTgtParameter","default":"TMAddToSalesTeam-Leads.csv","objectParameterized":"false","visible":"false","defaultTargetUpdateColumns":"","supportApplyDDLChanges":"false","originalPath":"ff_tgt_osc_tm_leadteam"},"targetConnectionId":"@3b5fUeogNFDgfN22G4mky2","targetObject":"TMAddToSalesTeam-Leads.csv","targetObjectLabel":"TMAddToSalesTeam-Leads.csv","newFlatFile":false,"newObject":true,"showBusinessNames":true,"naturalOrder":true,"newObjectName":"TMAddToSalesTeam-Leads.csv","truncateTarget":false,"bulkApiDBTarget":false,"operationType":"Insert","tgtFFAttrs":{"@type":"flatFileAttrs","id":12316565,"delimiter":",","textQualifier":"NONE","escapeChar":"","headerLineNo":1,"rowDelimiter":0,"consecutiveDelimiter":false,"multiDelimitersAsAnd":false,"codePage":""},"customFuncCfg":{"@type":"customFuncConfig","id":-1,"connections":[],"inputMap":[],"outputFields":[]},"targetRefsV2":{},"targetUpdateColumns":[],"fieldOrderList":[],"extendedObject":{"@type":"extendedObject","object":{"@type":"mObject","name":"TMAddToSalesTeam-Leads.csv","label":"TMAddToSalesTeam-Leads.csv","metadataUpdated":false,"relations":[],"children":[]},"singleMode":true,"objects":[{"@type":"mObject","name":"TMAddToSalesTeam-Leads.csv","label":"TMAddToSalesTeam-Leads.csv","metadataUpdated":false,"relations":[],"children":[]}],"filters":[],"sortFields":[]},"runtimeAttrs":{},"isRESTModernSource":true,"commandType":0,"isFileList":false,"handleSpecialChars":false,"handleDecimalRoundOff":false,"frsAsset":false,"dynamicFileName":false,"excludeDynamicFileNameField":false,"currentlyProcessedFileName":false,"retainFieldMetadata":false,"objectName":"TMAddToSalesTeam-Leads.csv","objectLabel":"TMAddToSalesTeam-Leads.csv","useExactSrcNames":false,"userUpdated":true,"fetchMode":"ORIGINAL","tgtObjectAttributes":{},"runtimeParameterData":{"@type":"mtTaskRuntimeParameterData","isConnectionRuntimeParameter":false,"isObjectRuntimeParameter":false},"overridableProperties":[],"overriddenFields":[]}],"sequences":[],"inOutParameters":[{"@type":"mtTaskInOutParameter","id":"-1","name":"PROCESSED_DATE","description":"","initialValue":"'2022-02-28 12:00:00'","datatype":"STRING","precision":"29","scale":"0","retentionPolicy":"ON_SUCCESS_OR_WARNING","aggregationType":"MAX","currentValue":"'2022-02-28 12:00:00'"}],"connRuntimeAttrs":[]}]