[{"@type":"mappingTemplate","id":"@1","name":"m_OSC_UpdateAccountInternationalDetails","description":"Mapping pushed from PC to ICS : m_OSC_UpdateAccountInternationalDetails","autoExpireObject":false,"bundleVersion":"0","assetFrsGuid":"6RLXNG0QCnabdRRFX58tgM","templateId":"@2","deployTime":1752054647000,"hasParameters":true,"valid":true,"fixedConnection":false,"hasParametersDeployed":true,"fixedConnectionDeployed":false,"isSchemaValidationEnabled":false,"tasks":1,"allowMaxFieldLength":false,"specialCharacterSupport":false,"references":[]}]