[{"@type":"mappingTemplate","id":"@1","name":"m_OSC_UpdateProjectFunnelValue","description":"Mapping pushed from PC to ICS : m_OSC_UpdateProjectFunnelValue","autoExpireObject":false,"bundleVersion":"0","assetFrsGuid":"3h2ffSy1rjIdIiZeNY2X4w","templateId":"@2","deployTime":1752054426000,"hasParameters":true,"valid":true,"fixedConnection":false,"hasParametersDeployed":true,"fixedConnectionDeployed":false,"isSchemaValidationEnabled":false,"tasks":1,"allowMaxFieldLength":false,"specialCharacterSupport":false,"references":[]}]