[{"@type":"mappingTemplate","id":"@1","name":"m_OSC_UpdateLeadOwnerSpecificUser","description":"Mapping pushed from PC to ICS : m_OSC_UpdateLeadOwnerSpecificUser","autoExpireObject":false,"bundleVersion":"0","assetFrsGuid":"lWrdlSurtMMierqiLug4mx","templateId":"@2","deployTime":1752054431000,"hasParameters":true,"valid":true,"fixedConnection":false,"hasParametersDeployed":true,"fixedConnectionDeployed":false,"isSchemaValidationEnabled":false,"tasks":1,"allowMaxFieldLength":false,"specialCharacterSupport":false,"references":[]}]