[{"@type":"mappingTemplate","id":"@1","name":"ARCHIVE_m_OSC_OSCToSiebel_AssignmentDivision","description":"Mapping pushed from PC to ICS : ARCHIVE_m_OSC_OSCToSiebel_AssignmentDivision","autoExpireObject":false,"bundleVersion":"0","assetFrsGuid":"5g72ZGMovMTe9LUCxLgzy9","templateId":"@2","deployTime":1752054360000,"hasParameters":true,"valid":true,"fixedConnection":false,"hasParametersDeployed":true,"fixedConnectionDeployed":false,"isSchemaValidationEnabled":false,"tasks":1,"allowMaxFieldLength":false,"specialCharacterSupport":false,"references":[]}]