[{"@type":"mappingTemplate","id":"@1","name":"ARCHIVE_m_OSC_ABP_TerritoryToAccountTeamDelete","description":"Mapping pushed from PC to ICS : ARCHIVE_m_OSC_ABP_TerritoryToAccountTeamDelete","autoExpireObject":false,"bundleVersion":"0","assetFrsGuid":"5fOI0jdaTKXjLAB8dHMdaI","templateId":"@2","deployTime":1752054659000,"hasParameters":true,"valid":true,"fixedConnection":false,"hasParametersDeployed":true,"fixedConnectionDeployed":false,"isSchemaValidationEnabled":false,"tasks":1,"allowMaxFieldLength":false,"specialCharacterSupport":false,"references":[]}]