[{"@type":"mtTask","id":"@1","name":"s_m_OSC_UpdateOpportunityOwner","description":"Session pushed from PC to ICS : s_m_OSC_UpdateOpportunityOwner","autoExpireObject":false,"runtimeEnvironmentId":"@4XHzTDjn3M2cETJn1ZRVcd","maxLogs":10,"verbose":false,"mappingId":"@0woygjzP7gsgrNYnlQbJWU","frsGuid":"3ZMa0aaW8AflHX96fuEfko","shortDescription":"Session pushed from PC to ICS : s_m_OSC_UpdateOppo...","sessionPropertiesList":[{"name":"Allow Temporary Sequence for Pushdown","value":"NO","recommended":false},{"name":"Allow Temporary View for Pushdown","value":"NO","recommended":false},{"name":"Custom Properties","value":"UseFixedWidthConfigMetadata=yes","recommended":false},{"name":"Data Column Delimiter","value":"|","recommended":false},{"name":"Error Log File Name","value":"PMError.log","recommended":false},{"name":"Pushdown Optimization","value":"None","recommended":false},{"name":"Session Log File directory","value":"D:\\CRM\\SessLogs\\","recommended":false}],"hidden":false,"enableCrossSchemaPushdown":false,"enableParallelRun":false,"autoTunedApplied":false,"autoTunedAppliedType":"NONE","parameterFileName":"","parameterFileDir":"","schemaMode":"async","valid":true,"schemaValidationErrorCount":-1,"serverlessProperties":{},"taskProperties":[{"@type":"taskProperty","name":"parameterFileDir","currentValue":"","type":"STRING","label":"label.parameterFileDir","required":false},{"@type":"taskProperty","name":"parameterFileName","currentValue":"","type":"STRING","label":"label.parameterFileName","required":false},{"@type":"taskProperty","name":"outboundMessageUrlQueueTime","currentValue":"","type":"NUMBER","label":"label.outboundMessageUrlQueueTime","required":false},{"@type":"taskProperty","name":"outboundMessageUrlToken","currentValue":"","type":"STRING","label":"label.outboundMessageUrlToken","required":false}],"optimizationPlan":"NONE","isMidstreamPreview":false,"allowMaxFieldLength":false,"specialCharacterSupport":true,"useUserDefinedOrder":false,"parameters":[{"@type":"mtTaskParameter","id":14492924,"name":"$SQ_T_OSC_OPTY_IDN$","type":"SOURCE","label":"SQ_T_OSC_OPTY_IDN","uiProperties":{"cnxtype":"Oracle","connectionParameterized":"true","paramName":"SQ_T_OSC_OPTY_IDNSrcParameter","paramLabel":"","paramType-mapping":"Connection","logcnx":"SQ_T_OSC_OPTY_IDNSrcParameter","isSelectDistinct":"false","objectParameterized":"false","visible":"false","isCustomQueryRetainMetaData":"true","flags":"SUPPORTS_MULTI_SCHEMA","originalPath":"SQ_T_OSC_OPTY_IDN"},"sourceConnectionId":"@1WJdDPsrEsGgfVqMmD3JYu","sourceObject":"DUMMY_SQ_T_OSC_OPTY_IDN","newFlatFile":false,"newObject":false,"showBusinessNames":true,"naturalOrder":true,"truncateTarget":false,"bulkApiDBTarget":false,"srcFFAttrs":{"@type":"flatFileAttrs","id":12247266,"delimiter":"|","textQualifier":"NONE","escapeChar":"","headerLineNo":1,"firstDataRow":2,"rowDelimiter":0,"consecutiveDelimiter":false,"multiDelimitersAsAnd":false,"firstDataRowAsHeader":false,"codePage":"","customRowDelimiter":"","headerAndDataDelimiter":0},"customFuncCfg":{"@type":"customFuncConfig","id":-1,"connections":[],"inputMap":[],"outputFields":[]},"targetRefsV2":{},"targetUpdateColumns":[],"fieldOrderList":[],"runtimeAttrs":{},"isRESTModernSource":true,"customQuery":"SELECT \r\na.opportunitynumber OptyNumber, \r\nc.partyid OwnerResourcePartyId\r\nFROM\r\nosc.t_osc_opty_idn a, \r\nosc.t_osc_org b, \r\nosc.t_osc_resource c, \r\nosc.t_osc_resource d\r\nWHERE\r\na.opportunitytype = 'InVivo' and \r\nb.primaryinvivorepid = c.resourceprofileid and\r\na.owner != c.partyid and \r\na.accountid = b.partyid and \r\nb.primaryinvivorepid is not null and \r\na.owner = d.partyid and \r\nb.countrycode in ('DE','MY') and \r\na.accountcountry in ('DE','MY') and\r\n(c.status = 'Active' or c.status is null)\r\nUNION\r\nSELECT \r\na.opportunitynumber OptyNumber, \r\nc.partyid OwnerResourcePartyId\r\nFROM \r\nosc.t_osc_opty_idn a, \r\nosc.t_osc_org b, \r\nosc.t_osc_resource d, \r\nosc.t_osc_resource c\r\nWHERE \r\na.opportunitytype = 'InVivo' and \r\na.createdby = c.username and\r\na.accountid = b.partyid and \r\nb.primaryinvivorepid is null and \r\na.owner = d.partyid and \r\nd.username != c.username and \r\nc.username != 'osc.integrations' and \r\nb.countrycode in ('DE') and \r\na.accountcountry in ('DE') and\r\n(c.status = 'Active' or c.status is null)","commandType":0,"isFileList":false,"handleSpecialChars":false,"handleDecimalRoundOff":false,"frsAsset":false,"dynamicFileName":false,"excludeDynamicFileNameField":false,"currentlyProcessedFileName":false,"retainFieldMetadata":false,"objectName":"DUMMY_SQ_T_OSC_OPTY_IDN","useExactSrcNames":false,"userUpdated":true,"fetchMode":"ORIGINAL","tgtObjectAttributes":{},"runtimeParameterData":{"@type":"mtTaskRuntimeParameterData","isConnectionRuntimeParameter":false,"isObjectRuntimeParameter":false},"overridableProperties":[],"overriddenFields":[]},{"@type":"mtTaskParameter","id":14492925,"name":"$ff_tgt_osc_opty_ownerupdate$","type":"TARGET","label":"ff_tgt_osc_opty_ownerupdate","uiProperties":{"cnxtype":"CSVFile","connectionParameterized":"true","paramName":"ff_tgt_osc_opty_ownerupdateTgtParameter","paramLabel":"","paramType-mapping":"Connection","logcnx":"ff_tgt_osc_opty_ownerupdateTgtParameter","default":"DEOptyOwnerUpdate-Opportunities.csv","objectParameterized":"false","visible":"false","defaultTargetUpdateColumns":"","supportApplyDDLChanges":"false","originalPath":"ff_tgt_osc_opty_ownerupdate"},"targetConnectionId":"@3mmYdjS0UHulG5fd91NWqT","targetObject":"DEOptyOwnerUpdate-Opportunities.csv","targetObjectLabel":"DEOptyOwnerUpdate-Opportunities.csv","newFlatFile":false,"newObject":true,"showBusinessNames":true,"naturalOrder":true,"newObjectName":"DEOptyOwnerUpdate-Opportunities.csv","truncateTarget":false,"bulkApiDBTarget":false,"operationType":"Insert","tgtFFAttrs":{"@type":"flatFileAttrs","id":12247267,"delimiter":",","textQualifier":"NONE","escapeChar":"","headerLineNo":1,"rowDelimiter":0,"consecutiveDelimiter":false,"multiDelimitersAsAnd":false,"codePage":""},"customFuncCfg":{"@type":"customFuncConfig","id":-1,"connections":[],"inputMap":[],"outputFields":[]},"targetRefsV2":{},"targetUpdateColumns":[],"fieldOrderList":[],"extendedObject":{"@type":"extendedObject","object":{"@type":"mObject","name":"DEOptyOwnerUpdate-Opportunities.csv","label":"DEOptyOwnerUpdate-Opportunities.csv","metadataUpdated":false,"relations":[],"children":[]},"singleMode":true,"objects":[{"@type":"mObject","name":"DEOptyOwnerUpdate-Opportunities.csv","label":"DEOptyOwnerUpdate-Opportunities.csv","metadataUpdated":false,"relations":[],"children":[]}],"filters":[],"sortFields":[]},"runtimeAttrs":{},"isRESTModernSource":true,"commandType":0,"isFileList":false,"handleSpecialChars":false,"handleDecimalRoundOff":false,"frsAsset":false,"dynamicFileName":false,"excludeDynamicFileNameField":false,"currentlyProcessedFileName":false,"retainFieldMetadata":false,"objectName":"DEOptyOwnerUpdate-Opportunities.csv","objectLabel":"DEOptyOwnerUpdate-Opportunities.csv","useExactSrcNames":false,"userUpdated":true,"fetchMode":"ORIGINAL","tgtObjectAttributes":{},"runtimeParameterData":{"@type":"mtTaskRuntimeParameterData","isConnectionRuntimeParameter":false,"isObjectRuntimeParameter":false},"overridableProperties":[],"overriddenFields":[]}],"sequences":[],"inOutParameters":[],"connRuntimeAttrs":[]}]