[{"@type":"mappingTemplate","id":"@1","name":"m_OSC_UpdateOpportunityResourceRule","description":"Mapping pushed from PC to ICS : m_OSC_UpdateOpportunityResourceRule","autoExpireObject":false,"bundleVersion":"0","assetFrsGuid":"1fbdfFpwbaHjcHzTO0GLEK","templateId":"@2","deployTime":1752054692000,"hasParameters":true,"valid":true,"fixedConnection":false,"hasParametersDeployed":true,"fixedConnectionDeployed":false,"isSchemaValidationEnabled":false,"tasks":1,"allowMaxFieldLength":false,"specialCharacterSupport":false,"references":[]}]